850.708,650.926,0.896668,806.694,668.491,0.981826,783.336,653.89,0.89008,768.48,698.132,0.851592,800.872,727.536,0.814854,827.241,671.682,0.946203,809.784,721.643,0.838974,824.391,765.677,0.918173,762.676,748.127,0.82913,753.819,742.361,0.869869,736.105,809.955,0.948962,724.292,868.798,0.808308,780.325,756.857,0.857435,777.268,815.787,0.871339,759.711,877.627,0.886222,847.922,645.147,0.891728,850.957,647.985,0.367659,830.25,639.135,0.886997,0,0,0,768.511,886.422,0.699945,777.254,883.512,0.728499,756.723,880.529,0.837412,730.236,883.395,0.779306,718.433,880.563,0.758167,724.301,877.608,0.737662
850.715,648.197,0.899663,806.687,668.478,0.981115,783.326,653.873,0.893224,768.477,698.128,0.851832,800.891,727.538,0.825688,827.239,671.662,0.950199,812.582,721.643,0.836807,824.408,765.668,0.922562,762.676,750.98,0.82804,753.811,745.116,0.86646,736.061,809.986,0.958533,721.38,871.723,0.807821,780.331,756.901,0.863786,777.257,815.843,0.861877,759.706,880.385,0.894955,847.928,645.122,0.891585,850.952,647.958,0.352547,830.265,636.28,0.882618,0,0,0,771.423,886.487,0.687719,777.299,883.54,0.72633,756.698,880.563,0.837284,733.017,883.469,0.759739,718.442,880.629,0.731685,721.383,880.375,0.731239
850.729,648.17,0.908089,806.676,668.465,0.97798,783.319,653.859,0.89496,768.506,698.122,0.849468,800.911,727.537,0.835317,827.235,671.639,0.952665,812.662,721.588,0.83747,824.411,765.633,0.917502,762.654,748.113,0.838226,753.789,742.349,0.868829,736.036,809.963,0.96452,718.498,874.572,0.810274,780.314,756.843,0.861065,777.219,815.822,0.857275,759.671,880.392,0.904605,847.944,645.102,0.89439,850.961,647.942,0.334103,830.289,636.259,0.880583,0,0,0,774.304,886.495,0.686728,777.306,883.521,0.733733,756.654,880.581,0.834483,733.069,883.494,0.769588,718.464,883.373,0.72611,718.475,880.402,0.732312
850.74,648.2,0.901243,806.662,668.459,0.976971,783.292,653.852,0.900248,768.505,698.099,0.847914,800.874,727.483,0.82208,827.241,671.638,0.953543,812.685,721.537,0.840006,824.414,762.93,0.922207,762.65,745.225,0.852358,753.773,742.271,0.879362,736.053,809.894,0.962008,721.333,871.689,0.810767,780.305,751.053,0.859753,777.202,813.005,0.86941,759.634,880.365,0.901974,847.959,645.129,0.895454,850.951,647.966,0.256295,830.312,636.276,0.88172,0,0,0,771.423,886.444,0.689734,777.253,883.499,0.736666,756.632,880.567,0.828452,733.097,883.484,0.799597,718.465,883.364,0.745315,718.476,880.361,0.735121
850.719,650.936,0.884099,806.662,668.491,0.974895,783.235,651.057,0.911271,768.46,698.027,0.855161,800.844,724.607,0.826517,827.3,671.728,0.936186,821.42,718.731,0.856704,824.358,762.862,0.905341,762.622,745.247,0.85058,753.746,742.281,0.870865,736.011,809.939,0.968868,721.419,871.736,0.811987,780.29,751.07,0.858197,774.41,812.916,0.88237,759.704,877.604,0.886552,847.948,645.153,0.889623,850.933,648.003,0.24142,830.312,636.294,0.881985,0,0,0,765.603,886.361,0.682078,777.212,883.484,0.714364,756.727,880.547,0.817668,733.052,883.499,0.786362,718.444,880.648,0.745518,724.299,880.378,0.730071
847.968,648.18,0.882044,806.656,668.474,0.976673,783.242,651.041,0.917297,765.55,698.023,0.869196,800.843,727.492,0.834577,827.278,671.701,0.941719,818.564,718.729,0.846299,824.345,762.881,0.891855,762.639,745.231,0.849286,753.753,742.264,0.873326,736.001,809.948,0.97697,721.366,874.656,0.81365,780.304,751.053,0.857282,774.389,812.947,0.880633,759.655,877.612,0.889653,847.896,645.096,0.874626,850.871,647.947,0.276323,830.28,636.199,0.877393,0,0,0,768.452,886.406,0.677765,777.208,883.49,0.713325,756.668,880.571,0.803104,733.078,883.6,0.789899,718.443,883.466,0.744054,721.397,880.465,0.726058
847.822,648.123,0.881511,806.625,668.464,0.976248,783.238,651.037,0.918133,765.49,698.01,0.875369,800.869,730.385,0.809156,827.233,671.699,0.936773,815.534,718.821,0.830707,824.288,762.881,0.882578,762.615,745.247,0.840909,753.723,742.279,0.856269,733.311,812.717,0.972312,718.444,877.478,0.808921,780.286,751.065,0.849894,774.381,815.747,0.869238,759.553,877.63,0.896214,844.986,645.01,0.851802,850.759,647.904,0.382098,830.203,630.432,0.877389,0,0,0,765.582,886.436,0.682128,771.466,883.494,0.715364,756.572,880.569,0.792763,730.185,883.568,0.769738,715.485,883.456,0.754359,721.364,880.492,0.702448
847.843,648.075,0.879075,806.601,665.716,0.969484,783.22,650.995,0.925485,762.675,698.014,0.884717,800.77,730.375,0.806896,827.203,671.65,0.937,815.611,718.749,0.830891,824.297,762.85,0.859939,762.595,745.159,0.854659,753.708,742.204,0.857699,733.306,809.985,0.974623,721.337,877.477,0.808685,780.269,748.157,0.853769,774.394,812.975,0.878178,759.569,877.603,0.893508,845.023,644.945,0.837229,850.743,647.877,0.299454,830.259,630.326,0.898245,0,0,0,768.455,886.495,0.692338,774.336,883.529,0.726463,756.584,880.558,0.796673,730.265,883.593,0.767914,715.546,883.474,0.73631,721.394,880.507,0.709444
847.928,648.145,0.855709,803.913,665.651,0.948732,783.189,650.967,0.923142,762.703,698.003,0.871059,797.869,733.37,0.750691,824.461,671.591,0.925353,812.584,718.652,0.862581,818.476,759.898,0.832544,759.816,745.217,0.865235,750.826,742.258,0.843854,733.248,812.731,0.968187,721.348,874.689,0.808093,780.231,751.023,0.85542,774.384,812.899,0.889518,759.611,877.623,0.898948,847.894,645.018,0.83605,850.716,647.958,0.105141,830.342,630.426,0.888014,0,0,0,768.463,886.43,0.724658,774.357,883.505,0.746304,756.632,880.579,0.822577,730.167,883.591,0.773251,715.494,883.443,0.757486,724.304,880.49,0.724675
847.912,648.04,0.878551,803.919,665.676,0.957229,783.227,650.968,0.92161,762.643,698.007,0.89185,797.865,733.334,0.728821,824.442,671.626,0.928695,806.901,718.71,0.889715,815.591,762.655,0.844151,762.545,745.239,0.851393,753.636,742.265,0.843348,733.226,812.74,0.970248,721.354,877.509,0.807631,780.245,751.075,0.848827,777.25,812.895,0.901596,759.732,877.646,0.879878,847.865,642.176,0.829137,850.715,645.107,0.135933,830.273,630.311,0.913643,0,0,0,771.454,886.475,0.701401,780.122,883.526,0.732722,756.704,880.6,0.802917,730.234,886.376,0.768363,715.495,883.494,0.755599,724.302,880.543,0.716851
845.02,648.03,0.874292,803.836,665.612,0.949853,783.166,650.934,0.927709,762.545,698.015,0.906931,792.014,730.418,0.768578,824.346,671.55,0.931343,806.763,718.624,0.907901,815.575,759.883,0.80358,759.799,750.988,0.852271,750.824,745.126,0.828264,733.226,812.807,0.969737,718.47,880.374,0.815624,780.217,756.902,0.866462,774.373,815.753,0.859172,759.634,880.378,0.887914,844.952,642.183,0.820251,845.014,645.079,0.131597,827.47,630.315,0.902648,0,0,0,774.341,886.472,0.695064,777.342,883.506,0.743345,756.622,880.592,0.781784,733.022,889.325,0.74177,715.552,886.379,0.719113,721.335,880.642,0.714591
845.044,647.947,0.876324,803.826,665.603,0.947548,783.166,650.936,0.922709,759.776,695.277,0.920452,789.08,727.474,0.796804,824.336,671.531,0.932383,806.761,718.523,0.909572,815.625,756.867,0.784344,759.791,748.142,0.855891,750.83,745.111,0.832037,733.216,810.003,0.977957,718.404,877.524,0.817527,780.198,756.866,0.85949,774.35,812.991,0.867347,759.662,877.628,0.884923,844.982,642.089,0.812364,844.986,644.99,0.126771,830.196,627.486,0.919187,0,0,0,774.366,886.436,0.706551,780.131,883.48,0.755397,756.654,880.565,0.78718,730.222,886.446,0.754115,715.494,883.571,0.742055,718.451,880.545,0.719642
842.083,645.145,0.889191,803.758,665.56,0.930076,783.149,650.948,0.924388,759.667,695.268,0.954984,789.055,727.505,0.815135,821.48,671.438,0.923133,806.697,715.707,0.831937,809.788,745.125,0.62118,759.776,745.187,0.876281,750.813,742.247,0.846144,733.219,809.916,0.966327,715.605,874.573,0.795208,780.185,751.002,0.846458,777.227,812.837,0.897683,759.686,877.528,0.863924,839.153,639.159,0.813186,845.03,642.186,0.217354,827.364,627.426,0.928427,0,0,0,774.314,883.637,0.713436,777.357,883.416,0.759207,756.684,880.472,0.780924,730.157,886.37,0.714236,712.671,883.489,0.72323,718.472,880.424,0.706387
842.019,645.097,0.887556,803.755,665.569,0.93014,783.152,650.959,0.921555,759.68,695.285,0.948309,786.261,730.375,0.809434,821.472,671.45,0.923867,806.654,715.738,0.857457,809.723,745.245,0.684739,759.757,745.141,0.885602,750.806,742.209,0.848999,733.214,809.856,0.963783,715.571,871.748,0.795296,780.163,748.133,0.847765,777.23,812.801,0.901455,759.71,877.518,0.865813,836.241,636.27,0.816393,844.987,642.12,0.307255,827.271,627.406,0.916215,0,0,0,777.252,886.357,0.744139,780.211,883.402,0.793581,756.683,880.473,0.790127,730.172,883.612,0.70337,715.477,883.476,0.704424,718.414,880.422,0.705231
842.01,645.065,0.888706,803.76,665.578,0.932187,783.151,650.954,0.921514,759.669,695.287,0.94985,786.241,730.465,0.809488,821.476,671.469,0.924429,806.648,715.82,0.877234,812.639,751.012,0.718892,759.746,745.146,0.885802,750.801,742.209,0.849552,733.185,809.883,0.961524,715.517,874.601,0.8018,780.152,748.149,0.845287,777.235,812.832,0.903875,759.73,877.569,0.875388,836.203,636.22,0.821912,844.973,642.093,0.343851,827.21,627.394,0.905964,0,0,0,777.351,886.379,0.762757,780.293,883.41,0.810135,756.68,880.515,0.803366,730.172,883.596,0.68272,715.475,883.47,0.683523,715.523,880.438,0.70722
842.055,645.023,0.887503,803.733,662.746,0.92181,783.195,650.948,0.920507,759.67,698.012,0.954709,791.989,736.211,0.818884,818.53,668.673,0.908132,803.804,715.589,0.816322,809.788,742.268,0.744441,759.712,745.198,0.880512,750.785,742.269,0.840876,733.158,809.909,0.952648,715.47,874.646,0.799844,780.091,751.011,0.827628,777.282,812.836,0.912323,759.773,877.616,0.879776,836.228,633.352,0.81926,845.017,642.019,0.271362,827.229,627.387,0.912015,0,0,0,780.208,886.418,0.766759,780.35,883.439,0.804264,756.703,880.554,0.819989,730.202,883.597,0.655333,715.496,883.482,0.65247,712.665,880.464,0.702925
842.068,645.021,0.891521,803.708,662.722,0.916216,783.169,650.93,0.92468,759.645,698.047,0.952449,792.076,736.276,0.825252,818.497,668.664,0.904522,803.804,712.821,0.824329,812.578,742.171,0.78161,759.717,745.215,0.877696,750.784,742.281,0.841443,733.129,809.953,0.947682,712.683,874.695,0.817332,780.101,751.026,0.830278,777.292,812.916,0.903237,759.751,880.37,0.888948,836.234,633.35,0.820228,845.014,639.232,0.250814,827.218,627.373,0.912973,0,0,0,780.237,886.481,0.759877,780.362,883.487,0.802054,756.679,880.589,0.827007,730.149,886.371,0.659377,712.643,883.505,0.666972,712.619,880.493,0.716003
839.148,644.997,0.885344,803.662,662.668,0.90003,783.161,650.953,0.924207,759.638,698.111,0.939296,794.922,736.257,0.847944,815.555,668.567,0.890295,803.717,712.693,0.776909,809.718,739.157,0.724688,759.692,745.115,0.897326,750.763,742.227,0.847526,733.119,809.92,0.949512,712.633,874.578,0.79229,777.351,748.055,0.833157,777.295,809.99,0.901698,759.768,877.584,0.87976,836.138,633.32,0.828134,844.938,639.186,0.246878,824.412,627.366,0.896843,0,0,0,780.186,886.498,0.768118,780.357,883.498,0.802249,756.694,880.537,0.825136,730.136,883.564,0.709752,712.623,883.46,0.711119,712.581,880.422,0.666767
836.197,644.987,0.877958,803.634,662.667,0.891213,783.145,650.975,0.920564,759.622,698.117,0.929886,797.847,736.296,0.850814,812.681,668.536,0.888919,803.717,712.731,0.773048,809.667,739.283,0.716975,759.686,745.113,0.895508,750.767,742.222,0.846666,733.126,809.956,0.947791,712.683,874.651,0.790741,777.344,748.062,0.827195,777.336,810.003,0.902448,759.809,877.539,0.875766,833.266,633.302,0.830847,839.154,639.153,0.303082,824.297,627.376,0.87013,0,0,0,780.311,883.628,0.771205,783.153,883.392,0.799026,756.716,880.505,0.836472,730.22,883.561,0.727129,715.491,883.508,0.710343,712.622,880.492,0.663062
836.225,645.051,0.87964,800.901,659.814,0.886201,783.172,650.985,0.918333,759.637,698.135,0.926224,797.879,736.335,0.856446,812.619,668.487,0.889767,803.69,712.742,0.758056,809.665,739.279,0.698355,759.699,745.087,0.895667,750.795,742.204,0.850362,733.122,809.954,0.943515,715.49,877.489,0.784297,777.355,745.25,0.832632,777.337,810.01,0.905809,759.824,877.506,0.871655,833.321,636.227,0.82037,839.124,642.096,0.18004,824.371,627.393,0.885582,0,0,0,780.317,883.604,0.785598,783.146,883.377,0.8098,756.729,880.477,0.841402,730.25,883.604,0.733392,715.52,883.552,0.707744,712.63,880.528,0.656876
836.152,645.065,0.895603,800.886,659.817,0.884674,783.155,650.99,0.919131,759.618,698.121,0.926993,795.018,736.281,0.843321,812.599,668.504,0.896204,803.647,712.768,0.743441,806.876,739.268,0.669285,759.728,745.14,0.887085,750.801,742.239,0.847394,733.111,810.001,0.933543,712.645,877.565,0.792476,780.108,748.092,0.835968,777.353,812.776,0.911744,759.813,877.553,0.878792,833.265,636.239,0.834981,839.096,642.114,0.21059,824.342,627.381,0.885267,0,0,0,780.335,886.363,0.783927,783.136,883.422,0.808936,756.705,880.511,0.843777,730.19,886.428,0.735737,715.473,883.612,0.715272,712.579,880.601,0.659249
833.334,645.056,0.89919,800.886,659.823,0.881101,783.163,650.98,0.919631,759.605,698.086,0.937455,797.838,736.301,0.847093,812.574,668.523,0.895786,800.866,712.824,0.703108,806.86,739.307,0.638609,759.719,745.166,0.885697,750.781,742.258,0.844535,733.115,812.722,0.929716,712.662,877.6,0.792086,780.094,748.122,0.8335,777.361,812.799,0.907842,759.803,877.557,0.872187,833.205,636.203,0.844936,836.246,642.067,0.300595,821.465,627.362,0.872837,0,0,0,780.299,886.361,0.787846,783.109,883.417,0.813833,756.693,880.51,0.82993,730.216,886.456,0.71008,715.499,886.378,0.687244,712.611,880.604,0.652144
833.304,645.044,0.905627,800.883,659.831,0.879105,783.154,650.958,0.920557,759.568,698.069,0.9415,794.998,736.294,0.845062,812.577,668.548,0.897349,800.858,715.598,0.699885,806.868,739.358,0.643038,759.714,745.199,0.883883,750.775,742.283,0.84237,733.096,812.74,0.925014,715.466,880.415,0.807859,780.093,750.979,0.832287,780.074,812.797,0.908627,759.759,877.578,0.866907,830.438,636.183,0.85522,836.226,642.048,0.380389,821.376,624.626,0.870791,0,0,0,780.243,886.38,0.773864,780.356,883.418,0.804808,756.644,880.527,0.807095,733.068,889.385,0.689074,718.413,889.311,0.638236,715.466,883.404,0.661994
836.122,644.948,0.885736,800.771,659.784,0.856221,783.072,650.957,0.92444,756.779,698.067,0.93673,794.951,727.541,0.8246,809.705,668.453,0.877921,786.198,712.658,0.374766,806.773,733.318,0.386026,759.76,742.339,0.905738,750.796,742.189,0.861995,733.075,812.741,0.92013,712.671,880.432,0.762772,780.15,745.177,0.863768,786.114,809.906,0.888569,765.575,877.505,0.849455,833.192,630.419,0.860855,839.114,639.129,0.355459,818.532,624.555,0.884471,0,0,0,783.174,889.414,0.74377,786.175,883.577,0.755377,759.525,880.507,0.809226,730.255,889.383,0.631853,712.637,886.482,0.612586,712.622,883.415,0.598539
833.342,644.938,0.893312,800.773,659.75,0.858017,783.059,650.936,0.926412,756.765,698.067,0.937263,794.931,727.522,0.827974,809.706,665.735,0.880248,789.034,709.856,0.435346,806.802,730.456,0.435566,759.782,742.305,0.908419,750.82,742.147,0.865579,733.077,810.004,0.919718,712.686,877.643,0.760655,780.176,745.136,0.872899,786.135,809.856,0.886639,765.575,877.477,0.847659,833.207,630.419,0.864495,839.111,639.127,0.248172,821.435,624.562,0.898604,0,0,0,783.181,889.406,0.749228,786.18,883.579,0.760685,756.837,880.496,0.821221,733.072,889.359,0.662117,715.516,886.474,0.629802,712.64,883.367,0.609195
833.343,644.927,0.891905,800.771,659.743,0.858394,780.375,650.934,0.929857,756.751,698.086,0.936176,792.049,724.561,0.832842,809.699,665.724,0.88554,786.216,709.845,0.354592,806.646,730.478,0.342387,759.76,742.276,0.918633,750.777,742.121,0.862572,733.141,809.914,0.916561,715.483,877.589,0.737264,780.156,745.099,0.87875,783.343,809.758,0.886917,774.386,871.73,0.83176,833.203,630.412,0.865793,839.117,639.128,0.2585,821.419,624.569,0.894307,0,0,0,783.273,883.507,0.753278,789.098,880.6,0.737457,762.546,880.412,0.774831,730.198,886.38,0.639615,712.55,883.583,0.640781,712.619,880.576,0.587679
836.122,644.913,0.890092,800.778,659.742,0.860049,780.377,650.928,0.928847,756.772,698.119,0.933183,794.994,724.589,0.837955,809.709,665.73,0.885272,786.238,709.854,0.36929,806.677,733.314,0.357333,759.739,742.307,0.919426,750.749,742.158,0.85808,733.124,809.959,0.910548,712.618,877.631,0.761694,780.135,745.124,0.874696,783.337,809.756,0.887581,774.416,871.708,0.834924,833.21,630.397,0.868277,839.124,639.114,0.255392,821.422,624.562,0.896828,0,0,0,783.294,883.451,0.75139,789.123,880.562,0.733562,762.583,880.394,0.770809,727.294,886.358,0.616224,709.671,883.576,0.63891,712.564,880.59,0.607759
836.172,644.908,0.887756,800.777,659.73,0.86056,780.377,650.925,0.930759,756.78,698.128,0.932278,794.98,724.583,0.837046,809.711,665.718,0.883834,786.224,709.846,0.367331,806.662,730.47,0.352631,759.729,742.309,0.921241,750.739,742.161,0.85682,733.12,809.96,0.909405,712.608,877.641,0.765303,780.121,745.127,0.871694,783.359,806.989,0.878883,774.411,871.7,0.83715,833.253,630.397,0.865326,839.144,639.146,0.190565,821.477,624.562,0.907618,0,0,0,783.289,883.438,0.75375,789.11,880.56,0.73577,762.585,880.387,0.773313,730.111,886.375,0.61988,709.674,883.582,0.637679,712.541,880.603,0.613677
836.194,644.909,0.887077,800.771,656.911,0.860495,780.365,650.92,0.933001,756.781,698.137,0.931625,794.965,724.585,0.834984,809.713,665.721,0.885014,786.234,709.856,0.367894,806.647,730.458,0.346676,759.726,742.308,0.923028,747.921,742.171,0.855309,733.101,810.005,0.906162,712.604,880.387,0.776081,780.12,745.124,0.873705,786.105,806.937,0.872675,774.397,871.686,0.838336,833.275,630.4,0.864399,839.112,639.211,0.1537,824.278,624.555,0.914311,0,0,0,783.281,883.427,0.749498,789.092,880.563,0.733169,762.569,880.374,0.774044,730.11,886.375,0.626036,709.687,883.592,0.63932,709.69,880.615,0.621478
836.189,644.902,0.882301,800.761,659.739,0.860872,780.346,650.922,0.934276,756.781,698.121,0.934955,794.98,724.582,0.837069,809.721,665.728,0.886657,786.241,709.858,0.376941,806.654,730.454,0.356437,759.724,742.314,0.921334,750.732,742.16,0.853987,733.068,812.747,0.901167,712.622,880.395,0.797595,780.124,745.137,0.87192,783.372,806.955,0.876603,774.394,871.694,0.838283,833.272,630.388,0.863789,836.225,642.005,0.14005,821.501,624.551,0.914397,0,0,0,783.275,883.428,0.743531,789.08,880.566,0.729742,762.566,880.377,0.776345,730.13,886.399,0.623715,712.55,883.611,0.631085,712.537,880.64,0.647135
836.161,644.927,0.885967,800.751,659.737,0.859788,780.319,650.924,0.934987,756.786,698.12,0.933428,794.98,724.583,0.837499,809.733,665.717,0.885128,786.257,709.852,0.383131,806.673,730.424,0.366003,759.726,742.305,0.923077,750.735,742.146,0.854618,733.056,812.751,0.898143,712.645,880.386,0.814034,780.132,745.132,0.87426,783.36,806.955,0.881018,774.389,871.696,0.838582,833.253,630.423,0.859607,833.346,642.132,0.119755,821.484,624.572,0.909746,0,0,0,783.293,883.428,0.74673,789.086,880.566,0.735651,762.551,880.379,0.778591,730.136,886.411,0.631713,712.569,883.62,0.639224,712.565,883.356,0.669696
836.174,644.92,0.884845,800.78,659.737,0.86565,780.316,650.91,0.939729,756.773,698.093,0.936432,794.967,724.589,0.834197,809.775,665.725,0.880717,789.07,712.646,0.381531,806.69,730.418,0.368785,759.732,742.307,0.920713,750.742,742.143,0.852642,733.041,812.796,0.887822,712.693,880.395,0.822935,780.143,745.136,0.873841,783.329,806.954,0.887801,774.377,871.67,0.836906,833.259,630.415,0.860086,833.345,642.138,0.114291,821.488,624.57,0.90892,0,0,0,783.289,883.398,0.752513,789.051,880.542,0.741667,762.548,880.367,0.778861,730.11,886.45,0.633287,712.581,886.388,0.653922,712.617,883.377,0.68233
833.327,645.082,0.930114,800.908,659.764,0.892415,783.059,648.19,0.943243,759.592,698.121,0.922008,800.77,733.294,0.849945,812.698,668.533,0.897572,803.656,706.856,0.748267,815.532,730.423,0.676315,759.617,742.221,0.935984,747.809,739.353,0.845288,733.042,809.981,0.89725,715.483,880.427,0.815744,777.283,745.1,0.857226,777.368,809.913,0.899713,777.324,877.492,0.861962,830.456,636.301,0.880288,839.069,642.172,0.310203,821.38,627.455,0.867446,0,0,0,786.151,883.445,0.743647,789.144,880.571,0.752537,768.456,880.546,0.76648,727.262,886.405,0.670675,709.64,883.621,0.696451,715.482,883.384,0.676731
833.291,645.116,0.933355,800.911,659.774,0.892828,783.061,648.194,0.944383,759.635,698.18,0.91016,800.811,733.366,0.865848,812.689,668.543,0.899062,803.665,706.877,0.746972,812.688,730.43,0.668207,759.607,742.217,0.936247,744.966,739.361,0.84586,733.04,809.962,0.897211,715.489,880.397,0.805099,777.273,745.094,0.854897,777.359,809.914,0.899074,777.337,877.478,0.860849,830.437,639.162,0.886692,836.218,644.92,0.333709,821.373,627.474,0.8646,0,0,0,786.163,883.445,0.737512,791.978,880.569,0.746463,768.473,880.542,0.767659,727.275,886.394,0.675856,709.647,883.602,0.701279,715.476,883.366,0.666809
833.3,645.111,0.932833,803.641,662.667,0.908296,783.06,650.916,0.938146,759.719,703.899,0.883162,803.845,739.212,0.907545,815.55,668.628,0.909691,800.746,712.74,0.754042,809.722,742.114,0.677248,759.553,742.296,0.930672,742.03,742.138,0.860418,733.021,812.748,0.902382,715.478,880.425,0.7936,777.206,745.159,0.844145,777.223,812.736,0.892737,777.205,877.507,0.852116,830.448,639.162,0.890752,836.215,644.916,0.308406,821.394,627.509,0.865932,0,0,0,786.115,883.48,0.762541,789.071,880.601,0.782836,765.555,880.559,0.779183,727.267,886.384,0.697701,709.628,883.581,0.724369,709.668,883.357,0.650102
833.323,645.108,0.926046,803.643,662.659,0.907207,783.059,650.908,0.940472,759.717,703.893,0.883086,803.823,739.206,0.908119,815.551,668.623,0.90793,800.757,712.738,0.738632,809.698,742.101,0.654972,759.55,742.314,0.928279,742.02,742.155,0.860791,733.014,812.734,0.904208,712.619,880.379,0.789946,777.204,745.182,0.842739,777.219,812.739,0.894991,777.207,877.507,0.85453,833.187,639.168,0.88638,836.225,644.924,0.240404,821.435,627.522,0.86798,0,0,0,786.134,883.472,0.768064,789.082,880.589,0.790695,765.561,880.558,0.780817,727.252,886.363,0.693636,709.615,883.565,0.72212,709.627,880.616,0.64995
833.341,645.136,0.916949,803.639,662.65,0.90476,783.056,650.908,0.940942,759.712,703.891,0.885094,803.792,739.181,0.901817,815.539,668.616,0.906815,800.742,712.73,0.730931,809.658,739.367,0.656766,759.564,742.344,0.923022,742.036,742.189,0.857,733.024,810.016,0.913914,712.584,877.62,0.782655,777.217,745.213,0.842365,777.214,812.752,0.900384,777.193,877.517,0.858814,833.216,639.212,0.883461,836.196,644.986,0.186828,821.461,630.309,0.868038,0,0,0,786.158,883.481,0.774045,789.09,880.591,0.800311,765.543,880.562,0.792554,727.238,883.612,0.705289,709.624,883.554,0.728527,709.589,880.606,0.643709
833.289,645.202,0.920339,803.621,662.695,0.903119,783.06,650.975,0.930445,759.717,703.923,0.883407,803.806,739.191,0.900407,812.698,668.617,0.906354,797.955,712.721,0.700036,809.642,739.339,0.635244,759.561,742.339,0.917353,742.035,742.193,0.854042,733.017,809.995,0.909824,712.597,877.582,0.769204,777.203,745.203,0.835476,777.21,812.709,0.897122,777.231,874.69,0.854198,833.174,642.06,0.896278,836.191,645.019,0.228854,821.38,630.346,0.856945,0,0,0,786.108,883.45,0.789038,789.084,880.561,0.809967,765.604,880.527,0.775337,727.211,883.565,0.708236,709.575,883.531,0.733217,709.604,880.559,0.625019
833.336,647.907,0.940965,803.799,665.685,0.954836,783.143,651.044,0.927583,765.606,703.95,0.837229,803.783,736.311,0.880082,824.296,671.618,0.938498,806.706,718.711,0.938502,809.75,759.799,0.836202,759.557,748.054,0.884484,741.971,742.337,0.840379,733.056,812.829,0.911667,712.552,877.596,0.817204,777.269,753.976,0.819499,777.31,813,0.881544,777.352,877.501,0.866089,833.207,642.111,0.910114,839.114,645.022,0.561924,821.466,633.303,0.844935,0,0,0,786.104,883.411,0.77431,789.117,880.547,0.775213,768.538,880.544,0.770838,727.267,883.565,0.738128,709.666,883.54,0.741816,709.603,880.575,0.668806
833.339,647.91,0.93963,803.802,665.679,0.954512,783.144,651.045,0.928013,765.614,703.954,0.836547,803.789,736.319,0.88037,824.301,671.61,0.93931,806.707,718.704,0.937891,809.75,759.797,0.835612,759.554,748.059,0.884354,741.963,742.34,0.841327,733.058,812.83,0.916063,712.575,877.59,0.829959,777.267,753.982,0.819565,777.309,813,0.881108,777.356,877.508,0.867626,833.206,642.113,0.909755,839.117,645.022,0.550525,821.463,633.304,0.845044,0,0,0,786.107,883.417,0.769404,789.119,880.552,0.77192,768.538,880.545,0.770847,730.109,883.568,0.749551,712.535,883.536,0.747775,709.64,880.565,0.688035
836.126,647.931,0.938349,803.8,665.673,0.952398,783.146,651.043,0.928637,768.427,703.965,0.836865,803.794,736.327,0.882212,824.3,671.606,0.938425,806.71,718.7,0.937739,809.746,759.796,0.836617,759.551,748.066,0.884429,741.954,742.343,0.842259,733.057,812.835,0.918246,712.6,877.58,0.838958,777.268,753.99,0.819642,777.308,813.011,0.878888,777.351,877.525,0.867993,833.226,642.137,0.912073,839.128,645.039,0.510796,821.484,633.319,0.847637,0,0,0,786.107,883.43,0.759093,789.117,880.566,0.765716,768.53,880.561,0.770685,727.301,883.552,0.754512,712.538,883.523,0.758808,709.686,880.546,0.70337
836.126,647.93,0.938415,803.8,665.674,0.952551,783.146,651.044,0.928178,765.613,703.951,0.837388,803.792,736.326,0.882343,824.3,671.606,0.938535,806.71,718.698,0.937786,809.745,759.793,0.836515,759.55,748.062,0.884642,741.955,742.34,0.842322,733.057,812.834,0.917734,712.594,877.58,0.837981,777.266,753.986,0.819389,777.304,815.721,0.877817,777.348,877.526,0.867764,833.226,642.137,0.912253,839.128,645.038,0.511774,821.483,633.32,0.84757,0,0,0,786.108,883.432,0.758668,789.116,880.567,0.765573,768.525,880.562,0.771197,727.299,883.551,0.754991,712.535,883.523,0.759845,709.677,880.548,0.702397
836.126,647.93,0.938454,803.8,665.674,0.952668,783.147,651.045,0.927764,765.611,703.952,0.837752,803.791,736.326,0.882272,824.299,671.604,0.938449,806.709,718.698,0.93766,809.745,759.789,0.835705,759.552,748.061,0.88462,741.96,742.34,0.841877,733.055,812.837,0.914183,712.59,877.582,0.834989,777.265,753.984,0.819068,777.304,815.721,0.877552,777.347,877.526,0.867446,833.226,642.136,0.912119,839.128,645.038,0.511956,821.482,633.32,0.847435,0,0,0,786.105,883.431,0.758711,789.114,880.567,0.765566,768.526,880.562,0.770837,727.294,883.549,0.755978,712.53,883.522,0.76182,709.666,880.55,0.698506
836.126,647.93,0.938527,803.8,665.674,0.952757,783.147,651.046,0.927552,765.611,703.953,0.837605,803.79,736.328,0.882207,824.3,671.604,0.938493,806.708,718.698,0.937372,809.744,759.788,0.835343,759.552,748.058,0.884767,741.961,742.338,0.841777,733.054,812.84,0.911826,712.587,877.585,0.831412,777.263,753.981,0.818733,777.302,815.721,0.877389,777.343,877.525,0.866919,833.225,642.136,0.912094,839.129,645.038,0.512179,821.481,633.319,0.84736,0,0,0,786.101,883.429,0.758517,789.107,880.566,0.765241,768.522,880.563,0.771073,727.294,883.548,0.757989,712.526,883.523,0.764269,709.654,880.553,0.693819
836.128,647.93,0.938426,803.801,665.674,0.952917,783.148,651.046,0.927391,765.613,703.954,0.837655,803.789,736.33,0.882587,824.3,671.603,0.93853,806.71,718.696,0.93696,809.744,759.783,0.833885,759.554,748.054,0.885104,741.967,742.336,0.841399,733.052,812.84,0.910346,712.585,877.583,0.828311,777.264,753.976,0.818777,777.301,815.721,0.877424,777.339,877.525,0.86676,833.226,642.135,0.911815,839.13,645.038,0.512331,821.479,633.319,0.84731,0,0,0,786.099,883.429,0.758174,789.104,880.566,0.765076,768.52,880.563,0.771188,727.292,883.545,0.761129,712.523,883.522,0.767647,709.646,880.552,0.690045
836.123,647.927,0.938687,803.802,665.672,0.953084,783.148,651.047,0.926763,765.614,703.948,0.83784,803.792,736.336,0.882136,824.301,671.6,0.938489,806.712,718.697,0.935379,809.75,759.79,0.833647,759.558,748.05,0.885404,741.975,742.334,0.840861,733.055,812.838,0.910076,712.583,877.602,0.829559,777.267,753.969,0.818438,777.296,813.003,0.87802,777.34,877.519,0.865361,833.221,642.132,0.911305,839.124,645.036,0.513187,821.471,633.316,0.84581,0,0,0,783.324,883.417,0.758858,789.087,880.568,0.766982,768.53,880.56,0.768372,727.285,883.552,0.752668,712.53,883.528,0.759546,709.634,880.589,0.691398
836.124,647.93,0.938514,803.8,665.673,0.953199,783.146,651.05,0.926129,768.43,703.956,0.837639,803.797,736.341,0.882967,824.298,671.599,0.937893,806.715,718.698,0.933813,809.751,759.773,0.829285,759.556,748.05,0.885599,741.97,742.337,0.841781,733.058,812.835,0.911801,712.591,877.617,0.830474,777.268,753.965,0.818661,777.295,812.997,0.878994,777.341,877.519,0.865097,833.223,642.136,0.911411,839.123,645.038,0.511336,821.468,633.319,0.845013,0,0,0,783.315,883.43,0.761663,789.082,880.581,0.770854,768.533,880.563,0.767409,727.292,883.569,0.740694,712.536,883.539,0.745517,709.643,880.614,0.694102
836.131,647.932,0.938149,803.798,665.672,0.953376,783.146,651.05,0.926646,768.429,703.951,0.838341,803.799,736.338,0.883178,824.297,671.599,0.937544,806.717,718.703,0.933169,809.763,759.78,0.830215,759.556,748.047,0.886461,741.964,742.331,0.844058,733.056,812.825,0.915453,712.591,877.614,0.83476,777.273,753.966,0.820157,777.29,812.993,0.87771,777.348,877.529,0.86668,833.228,642.139,0.912012,839.123,645.032,0.500775,821.468,633.325,0.844751,0,0,0,783.292,883.464,0.766812,789.08,880.607,0.774457,771.365,880.565,0.766612,727.295,883.582,0.742138,712.554,883.537,0.745273,709.656,880.611,0.70254
845.002,648.107,0.920657,806.72,668.52,0.991903,786.114,656.905,0.879912,774.337,709.868,0.874518,800.83,745.179,0.900631,827.353,671.599,0.983711,815.592,715.842,0.879326,818.502,753.94,0.793498,762.709,748.111,0.82417,756.522,745.101,0.851032,735.987,812.872,0.977239,727.238,877.542,0.814089,780.368,753.926,0.86064,780.168,812.902,0.971073,780.088,877.546,0.885409,841.997,645.038,0.912826,850.744,647.906,0.679139,827.258,636.249,0.890863,0,0,0,783.314,883.579,0.780115,792.001,883.379,0.790865,768.525,880.562,0.783179,733.112,883.434,0.747681,721.35,883.416,0.724025,724.327,880.565,0.660592
845.002,648.106,0.920662,806.72,668.519,0.991862,786.115,656.906,0.879811,774.338,709.868,0.874643,800.831,745.18,0.900809,827.352,671.598,0.983793,815.591,715.841,0.879142,818.501,753.941,0.793866,762.709,748.113,0.823859,756.523,745.103,0.850674,735.988,812.873,0.977526,727.24,877.542,0.814205,780.368,753.928,0.860657,780.168,812.903,0.97116,780.088,877.546,0.885546,841.997,645.037,0.912729,850.744,647.905,0.677377,827.258,636.247,0.891021,0,0,0,783.312,883.579,0.779945,792.001,883.379,0.790593,768.525,880.561,0.783056,733.111,883.434,0.746943,721.353,883.415,0.722938,727.176,880.567,0.661135
845.003,648.106,0.920758,806.72,668.519,0.991991,786.116,656.906,0.879684,774.339,709.87,0.874884,800.832,745.18,0.900934,827.352,671.597,0.983936,815.591,715.841,0.879076,818.5,753.942,0.794167,762.709,748.114,0.823711,756.524,745.104,0.85069,735.988,812.872,0.977767,727.238,877.542,0.814057,780.368,753.928,0.860694,780.168,812.903,0.971325,780.087,877.546,0.885566,841.998,645.037,0.912772,850.744,647.905,0.677141,827.258,636.247,0.891062,0,0,0,783.311,883.579,0.780207,792,883.379,0.790696,768.525,880.56,0.782876,733.111,883.434,0.747106,721.352,883.414,0.722965,724.327,880.565,0.661129
845.002,648.105,0.920758,806.72,668.519,0.992024,786.115,656.906,0.87969,774.34,709.87,0.875066,800.833,745.18,0.901094,827.352,671.597,0.983953,815.591,715.841,0.879047,818.5,753.942,0.794298,762.71,748.116,0.823436,756.524,745.106,0.850463,735.988,812.872,0.978014,727.24,877.542,0.814075,780.368,753.93,0.860647,780.168,812.903,0.971216,780.088,877.546,0.885631,841.997,645.037,0.912666,850.744,647.904,0.676662,827.258,636.247,0.891058,0,0,0,783.311,883.579,0.78025,792,883.379,0.790786,768.525,880.56,0.782823,733.11,883.434,0.747204,721.352,883.413,0.722932,727.176,880.566,0.661247
845.003,648.106,0.920844,806.721,668.519,0.992077,786.116,656.907,0.879562,774.354,712.636,0.875398,800.833,745.181,0.901088,827.352,671.597,0.98403,815.591,715.84,0.878975,818.5,753.942,0.794439,762.71,748.116,0.823277,756.525,745.107,0.850585,735.988,812.873,0.978075,727.241,877.542,0.814024,780.368,753.931,0.860715,780.168,812.903,0.971373,780.087,877.546,0.885507,841.998,645.037,0.912713,850.744,647.905,0.676421,827.259,636.247,0.89115,0,0,0,783.31,883.579,0.780841,791.999,883.379,0.791217,768.525,880.559,0.782446,733.109,883.433,0.747294,721.349,883.413,0.723108,727.178,880.566,0.660927
845.002,648.106,0.920767,806.721,668.519,0.99215,786.116,656.907,0.87955,774.344,709.872,0.875448,800.833,745.18,0.901361,827.352,671.597,0.983988,815.59,715.84,0.879036,818.498,753.942,0.794589,762.711,748.119,0.823263,756.526,745.109,0.851015,735.99,812.874,0.977607,727.241,877.543,0.813445,780.368,753.933,0.860927,780.168,812.904,0.971168,780.088,877.545,0.885478,841.997,645.037,0.912659,850.744,647.905,0.67694,827.259,636.249,0.891043,0,0,0,783.308,883.578,0.780886,791.999,883.377,0.790946,768.527,880.557,0.781982,733.11,883.432,0.746144,721.352,883.411,0.721764,727.178,880.565,0.660314
845.002,648.106,0.920794,806.721,668.519,0.992131,786.116,656.908,0.879559,774.344,709.871,0.875355,800.832,745.179,0.901262,827.352,671.598,0.983957,815.589,715.84,0.879185,818.498,753.943,0.794685,762.713,748.119,0.823005,756.528,745.11,0.851457,735.991,812.875,0.977784,727.243,877.539,0.813239,780.369,753.933,0.860933,780.168,812.904,0.97112,780.087,877.545,0.885553,841.997,645.037,0.912617,850.744,647.905,0.676867,827.258,636.249,0.890976,0,0,0,783.308,883.578,0.781037,791.999,883.378,0.791238,768.526,880.558,0.782521,733.11,883.429,0.746015,721.353,883.409,0.721614,727.18,880.563,0.660205
845.002,648.106,0.920665,806.721,668.52,0.991998,786.115,656.908,0.87959,774.344,709.87,0.875022,800.831,745.178,0.901216,827.352,671.598,0.983844,815.589,715.841,0.879319,818.496,753.942,0.794615,762.713,748.12,0.823043,756.528,745.11,0.851663,735.992,812.875,0.97742,727.243,877.54,0.812869,780.369,753.934,0.860967,780.168,812.904,0.970974,780.088,877.545,0.885473,841.997,645.038,0.912628,850.744,647.905,0.676981,827.258,636.249,0.890896,0,0,0,783.308,883.577,0.781323,791.999,883.377,0.79138,768.527,880.558,0.782546,733.111,883.43,0.745407,721.355,883.41,0.721042,727.18,880.563,0.659592
845.002,648.106,0.920557,806.72,668.52,0.991701,786.114,656.907,0.879816,774.344,709.868,0.874769,800.829,745.177,0.900995,827.352,671.598,0.983469,815.588,715.841,0.879566,818.497,753.942,0.794376,762.715,748.122,0.822965,756.529,745.112,0.852212,735.992,812.875,0.977591,727.242,877.539,0.812729,780.37,753.935,0.861124,780.167,812.905,0.970562,780.088,877.545,0.885558,841.997,645.038,0.912621,850.744,647.906,0.676748,827.258,636.25,0.890741,0,0,0,783.311,883.576,0.781801,792.001,883.377,0.792808,768.527,880.559,0.783349,733.111,883.428,0.74649,721.353,883.41,0.722284,727.179,880.563,0.659403
845.002,648.106,0.920589,806.72,668.52,0.991602,786.113,656.907,0.879874,774.344,709.868,0.874728,800.828,745.177,0.900921,827.353,671.599,0.983336,815.589,715.842,0.879562,818.498,753.941,0.794252,762.715,748.122,0.823062,756.529,745.112,0.852228,735.992,812.876,0.97722,727.241,877.539,0.811938,780.37,753.935,0.861166,780.166,812.907,0.969669,780.089,877.547,0.885575,841.998,645.038,0.912639,850.744,647.906,0.677097,827.257,636.25,0.890628,0,0,0,783.299,883.58,0.782752,791.993,883.38,0.791987,768.533,880.561,0.781483,733.111,883.427,0.742781,721.353,883.409,0.718894,727.177,880.563,0.657702
845.002,648.106,0.920653,806.72,668.52,0.99168,786.113,656.907,0.879868,774.344,709.868,0.874721,800.829,745.177,0.901069,827.353,671.599,0.983445,815.588,715.841,0.879468,818.498,753.941,0.794578,762.714,748.123,0.823135,756.529,745.113,0.852131,735.992,812.879,0.977185,727.242,877.537,0.811336,780.37,753.937,0.861285,780.165,812.91,0.969135,780.09,877.552,0.886452,841.998,645.038,0.912694,850.744,647.906,0.676873,827.257,636.25,0.890597,0,0,0,783.297,883.586,0.782909,791.992,883.384,0.791808,768.535,880.566,0.782028,733.117,883.427,0.742828,721.358,883.407,0.717792,727.177,880.56,0.6564
845.002,648.106,0.920653,806.72,668.52,0.991604,786.113,656.907,0.879929,774.344,709.868,0.874702,800.829,745.178,0.900992,827.353,671.599,0.983311,815.589,715.841,0.879478,818.498,753.941,0.794586,762.714,748.124,0.823234,756.528,745.114,0.852089,735.992,812.881,0.977047,727.242,877.537,0.810869,780.37,753.938,0.861377,780.164,812.913,0.968169,780.09,877.553,0.886614,841.998,645.038,0.912721,850.744,647.906,0.677078,827.257,636.25,0.890515,0,0,0,783.292,883.589,0.785339,791.993,883.385,0.793189,768.536,880.568,0.782618,733.12,883.427,0.741436,721.359,883.407,0.716477,727.176,880.56,0.65537
845.002,648.106,0.92067,806.72,668.52,0.991573,786.113,656.907,0.879977,774.345,709.868,0.874666,800.829,745.178,0.901041,827.353,671.599,0.983218,815.589,715.841,0.879461,818.498,753.941,0.79472,762.714,748.124,0.823353,756.528,745.113,0.852106,735.993,812.88,0.977469,727.248,877.531,0.81083,780.37,753.937,0.861401,780.164,812.913,0.968021,780.089,877.555,0.887016,841.998,645.038,0.912763,850.744,647.906,0.677371,827.257,636.25,0.890428,0,0,0,783.292,883.592,0.787379,791.993,883.386,0.795076,768.533,880.571,0.784129,733.125,883.423,0.742177,721.364,883.402,0.717045,727.18,880.556,0.655641
844.999,648.105,0.919676,806.721,668.514,0.991744,786.125,656.878,0.880952,774.32,709.851,0.870226,800.817,745.186,0.89752,827.346,671.59,0.982584,815.586,715.826,0.883751,818.487,753.927,0.796723,762.713,748.102,0.824697,756.528,745.094,0.853161,735.988,812.871,0.973221,727.233,877.561,0.813926,780.374,751.086,0.862404,780.166,812.909,0.967587,780.09,877.564,0.886012,839.172,645.035,0.91252,850.739,647.902,0.684606,827.256,636.248,0.891277,0,0,0,783.281,883.604,0.78401,791.993,883.398,0.790409,768.538,880.579,0.781235,733.107,883.459,0.731064,721.346,883.429,0.706444,724.324,880.583,0.66497
847.941,644.956,0.920704,806.699,668.437,0.972532,786.102,659.776,0.880956,777.218,712.644,0.869996,803.656,742.359,0.947379,827.348,668.753,0.977133,809.672,712.816,0.792717,818.49,739.137,0.624406,765.586,745.094,0.84402,756.599,742.197,0.892998,739.013,812.897,0.94385,736.123,877.555,0.906305,783.093,745.224,0.881973,780.102,812.75,0.944235,777.349,877.538,0.862321,842.035,633.294,0.839181,850.746,642.021,0.273889,824.457,627.513,0.89704,0,0,0,783.289,883.529,0.741084,789.09,883.337,0.752163,771.382,880.57,0.760634,744.955,883.534,0.838023,733.287,883.505,0.867972,736.187,880.563,0.745258
847.944,644.961,0.922322,806.695,668.445,0.976437,786.095,659.781,0.882849,777.223,712.657,0.874336,803.657,742.365,0.947276,827.346,671.43,0.977181,809.686,715.576,0.798849,818.516,739.185,0.639052,765.591,745.107,0.842572,756.602,742.206,0.893244,739.013,812.9,0.943732,736.127,877.56,0.906726,783.097,745.241,0.878967,780.1,812.756,0.944311,777.341,877.536,0.861663,842.037,633.3,0.839451,850.744,642.019,0.265165,824.454,627.513,0.896862,0,0,0,783.284,883.526,0.742795,789.081,883.332,0.7531,771.376,880.566,0.761623,744.953,883.538,0.839625,736.014,883.518,0.868605,736.189,880.566,0.748379
847.937,644.96,0.921709,806.689,668.458,0.982252,786.084,659.778,0.884257,777.226,712.656,0.87799,803.65,742.361,0.947094,827.34,671.457,0.978318,809.676,715.615,0.806165,818.544,739.208,0.644688,765.596,745.113,0.841707,756.604,742.209,0.893789,739.01,812.901,0.944981,736.131,877.553,0.907546,783.1,745.253,0.877756,780.098,812.76,0.943409,777.333,877.523,0.859562,842.025,633.301,0.839844,850.741,642.012,0.280079,824.445,627.518,0.895306,0,0,0,783.276,883.517,0.747602,789.066,880.671,0.757593,771.378,880.552,0.761043,744.944,883.536,0.843587,736.013,883.513,0.872467,736.197,880.558,0.752151
847.937,644.96,0.921699,806.689,668.458,0.982293,786.084,659.779,0.884241,777.227,712.656,0.878165,803.652,742.362,0.947613,827.34,671.458,0.978338,809.675,715.618,0.806354,818.545,739.214,0.646747,765.596,745.124,0.840543,756.603,742.218,0.892641,739.006,812.916,0.945057,736.129,877.574,0.910491,783.096,748.042,0.876248,780.099,812.767,0.944394,777.346,877.532,0.86147,842.025,633.301,0.839792,850.742,642.013,0.279959,824.445,627.518,0.895267,0,0,0,783.297,883.521,0.74663,789.092,880.673,0.756863,771.387,880.561,0.763069,744.942,883.548,0.840488,733.286,883.517,0.869392,736.196,880.575,0.750972
847.937,644.961,0.921828,806.688,668.459,0.982213,786.084,659.778,0.884258,777.227,712.656,0.878002,803.651,742.361,0.947743,827.34,671.457,0.978182,809.676,715.617,0.806707,818.545,739.208,0.644998,765.595,745.117,0.841279,756.603,742.213,0.893257,739.006,812.914,0.944801,736.13,877.578,0.911096,783.1,745.257,0.877229,780.1,812.763,0.944484,777.347,877.531,0.861355,842.024,633.302,0.839788,850.742,642.015,0.280708,824.445,627.518,0.895284,0,0,0,783.297,883.521,0.746686,789.091,880.673,0.756649,771.388,880.562,0.762945,744.942,883.552,0.840481,733.285,883.521,0.869847,736.198,880.58,0.751124
847.937,644.961,0.921881,806.689,668.459,0.982296,786.084,659.778,0.884288,777.229,712.656,0.878307,803.653,742.361,0.948332,827.34,671.458,0.978262,809.677,715.619,0.807271,818.55,739.213,0.647932,765.596,745.126,0.840413,756.603,742.221,0.892445,739.004,812.923,0.945303,736.131,877.583,0.911402,783.097,748.044,0.876314,780.102,812.769,0.945905,777.361,877.531,0.862826,842.024,633.302,0.839771,850.742,642.016,0.280689,824.445,627.518,0.895254,0,0,0,783.306,883.522,0.747665,789.106,880.673,0.757274,771.404,880.561,0.764042,744.935,883.558,0.838429,733.279,883.526,0.868977,736.204,880.582,0.748965
847.937,644.961,0.922022,806.688,668.459,0.98219,786.085,659.777,0.884281,777.228,712.655,0.87795,803.654,742.361,0.948548,827.338,671.457,0.977974,809.678,715.617,0.808019,818.554,739.205,0.646456,765.592,745.124,0.840958,756.601,742.219,0.892322,739.003,812.924,0.94516,736.133,877.59,0.912402,783.094,748.04,0.876728,780.102,812.767,0.945803,777.363,877.533,0.862811,842.024,633.303,0.839756,850.743,642.017,0.280685,824.445,627.518,0.895247,0,0,0,783.303,883.523,0.747283,789.104,880.674,0.756544,771.406,880.562,0.763643,744.932,883.566,0.838141,733.277,883.533,0.869363,736.208,880.589,0.749009
847.931,644.952,0.919613,806.689,668.458,0.98147,786.079,659.778,0.884548,777.227,712.659,0.878787,803.652,742.364,0.947278,827.342,671.456,0.977513,809.676,715.615,0.806486,818.545,739.209,0.64692,765.594,745.115,0.84142,756.601,742.21,0.892926,739.001,812.919,0.946157,736.135,877.59,0.911595,783.101,745.253,0.877756,780.104,812.763,0.946382,777.368,877.54,0.864807,842.006,633.29,0.839089,850.735,639.228,0.290098,824.425,627.518,0.893805,0,0,0,783.327,883.525,0.749926,789.126,880.676,0.758938,771.409,880.573,0.766312,744.963,883.552,0.840573,736.023,883.535,0.865644,736.201,880.591,0.746379
847.925,644.951,0.919015,806.692,668.458,0.981173,786.077,659.778,0.884501,777.221,712.661,0.878154,803.651,742.365,0.946216,827.346,671.455,0.97803,809.672,715.616,0.80557,818.543,739.214,0.647709,765.591,745.112,0.842063,756.597,742.206,0.892688,739,812.919,0.946665,736.136,877.599,0.912065,783.099,745.25,0.878408,780.104,812.766,0.946591,780.073,877.554,0.867739,839.173,633.287,0.838745,850.736,639.219,0.302603,824.415,627.518,0.892578,0,0,0,786.096,883.547,0.754635,789.152,883.334,0.764676,771.412,880.587,0.768369,744.961,883.558,0.838323,736.023,883.541,0.861924,736.203,880.6,0.744482
830.428,624.59,0.958047,806.598,665.549,0.937927,783.11,653.934,0.928953,759.798,701.036,0.901802,797.844,739.092,0.871368,827.389,668.6,0.969822,809.626,712.66,0.736799,821.438,730.465,0.562498,768.526,745.147,0.840762,756.621,742.274,0.900629,736.295,812.918,0.946367,733.255,880.372,0.926195,783.231,748.06,0.865206,780.235,812.797,0.957444,780.083,877.521,0.885943,827.415,621.642,0.991287,833.229,621.647,0.739431,806.829,624.503,0.976156,0,0,0,786.104,883.523,0.787091,792.002,880.645,0.789523,771.397,880.549,0.768721,742.032,883.604,0.804906,733.205,883.607,0.824039,733.206,880.637,0.745039
830.421,624.583,0.960267,803.933,662.773,0.937141,783.097,653.927,0.930519,759.802,701.038,0.901763,797.853,739.101,0.874783,827.392,668.579,0.970652,809.652,709.872,0.733872,821.464,730.456,0.566323,768.53,745.154,0.839585,756.623,742.282,0.900267,736.291,812.92,0.946823,733.256,877.648,0.924511,783.235,748.066,0.863558,780.233,812.804,0.956415,780.082,877.534,0.887633,827.406,621.635,0.990257,833.224,621.643,0.75546,806.817,624.501,0.97827,0,0,0,786.122,883.534,0.791021,792.009,880.654,0.796245,771.389,880.564,0.773049,742.04,883.607,0.801902,733.21,883.606,0.821607,733.207,880.636,0.742094
830.42,624.583,0.960069,803.932,662.774,0.937234,783.096,653.927,0.930417,759.801,701.038,0.901912,797.856,739.103,0.875746,827.391,668.58,0.970612,809.654,709.873,0.734635,821.468,730.457,0.567883,768.527,745.151,0.84014,756.621,742.28,0.900425,736.292,812.918,0.946945,733.255,877.642,0.923816,783.233,748.062,0.864221,780.234,812.802,0.956607,780.082,877.531,0.887322,827.405,621.635,0.989911,833.224,621.643,0.756665,806.817,624.501,0.978089,0,0,0,786.12,883.532,0.791468,792.008,880.653,0.796081,771.391,880.56,0.772667,742.04,883.602,0.801904,733.211,883.601,0.821633,733.205,880.632,0.741943
830.42,624.583,0.960214,803.932,662.774,0.937234,783.096,653.928,0.930251,759.801,701.038,0.901788,797.858,739.099,0.875042,827.39,668.58,0.970552,809.65,709.871,0.734881,821.463,730.454,0.568688,768.528,745.152,0.839807,756.622,742.281,0.900171,736.292,812.919,0.946734,733.254,877.64,0.923666,783.234,748.064,0.863891,780.235,812.802,0.956679,780.082,877.529,0.886942,827.405,621.635,0.989882,833.224,621.643,0.755206,806.817,624.5,0.977942,0,0,0,786.118,883.53,0.791605,792.006,880.652,0.796003,771.392,880.558,0.772207,742.039,883.599,0.802013,733.209,883.598,0.82167,733.205,880.629,0.742127
830.42,624.583,0.960045,803.932,662.776,0.937515,783.096,653.929,0.930073,759.8,701.037,0.902142,797.86,739.1,0.875372,827.39,668.582,0.970482,809.65,709.872,0.73512,821.463,730.456,0.56804,768.526,745.153,0.839746,756.621,742.282,0.899767,736.293,812.919,0.946884,733.254,877.637,0.923254,783.233,748.064,0.863856,780.236,812.8,0.956436,780.082,877.525,0.886544,827.406,621.634,0.989542,833.224,621.643,0.755456,806.818,624.499,0.977726,0,0,0,786.117,883.527,0.791933,792.006,880.649,0.795672,771.393,880.554,0.771865,742.041,883.594,0.8022,733.211,883.595,0.821885,733.203,880.626,0.742013
830.421,624.582,0.960083,803.931,662.776,0.937513,783.096,653.929,0.930113,759.799,701.035,0.902612,797.852,739.095,0.873055,827.389,668.582,0.970554,809.649,709.872,0.735661,821.458,730.456,0.567406,768.531,745.15,0.839769,756.623,742.28,0.900275,736.293,812.917,0.94674,733.253,877.635,0.923079,783.237,748.062,0.863238,780.236,812.797,0.95608,780.082,877.522,0.88607,827.407,621.634,0.989717,833.224,621.642,0.75242,806.819,624.498,0.977659,0,0,0,786.117,883.525,0.791902,792.005,880.647,0.795365,771.393,880.552,0.771692,742.041,883.592,0.802057,733.211,883.592,0.821805,733.202,880.625,0.741962
830.232,627.443,0.965823,803.779,665.582,0.930817,780.242,656.79,0.910735,759.76,701.067,0.887779,800.754,736.302,0.865399,827.285,668.618,0.963019,818.497,709.837,0.786048,827.397,736.267,0.747858,771.438,742.287,0.873608,756.618,742.175,0.914594,742.063,812.727,0.8689,733.278,880.451,0.919517,783.358,745.094,0.877652,795.008,806.985,0.871108,780.218,874.631,0.90501,827.234,624.405,0.973682,830.282,624.455,0.625877,803.884,624.616,0.957935,0,0,0,800.746,883.384,0.787559,800.807,880.543,0.798256,771.397,880.408,0.820852,744.941,886.417,0.762147,733.256,886.431,0.780359,733.19,883.378,0.760571
830.239,627.435,0.965089,803.783,665.585,0.93092,780.242,656.8,0.910256,759.758,701.073,0.885916,800.762,736.297,0.865916,827.291,668.613,0.960646,818.479,709.831,0.782899,827.404,736.265,0.7486,771.437,742.279,0.874082,756.618,742.169,0.914066,744.896,810.021,0.867167,733.284,880.454,0.919351,783.359,742.353,0.878864,795.015,806.982,0.871579,780.22,874.623,0.903641,827.235,624.397,0.973595,830.294,624.44,0.634752,803.875,624.618,0.957305,0,0,0,800.761,883.377,0.794977,800.817,880.536,0.803508,771.399,880.405,0.82038,744.954,886.425,0.758059,733.267,886.443,0.775404,733.192,883.384,0.759218
830.238,627.434,0.965542,803.784,665.587,0.931273,780.242,656.801,0.910232,759.76,701.072,0.885408,800.758,736.292,0.864034,827.292,668.613,0.960851,818.483,709.835,0.783393,827.409,736.273,0.751207,771.44,742.278,0.87439,756.621,742.168,0.914336,744.882,812.713,0.865623,733.282,880.464,0.921346,783.361,742.352,0.878715,795.015,806.978,0.870757,780.225,874.623,0.903092,827.233,624.397,0.973424,830.292,624.439,0.634061,803.874,624.62,0.956568,0,0,0,800.767,883.358,0.793132,800.821,880.521,0.799599,771.409,880.406,0.818991,744.956,886.426,0.760368,733.268,886.448,0.776241,733.191,883.395,0.759861
830.239,627.432,0.965961,803.784,665.587,0.931427,780.242,656.802,0.91016,759.763,701.067,0.88561,800.755,736.292,0.863315,827.293,668.612,0.960908,818.483,709.834,0.783732,827.411,736.278,0.754938,771.447,742.276,0.874991,756.628,742.167,0.915093,744.882,812.717,0.864583,733.285,880.463,0.921988,783.365,742.351,0.878891,795.016,806.979,0.871059,780.228,874.621,0.903157,827.232,624.396,0.973149,830.292,624.435,0.636399,803.872,624.621,0.956435,0,0,0,800.765,883.352,0.792446,800.817,880.516,0.79796,771.418,880.405,0.818293,744.965,886.422,0.762915,733.278,886.447,0.779365,733.191,883.395,0.761203
830.249,627.411,0.968518,803.79,665.59,0.932018,780.244,656.816,0.909964,759.77,703.891,0.882916,800.777,736.294,0.865878,827.31,668.613,0.962357,818.488,709.849,0.785924,827.418,736.284,0.758293,771.437,742.277,0.874422,756.618,742.169,0.913303,744.9,810.023,0.863816,733.292,880.453,0.91881,783.358,742.349,0.879984,795.013,806.973,0.869834,780.223,874.628,0.902871,827.239,624.378,0.975096,830.307,624.415,0.640001,803.875,624.611,0.960105,0,0,0,800.769,883.35,0.794824,800.814,880.513,0.799372,771.408,880.412,0.817827,744.966,886.405,0.75526,733.275,886.424,0.772425,733.195,883.384,0.755176
830.252,627.399,0.96881,803.798,665.581,0.930488,780.251,656.809,0.911259,759.768,703.902,0.883825,800.789,736.302,0.868242,827.319,668.608,0.962613,818.486,709.859,0.788117,827.423,736.288,0.762921,771.432,742.27,0.875183,756.617,742.161,0.9137,744.915,810.011,0.861632,733.288,880.454,0.917765,783.353,742.342,0.88175,795.013,806.967,0.869436,780.224,874.616,0.900648,827.239,624.371,0.974227,830.309,624.403,0.639801,803.88,624.607,0.962123,0,0,0,800.774,883.341,0.79585,800.815,880.504,0.799037,771.409,880.407,0.812857,744.969,886.403,0.751641,733.271,886.419,0.76708,733.193,883.383,0.750657
827.427,627.391,0.972876,803.713,668.502,0.960666,780.198,662.758,0.907803,765.575,712.736,0.861636,806.763,736.318,0.917705,827.188,671.436,0.947245,821.396,712.666,0.809126,830.353,730.406,0.774772,771.425,742.328,0.865285,756.618,742.231,0.910441,753.659,809.956,0.890846,733.271,880.481,0.905744,783.345,745.157,0.86997,800.774,809.819,0.907477,783.157,877.526,0.900332,824.275,624.418,0.92414,827.387,624.463,0.671819,803.683,627.464,0.920807,0,0,0,803.872,883.521,0.819237,803.866,880.639,0.809922,777.327,880.506,0.858863,742.044,889.338,0.733242,733.231,889.313,0.746866,733.181,883.396,0.747036
827.426,627.391,0.974652,803.712,668.499,0.95926,780.2,662.756,0.909108,765.602,712.745,0.862007,806.772,736.333,0.918908,827.186,671.433,0.945605,821.402,712.671,0.810235,830.366,730.426,0.771993,771.42,742.318,0.866963,756.617,742.221,0.911341,753.675,809.925,0.893139,733.279,880.465,0.904251,783.339,745.14,0.871996,800.773,809.813,0.905953,783.155,877.524,0.89878,821.508,624.418,0.924623,827.381,624.465,0.666785,803.679,627.474,0.917679,0,0,0,803.862,883.526,0.81273,803.863,880.643,0.804951,777.329,880.51,0.858661,744.887,889.336,0.732056,733.227,886.523,0.747695,733.189,883.382,0.749319
827.424,627.399,0.972322,803.712,668.495,0.958547,780.2,662.755,0.908867,765.604,712.739,0.86032,806.768,736.339,0.920251,827.187,671.424,0.94634,821.392,712.667,0.808,830.362,730.414,0.773609,771.423,742.32,0.86697,756.621,742.224,0.911654,753.685,809.928,0.894641,733.277,880.462,0.901923,783.34,745.144,0.871807,800.778,809.819,0.907449,783.157,877.533,0.900545,821.506,624.422,0.924049,827.379,624.471,0.664992,803.68,627.471,0.918056,0,0,0,803.858,883.543,0.810046,803.862,880.656,0.803066,777.328,880.513,0.858763,742.05,889.328,0.726405,733.229,886.522,0.743969,733.186,883.376,0.747212
827.411,627.395,0.970899,803.713,668.491,0.957599,780.201,662.753,0.908624,765.6,712.732,0.859234,806.762,736.341,0.921399,827.187,668.748,0.946703,821.389,712.661,0.805806,830.358,730.401,0.775107,771.426,742.32,0.867682,756.624,742.224,0.912688,753.686,809.93,0.894765,733.277,880.469,0.903239,783.341,745.145,0.872175,800.778,809.823,0.907415,783.157,877.547,0.902902,821.487,624.417,0.922933,827.369,624.471,0.674567,803.671,627.468,0.916252,0,0,0,803.86,883.56,0.808209,803.871,883.349,0.803045,777.327,880.524,0.858102,742.051,889.345,0.726217,733.23,886.536,0.74297,733.186,883.385,0.747898
827.398,627.407,0.967095,803.712,668.489,0.957139,780.197,662.74,0.907338,765.591,712.724,0.859122,806.755,736.343,0.92246,827.183,668.753,0.947283,821.394,712.667,0.807088,830.359,730.404,0.774052,771.432,742.322,0.867603,756.626,742.224,0.913046,753.675,809.938,0.891851,733.28,880.476,0.906323,783.348,745.15,0.87089,800.779,809.836,0.908804,783.159,877.544,0.900455,821.468,624.424,0.920637,827.36,624.483,0.683567,803.664,627.471,0.91446,0,0,0,803.869,883.546,0.796833,803.869,880.657,0.791285,777.329,880.516,0.855791,744.886,889.358,0.730828,733.244,889.316,0.74632,733.19,883.392,0.748787
827.217,630.311,0.911366,803.621,668.707,0.960245,780.126,668.507,0.942308,780.068,715.631,0.941859,818.538,727.525,0.822235,824.423,671.597,0.935062,821.473,715.601,0.768448,833.294,724.556,0.586353,780.108,753.972,0.862766,759.624,751.012,0.868162,756.724,812.713,0.954028,736.176,880.442,0.910615,791.974,756.897,0.824984,800.744,812.862,0.904055,783.134,877.598,0.906689,815.533,624.54,0.90051,827.206,624.6,0.671525,800.804,630.409,0.863703,0,0,0,803.696,883.532,0.769656,803.709,880.636,0.790079,780.098,880.538,0.838907,753.657,892.313,0.792627,736.213,889.391,0.792097,736.07,883.373,0.798709
827.236,630.316,0.912769,803.618,668.693,0.959902,780.133,668.495,0.942054,777.358,715.628,0.943332,818.559,727.511,0.826551,824.41,671.579,0.937449,821.41,715.618,0.759942,833.257,724.585,0.56574,780.107,753.961,0.865324,759.627,751.001,0.871463,756.735,812.714,0.950461,736.149,880.478,0.916928,791.973,756.886,0.824991,800.736,812.862,0.902607,783.128,877.623,0.911738,815.57,624.534,0.900581,827.196,624.606,0.608346,800.825,630.395,0.867635,0,0,0,803.7,883.558,0.759526,803.715,880.658,0.781157,777.361,880.567,0.842835,753.653,892.322,0.788646,736.206,889.401,0.789633,736.032,883.414,0.801458
827.228,630.334,0.913923,803.615,668.71,0.964666,780.14,668.512,0.950851,780.23,715.591,0.968029,824.31,727.453,0.842061,824.424,671.631,0.930239,821.48,715.726,0.77191,847.825,721.693,0.615322,777.335,753.927,0.868669,759.557,748.13,0.890258,759.685,809.828,0.951614,736.141,877.576,0.906099,789.112,756.846,0.830779,803.699,809.92,0.949318,783.105,874.634,0.887405,815.55,624.562,0.902797,827.185,624.624,0.607033,800.783,630.431,0.857935,0,0,0,803.728,883.444,0.81971,803.746,880.558,0.82934,777.314,880.411,0.840666,753.671,889.398,0.795503,736.187,886.513,0.814014,733.268,880.572,0.844496
827.225,630.33,0.914584,803.618,668.704,0.965603,780.139,668.512,0.951195,780.235,715.595,0.969457,824.313,727.454,0.842867,824.429,671.622,0.93289,821.502,715.714,0.77292,847.829,721.685,0.612576,777.337,753.923,0.868006,759.559,748.128,0.889998,759.68,809.832,0.952059,736.144,877.579,0.90556,789.115,756.84,0.829587,803.697,809.92,0.948615,783.102,874.635,0.887295,815.544,624.563,0.903807,827.18,624.622,0.613748,800.776,630.437,0.857006,0,0,0,803.716,883.445,0.808983,803.736,880.56,0.820296,777.311,880.412,0.838668,753.674,889.396,0.79452,736.189,886.509,0.811988,733.271,880.575,0.843096
827.227,630.318,0.91642,803.62,668.705,0.965105,780.138,668.515,0.951425,780.233,715.595,0.968416,824.325,727.452,0.845634,824.433,671.623,0.932119,821.49,715.716,0.76928,847.826,721.685,0.607924,777.34,753.928,0.868631,759.56,748.133,0.889657,759.671,809.838,0.952782,736.14,877.585,0.906431,789.12,756.842,0.829284,803.694,809.922,0.948111,783.093,874.636,0.886561,815.544,624.557,0.905211,827.179,624.613,0.603871,800.775,630.441,0.856261,0,0,0,803.709,883.446,0.804483,803.729,880.561,0.815424,777.301,880.409,0.836326,753.674,889.402,0.794147,736.189,886.512,0.812304,733.265,880.58,0.843975
827.227,630.318,0.916434,803.62,668.705,0.965119,780.138,668.515,0.951461,780.233,715.595,0.968408,824.325,727.452,0.845635,824.433,671.623,0.93211,821.49,715.716,0.769295,847.826,721.685,0.607975,777.34,753.928,0.868658,759.561,748.133,0.889683,759.671,809.838,0.952809,736.14,877.585,0.906434,789.12,756.842,0.82927,803.693,809.922,0.948104,783.094,874.637,0.886573,815.544,624.557,0.905229,827.179,624.613,0.603834,800.775,630.441,0.856274,0,0,0,803.709,883.445,0.804536,803.729,880.561,0.815477,777.301,880.409,0.83635,753.674,889.402,0.794137,736.189,886.512,0.812328,733.264,880.58,0.843988
827.227,630.318,0.916442,803.62,668.705,0.965129,780.139,668.515,0.951481,780.233,715.595,0.968414,824.325,727.452,0.84565,824.433,671.623,0.932117,821.489,715.716,0.769318,847.826,721.685,0.607981,777.34,753.928,0.868665,759.56,748.133,0.889687,759.671,809.838,0.952811,736.14,877.585,0.90641,789.121,756.842,0.829272,803.694,809.922,0.948102,783.094,874.636,0.886563,815.544,624.557,0.90524,827.179,624.613,0.603836,800.775,630.441,0.856282,0,0,0,803.709,883.445,0.804535,803.729,880.561,0.815464,777.301,880.409,0.836339,753.674,889.402,0.794096,736.189,886.512,0.812346,733.265,880.58,0.843952
827.227,630.318,0.916443,803.62,668.705,0.965128,780.139,668.515,0.951478,780.233,715.595,0.968417,824.325,727.452,0.845655,824.433,671.623,0.932123,821.489,715.716,0.769321,847.826,721.685,0.607978,777.34,753.928,0.86866,759.56,748.133,0.889684,759.671,809.838,0.952807,736.14,877.585,0.906412,789.121,756.842,0.829277,803.693,809.922,0.948104,783.094,874.637,0.886563,815.544,624.557,0.90524,827.179,624.613,0.603846,800.775,630.441,0.856281,0,0,0,803.709,883.446,0.804536,803.729,880.56,0.815455,777.301,880.409,0.836339,753.674,889.402,0.7941,736.189,886.512,0.81234,733.265,880.58,0.843949
827.227,630.318,0.916456,803.62,668.705,0.965143,780.139,668.515,0.951508,780.233,715.595,0.968416,824.325,727.452,0.845665,824.433,671.623,0.932123,821.49,715.716,0.769353,847.826,721.685,0.608006,777.34,753.928,0.868671,759.56,748.133,0.889698,759.671,809.838,0.952822,736.14,877.585,0.906398,789.121,756.842,0.829267,803.693,809.922,0.948095,783.094,874.637,0.886572,815.544,624.557,0.905255,827.179,624.613,0.603834,800.775,630.441,0.856293,0,0,0,803.709,883.446,0.804533,803.729,880.561,0.815449,777.301,880.409,0.836338,753.674,889.402,0.794095,736.189,886.512,0.81241,733.265,880.58,0.843942
827.227,630.318,0.916455,803.62,668.705,0.965133,780.138,668.515,0.951479,780.233,715.595,0.968464,824.325,727.453,0.845675,824.433,671.623,0.932127,821.49,715.716,0.769352,847.826,721.685,0.608026,777.34,753.927,0.868571,759.56,748.133,0.889729,759.671,809.837,0.952733,736.14,877.585,0.90639,789.12,756.841,0.829247,803.693,809.922,0.948126,783.094,874.636,0.886566,815.544,624.557,0.905255,827.179,624.613,0.603816,800.776,630.441,0.856292,0,0,0,803.709,883.446,0.80453,803.729,880.561,0.815458,777.301,880.409,0.836282,753.674,889.402,0.794062,736.189,886.512,0.812406,733.265,880.58,0.843936
827.227,630.318,0.916454,803.62,668.705,0.965131,780.139,668.515,0.951478,780.234,715.595,0.968464,824.325,727.452,0.845675,824.433,671.623,0.932126,821.49,715.716,0.769351,847.826,721.685,0.608026,777.34,753.927,0.86857,759.56,748.132,0.889727,759.671,809.837,0.952734,736.14,877.585,0.906395,789.12,756.841,0.829246,803.693,809.922,0.948128,783.094,874.636,0.886571,815.544,624.557,0.905254,827.179,624.613,0.603817,800.775,630.441,0.856292,0,0,0,803.709,883.446,0.804544,803.729,880.56,0.815473,777.3,880.409,0.836301,753.673,889.401,0.794069,736.189,886.512,0.812401,733.265,880.58,0.843938
827.227,630.318,0.916453,803.62,668.705,0.965132,780.139,668.515,0.951486,780.234,715.595,0.968475,824.325,727.452,0.845685,824.433,671.623,0.932127,821.49,715.716,0.76934,847.826,721.685,0.608024,777.34,753.927,0.868567,759.56,748.132,0.889703,759.671,809.837,0.952736,736.14,877.585,0.906393,789.12,756.841,0.829257,803.693,809.922,0.948127,783.094,874.636,0.886574,815.544,624.557,0.905253,827.179,624.613,0.603819,800.775,630.441,0.856293,0,0,0,803.709,883.446,0.804536,803.729,880.561,0.815464,777.3,880.409,0.836306,753.673,889.401,0.794056,736.189,886.512,0.812399,733.265,880.58,0.843938
827.227,630.318,0.916455,803.62,668.705,0.965142,780.139,668.515,0.951532,780.234,715.595,0.968475,824.325,727.452,0.845686,824.433,671.623,0.932128,821.49,715.716,0.769363,847.827,721.685,0.608059,777.34,753.928,0.868643,759.56,748.133,0.889679,759.671,809.838,0.952733,736.14,877.586,0.906393,789.12,756.842,0.829255,803.693,809.922,0.948108,783.094,874.636,0.886544,815.544,624.557,0.905261,827.179,624.613,0.603844,800.775,630.441,0.856287,0,0,0,803.709,883.446,0.8045,803.729,880.561,0.815427,777.301,880.409,0.836343,753.674,889.402,0.794177,736.189,886.512,0.812431,733.265,880.58,0.843942
806.752,633.332,0.923131,797.941,671.503,0.937281,777.287,671.57,0.943671,800.834,712.779,0.894658,839.124,698.073,0.849263,815.615,671.495,0.900166,833.227,715.774,0.768607,853.771,700.999,0.627508,786.102,762.834,0.912796,774.374,762.768,0.881983,777.343,812.739,0.908868,736.138,880.604,0.915873,803.847,762.892,0.931804,815.632,812.927,0.893541,783.21,877.575,0.862284,803.688,627.5,0.918886,806.706,627.391,0.702651,783.199,642.101,0.927173,0,0,0,803.7,883.555,0.65412,803.669,883.393,0.661422,780.124,880.441,0.789783,756.576,898.237,0.819327,739.08,898.118,0.778553,733.172,883.514,0.836401
847.824,742.326,0.167121,850.824,762.774,0.594251,836.194,762.774,0.420912,845.023,786.348,0.104397,0,0,0,853.818,762.716,0.617002,865.597,789.402,0.390209,851.001,809.902,0.350138,856.723,809.77,0.530326,850.948,809.783,0.503915,874.517,836.259,0.33011,903.878,862.859,0.286438,865.643,809.839,0.525758,877.38,833.473,0.473616,906.868,862.877,0.389648,847.827,742.132,0.128377,847.954,742.171,0.163946,300,0,0,850.879,742.334,0.212923,912.71,871.694,0.330707,915.605,871.729,0.327214,915.677,868.707,0.350002,903.851,877.59,0.165472,900.98,874.677,0.171098,912.679,865.802,0.244139
806.758,633.331,0.923087,797.94,671.505,0.937461,777.291,671.571,0.944685,800.829,712.774,0.892629,839.108,698.068,0.850281,815.605,671.499,0.900077,833.227,715.775,0.770384,853.786,700.976,0.628589,786.095,762.835,0.914273,774.366,762.769,0.881627,777.342,812.737,0.910133,736.129,880.603,0.917025,803.841,762.895,0.931462,815.633,812.932,0.891174,783.204,877.588,0.867304,803.693,627.498,0.920293,806.713,627.389,0.702418,783.201,642.1,0.926998,0,0,0,803.714,883.585,0.660549,803.675,883.414,0.66843,780.107,880.455,0.792228,756.587,901.021,0.815146,739.093,898.132,0.771293,733.157,883.512,0.83665
847.857,742.328,0.165143,850.815,762.794,0.575917,836.144,762.803,0.408676,845.017,786.38,0.102086,0,0,0,853.83,762.719,0.598583,868.467,792.224,0.371132,853.733,809.934,0.338065,853.961,809.819,0.525596,850.893,809.843,0.498218,874.484,833.568,0.314878,903.87,862.865,0.269866,865.631,809.892,0.513633,877.4,833.479,0.468024,906.87,862.894,0.386413,847.847,742.141,0.130074,847.976,742.176,0.161356,300,0,0,850.89,742.335,0.204023,915.587,871.694,0.329512,915.626,871.721,0.325866,915.665,868.73,0.346966,903.855,877.572,0.156344,900.986,874.651,0.16079,912.667,865.81,0.231028
806.76,633.33,0.922852,797.932,671.508,0.936779,777.274,671.578,0.942101,800.815,712.778,0.892258,839.096,698.068,0.852442,815.606,671.497,0.900049,833.215,715.747,0.770623,853.783,700.982,0.613335,786.099,762.837,0.914366,774.369,762.771,0.882003,777.342,812.74,0.910186,736.134,880.609,0.916943,803.842,762.897,0.932273,818.466,812.933,0.889679,783.207,877.592,0.868852,803.695,627.498,0.919532,806.711,627.393,0.689062,783.199,642.105,0.927468,0,0,0,803.712,883.593,0.659405,803.675,883.418,0.668047,780.107,880.459,0.795133,756.587,901.029,0.816953,739.094,898.139,0.770648,733.162,883.519,0.835898
847.892,742.295,0.153992,850.805,762.768,0.55813,836.133,762.782,0.392434,845.043,786.367,0.0986304,0,0,0,853.817,762.689,0.581546,868.481,792.203,0.360652,853.749,809.921,0.330486,853.928,809.841,0.51878,850.852,809.867,0.486913,874.502,833.56,0.31031,903.872,862.866,0.267775,865.601,809.911,0.500361,877.423,833.48,0.465257,909.713,862.913,0.385632,847.861,742.118,0.123184,847.988,742.138,0.149457,300,0,0,850.885,742.301,0.189002,915.607,871.683,0.327068,915.632,871.706,0.322756,915.661,868.737,0.346208,903.882,877.563,0.154704,901.005,874.648,0.159624,912.658,865.812,0.229915
806.757,633.35,0.922093,797.92,671.516,0.935427,777.257,671.585,0.939292,800.809,712.775,0.89173,839.08,698.064,0.853318,815.602,671.503,0.899742,833.22,715.724,0.769736,853.786,700.95,0.611894,786.101,762.844,0.91456,774.372,762.778,0.882886,777.342,812.744,0.909644,736.14,880.618,0.915552,803.845,762.904,0.933749,818.47,812.935,0.888787,783.211,877.595,0.869216,803.695,627.504,0.919154,806.713,627.406,0.697644,783.195,642.105,0.92837,0,0,0,803.712,883.599,0.661812,803.677,883.423,0.671553,780.109,880.461,0.796724,756.595,901.027,0.813598,739.097,898.143,0.766548,733.165,883.533,0.833906
847.917,742.331,0.153038,850.809,762.779,0.54971,833.326,762.798,0.390879,844.995,786.392,0.0990802,0,0,0,853.85,762.695,0.573584,868.499,792.227,0.367005,853.762,809.934,0.333388,853.91,809.87,0.515317,850.809,809.895,0.482039,874.469,833.56,0.299219,903.864,862.865,0.251861,865.613,809.937,0.496462,877.434,833.48,0.466507,909.725,862.921,0.388197,847.883,742.152,0.123903,850.732,742.168,0.151159,839.089,742.195,0.133086,850.899,742.314,0.185337,915.641,871.688,0.333571,915.662,871.699,0.330323,915.667,868.743,0.347872,903.872,877.552,0.146866,900.997,874.62,0.149764,912.656,865.816,0.216669
803.935,642.04,0.943101,800.733,671.485,0.940578,780.151,671.706,0.949416,824.315,695.141,0.915069,850.867,665.56,0.83153,812.62,668.732,0.885067,850.975,698.12,0.88475,859.717,668.505,0.827549,792.048,762.917,0.890176,780.115,762.908,0.925183,780.257,818.789,0.883248,736.13,880.592,0.904235,806.812,762.907,0.922404,824.308,818.703,0.863179,783.312,880.414,0.913182,797.959,636.228,0.846976,803.891,633.283,0.650749,780.298,645.136,0.973561,0,0,0,803.859,886.446,0.654124,803.804,883.563,0.626522,780.172,880.52,0.925129,756.579,898.13,0.79431,739.103,895.206,0.750021,733.119,883.432,0.821095
803.935,642.038,0.942519,800.732,671.488,0.940502,780.149,671.705,0.949582,824.3,695.145,0.913615,850.865,665.566,0.834396,812.626,668.736,0.885817,850.973,698.121,0.883455,859.74,668.502,0.82677,792.049,762.922,0.890932,780.115,762.912,0.926259,780.258,818.794,0.883249,736.124,880.589,0.90343,806.813,762.912,0.923601,824.306,818.704,0.863009,783.311,880.412,0.913222,797.957,636.222,0.846789,803.891,633.281,0.652471,780.299,645.134,0.973723,0,0,0,803.852,886.45,0.655692,803.801,883.565,0.627992,780.174,880.517,0.924046,756.581,898.125,0.79276,739.108,895.199,0.748496,733.112,883.426,0.821049
803.937,642.034,0.941584,800.733,671.489,0.940751,780.147,671.706,0.94888,824.308,695.141,0.912616,850.878,665.562,0.832475,812.629,668.74,0.885207,851.003,698.14,0.885838,859.742,668.501,0.829989,792.053,762.923,0.891077,780.115,762.913,0.926225,780.26,818.795,0.883255,736.127,880.588,0.902886,806.817,762.915,0.924044,824.306,818.705,0.862787,783.31,880.415,0.913427,797.96,636.219,0.846487,803.891,633.277,0.646674,780.3,645.135,0.974258,0,0,0,803.849,886.455,0.655438,803.797,883.569,0.62748,780.172,880.519,0.923722,756.582,898.125,0.794719,739.111,895.198,0.749417,733.115,883.425,0.820792
803.938,642.027,0.941214,800.732,671.488,0.940384,780.145,671.705,0.948304,824.308,695.141,0.912767,850.879,665.559,0.831908,812.626,668.74,0.88555,851.008,698.144,0.88646,859.746,668.486,0.830664,792.053,762.922,0.890786,780.115,762.912,0.925948,780.261,818.792,0.883817,736.13,880.587,0.903577,806.817,762.914,0.923479,824.304,818.704,0.862448,783.309,880.419,0.914365,797.958,636.212,0.845817,803.888,633.271,0.638299,780.301,645.135,0.973986,0,0,0,803.852,886.46,0.655169,803.8,883.573,0.627781,780.171,880.522,0.92362,756.588,898.132,0.799181,739.117,895.204,0.751956,733.12,883.422,0.821599
803.939,642.027,0.940804,800.733,671.487,0.940809,780.143,671.703,0.948489,824.318,695.139,0.913961,850.893,662.772,0.831474,812.628,668.741,0.885094,853.72,698.151,0.889311,859.752,668.461,0.832402,792.054,762.924,0.890544,780.114,762.912,0.925508,780.26,818.794,0.883513,736.133,880.589,0.903687,806.819,762.915,0.923365,824.305,818.703,0.862446,783.309,880.418,0.914349,797.958,636.211,0.844987,803.885,633.266,0.634592,780.301,645.134,0.973516,0,0,0,803.848,886.46,0.654044,803.797,883.574,0.626417,780.171,880.521,0.924267,756.587,898.126,0.79727,739.119,895.198,0.750169,733.123,883.425,0.822391
803.937,642.024,0.94039,800.733,671.486,0.941075,780.142,671.702,0.948859,824.312,695.136,0.914242,850.887,662.77,0.830566,812.628,668.74,0.884908,853.724,698.152,0.888111,859.751,668.458,0.831466,792.05,762.924,0.890867,780.11,762.913,0.925576,780.263,818.788,0.88437,736.134,880.581,0.902719,806.818,762.916,0.923419,824.305,818.703,0.862565,783.31,880.418,0.914259,797.957,636.211,0.845083,803.878,633.266,0.628263,780.303,645.137,0.974075,0,0,0,803.851,886.458,0.653637,803.8,883.573,0.626856,780.171,880.521,0.924519,756.584,898.122,0.796238,739.108,892.366,0.750906,733.126,883.416,0.822387
803.936,642.026,0.940452,800.733,671.486,0.940875,780.141,671.701,0.949016,824.311,695.137,0.91359,850.89,662.765,0.829238,812.627,668.74,0.884484,853.729,698.151,0.887969,859.751,665.721,0.829478,792.049,762.924,0.890866,780.11,762.913,0.925701,780.262,818.789,0.884167,736.136,880.582,0.903041,806.817,762.917,0.923391,824.305,818.703,0.862673,783.31,880.417,0.914141,797.958,636.213,0.844778,803.876,633.268,0.625416,780.304,645.135,0.973529,0,0,0,803.851,886.457,0.653281,803.8,883.571,0.626518,780.171,880.52,0.92488,756.583,898.12,0.796197,739.108,892.366,0.751178,733.128,883.418,0.823555
803.934,642.029,0.940931,800.732,671.485,0.940732,780.143,671.7,0.949688,824.301,695.135,0.913463,850.88,662.766,0.828414,812.623,668.74,0.884678,853.728,698.142,0.886396,859.748,665.722,0.82772,792.044,762.925,0.891246,780.107,762.913,0.92583,780.27,818.78,0.885409,736.137,880.573,0.901889,806.815,762.919,0.923324,824.302,818.718,0.860498,783.311,880.421,0.914524,797.957,636.218,0.845221,803.87,633.274,0.620098,780.305,645.138,0.9738,0,0,0,803.851,886.463,0.653333,803.802,883.578,0.627283,780.172,880.521,0.924182,756.581,898.118,0.794928,739.106,892.359,0.751832,733.13,883.409,0.823085
803.934,642.029,0.940936,800.733,671.484,0.940898,780.143,671.701,0.949694,824.302,695.135,0.91358,850.88,662.766,0.828368,812.624,668.74,0.884638,853.728,698.142,0.886478,859.747,665.722,0.827697,792.045,762.926,0.891203,780.107,762.913,0.925829,780.269,818.781,0.885322,736.137,880.574,0.901947,806.815,762.919,0.923263,824.302,818.719,0.860492,783.311,880.421,0.914471,797.957,636.218,0.845187,803.869,633.274,0.620458,780.305,645.138,0.973836,0,0,0,803.851,886.463,0.653396,803.802,883.577,0.627238,780.172,880.521,0.924231,756.582,898.118,0.794918,739.107,892.359,0.751405,733.129,883.41,0.822823
803.934,642.029,0.940928,800.733,671.484,0.940992,780.143,671.701,0.949778,824.302,695.135,0.913527,850.88,662.766,0.828386,812.624,668.74,0.884677,853.728,698.142,0.886485,859.747,665.722,0.827693,792.045,762.926,0.891264,780.107,762.913,0.925949,780.269,818.781,0.885324,736.137,880.574,0.90197,806.816,762.919,0.923313,824.302,818.719,0.860516,783.311,880.421,0.914491,797.957,636.218,0.845174,803.869,633.273,0.620082,780.304,645.138,0.973914,0,0,0,803.851,886.463,0.653476,803.802,883.577,0.627315,780.172,880.522,0.924247,756.582,898.118,0.79483,739.106,892.359,0.751383,733.129,883.41,0.822767
803.934,642.028,0.940889,800.733,671.485,0.941098,780.144,671.701,0.949795,824.302,695.135,0.913513,850.88,662.766,0.828363,812.625,668.74,0.88471,853.729,698.142,0.886492,859.747,665.722,0.827652,792.045,762.926,0.891278,780.107,762.913,0.925999,780.269,818.781,0.885319,736.137,880.574,0.901952,806.816,762.919,0.923311,824.302,818.719,0.860505,783.311,880.421,0.914485,797.957,636.217,0.845199,803.869,633.273,0.619308,780.305,645.139,0.973933,0,0,0,803.851,886.464,0.653513,803.802,883.577,0.627341,780.172,880.522,0.924279,756.582,898.117,0.794815,739.106,892.359,0.751346,733.13,883.41,0.822755
803.934,642.029,0.940998,800.733,671.485,0.94114,780.144,671.701,0.94987,824.302,695.135,0.913411,850.88,662.766,0.828325,812.625,668.74,0.884735,853.729,698.142,0.886514,859.747,665.722,0.827682,792.045,762.926,0.891325,780.107,762.913,0.926068,780.269,818.781,0.885315,736.137,880.574,0.901977,806.816,762.919,0.92336,824.302,818.719,0.860549,783.311,880.421,0.914483,797.957,636.218,0.845275,803.869,633.273,0.61958,780.305,645.139,0.973971,0,0,0,803.851,886.463,0.653535,803.802,883.577,0.62737,780.172,880.522,0.924274,756.582,898.118,0.79476,739.106,892.359,0.751297,733.13,883.41,0.822639
803.932,642.031,0.941189,800.737,671.484,0.941998,780.145,671.702,0.950094,824.309,695.135,0.914613,850.884,662.766,0.827917,812.63,668.736,0.884576,853.734,698.126,0.887692,859.749,665.708,0.82541,792.046,762.927,0.89113,780.107,762.914,0.926455,780.268,818.782,0.88535,736.136,880.573,0.902324,806.817,762.92,0.922892,824.302,818.72,0.860169,783.313,880.421,0.914033,797.953,636.22,0.84472,803.869,633.275,0.62621,780.303,645.138,0.97425,0,0,0,803.851,886.462,0.653739,803.802,883.575,0.627655,780.173,880.523,0.923956,756.578,898.118,0.796217,739.102,892.358,0.75325,733.132,883.411,0.823097
803.931,642.034,0.941278,800.738,671.483,0.942449,780.146,671.701,0.950241,824.318,695.136,0.915236,850.892,662.767,0.827288,812.632,668.733,0.884446,853.736,698.107,0.889494,859.757,665.694,0.823227,792.045,762.925,0.891097,780.108,762.913,0.926787,780.268,818.782,0.88531,736.136,880.575,0.902438,806.817,762.918,0.922603,824.302,818.721,0.860231,783.312,880.423,0.914284,797.953,636.223,0.844342,803.872,633.28,0.627589,780.303,645.136,0.973896,0,0,0,803.851,886.47,0.65466,803.802,883.581,0.628537,780.172,880.525,0.922654,756.58,898.124,0.797251,739.103,892.362,0.753186,733.131,883.412,0.823269
803.929,642.039,0.941903,800.739,671.482,0.942284,780.147,671.704,0.950048,824.332,695.136,0.916506,850.895,662.755,0.825006,812.625,668.73,0.884961,853.734,698.086,0.89317,859.735,665.684,0.823323,792.047,762.924,0.890326,780.108,762.914,0.926166,780.268,818.78,0.88533,736.136,880.576,0.902096,806.818,762.915,0.921813,824.302,818.714,0.860459,783.318,880.423,0.91428,797.952,636.232,0.843828,803.869,633.289,0.622034,780.301,645.139,0.973781,0,0,0,803.859,886.468,0.655159,803.807,883.579,0.628623,780.174,880.527,0.923592,756.583,898.125,0.796629,739.107,892.362,0.75207,733.131,883.413,0.822813
803.918,621.654,0.815489,803.898,651.077,0.914672,783.349,656.862,0.852664,827.38,639.157,0.824317,827.452,598.075,0.843139,824.45,651.008,0.818316,868.527,645.083,0.861378,847.909,603.928,0.763031,803.912,748.047,0.895459,786.209,745.242,0.838743,780.197,812.996,0.91802,736.113,880.649,0.917848,821.496,748.081,0.82417,824.346,812.902,0.903652,783.372,877.63,0.892118,800.766,621.582,0.757302,803.794,621.403,0.338803,783.111,630.402,0.754573,0,0,0,803.807,889.368,0.738059,803.854,886.389,0.729858,780.233,880.473,0.915249,753.749,898.14,0.741859,739.053,892.341,0.719988,733.232,883.552,0.798206
803.917,621.653,0.815183,803.898,651.079,0.914265,783.346,656.863,0.853037,827.372,639.156,0.825552,827.444,598.074,0.846893,824.454,651.01,0.817853,868.546,645.084,0.864958,847.913,603.934,0.76406,803.912,748.048,0.895137,786.209,745.243,0.838562,780.195,812.997,0.917905,736.119,880.648,0.91647,821.496,748.081,0.823802,824.352,812.9,0.904038,783.377,877.625,0.890893,800.764,621.582,0.756592,803.792,621.402,0.340949,783.11,630.404,0.755732,0,0,0,803.811,889.362,0.736764,803.858,886.384,0.728393,780.235,880.469,0.916002,753.746,898.141,0.742205,739.051,892.344,0.720946,733.239,883.549,0.796079
803.918,621.653,0.81367,803.897,651.078,0.914298,783.347,656.86,0.852722,827.374,639.149,0.825165,827.436,598.072,0.84902,824.451,651.01,0.817935,868.536,645.08,0.863261,847.909,603.929,0.7648,803.913,748.05,0.894922,786.209,745.245,0.838329,780.197,812.996,0.917992,736.119,880.647,0.916975,821.498,748.083,0.82383,824.348,812.899,0.903732,783.378,877.626,0.89084,800.766,621.583,0.754816,803.794,621.402,0.340989,783.111,630.403,0.754084,0,0,0,803.814,889.359,0.739686,803.862,886.382,0.731299,780.237,880.469,0.915321,753.756,898.144,0.743449,739.058,892.347,0.720166,733.239,883.549,0.797558
803.919,621.652,0.813712,803.9,651.079,0.914332,783.347,656.86,0.852642,827.37,639.146,0.825433,827.432,598.068,0.851673,827.204,651.012,0.818066,868.55,645.078,0.865921,847.905,603.927,0.765986,803.911,748.052,0.895018,786.207,745.246,0.838501,780.196,812.996,0.917893,736.124,880.641,0.914923,821.496,748.084,0.823733,824.348,812.897,0.903743,786.082,877.617,0.88993,800.765,621.582,0.754516,803.794,621.401,0.343278,783.11,630.405,0.755091,0,0,0,803.814,889.361,0.738632,803.865,886.382,0.730153,780.239,880.467,0.914821,753.751,898.147,0.744425,739.053,892.349,0.722306,733.245,883.539,0.795931
803.919,621.65,0.813905,803.899,651.072,0.915097,783.347,656.856,0.85264,827.373,639.142,0.824476,827.431,598.072,0.850164,824.453,651.003,0.818216,868.541,645.072,0.863446,847.903,603.917,0.76732,803.912,748.055,0.894264,786.205,745.248,0.838717,780.194,812.996,0.917229,736.123,880.643,0.91596,821.501,748.091,0.822846,824.34,812.906,0.901612,783.378,877.628,0.890312,800.766,621.581,0.75425,803.793,621.399,0.342697,783.112,630.403,0.754501,0,0,0,803.811,889.365,0.741507,803.864,886.384,0.733382,780.239,880.471,0.913485,753.753,898.151,0.744793,739.055,892.355,0.721667,733.244,883.543,0.796678
803.918,621.654,0.823645,803.897,651.072,0.914734,783.344,656.861,0.852459,827.37,639.143,0.824378,827.429,598.07,0.848917,824.45,651.002,0.818215,868.54,645.072,0.863021,847.903,603.917,0.766686,803.912,748.055,0.894282,786.208,745.248,0.838056,780.194,812.997,0.916842,736.123,880.645,0.915793,821.499,748.089,0.822706,824.339,812.911,0.900715,783.375,877.63,0.891117,800.758,621.585,0.761326,803.793,621.405,0.351379,783.102,630.415,0.759842,0,0,0,803.81,889.374,0.742273,803.862,886.389,0.73477,780.237,880.471,0.913607,753.754,898.153,0.744034,739.057,892.357,0.720281,733.243,883.544,0.796281
803.922,621.64,0.82527,803.894,651.071,0.91498,783.346,656.86,0.852876,827.371,639.143,0.824359,827.431,598.067,0.849097,824.442,651.002,0.817563,868.534,645.075,0.862369,847.893,603.916,0.765645,803.911,748.055,0.8943,786.207,745.249,0.838191,780.194,812.996,0.916795,736.124,880.644,0.915414,821.496,748.089,0.822541,824.338,812.908,0.900959,783.378,877.632,0.890983,800.765,621.573,0.763538,803.8,621.386,0.340083,783.106,630.405,0.762719,0,0,0,803.816,889.37,0.742541,803.868,886.387,0.734703,780.238,880.472,0.914353,753.755,898.152,0.743934,739.057,892.355,0.72036,733.243,883.543,0.795775
803.921,621.641,0.831267,803.892,651.07,0.914871,783.343,656.863,0.852736,827.37,639.146,0.824539,827.429,598.067,0.848069,824.44,651,0.817764,868.534,645.075,0.862141,847.893,603.916,0.765433,803.911,748.056,0.894087,786.206,745.251,0.837969,780.193,812.997,0.916357,736.125,880.645,0.915214,821.495,748.089,0.822278,824.337,812.913,0.900048,783.374,877.633,0.891224,800.757,621.576,0.76857,803.798,621.388,0.347363,783.096,630.414,0.766258,0,0,0,803.799,889.375,0.740828,803.855,886.391,0.733767,780.238,880.472,0.912844,753.756,898.153,0.744255,739.058,892.357,0.720469,733.243,883.544,0.795363
803.927,621.629,0.832567,803.888,651.067,0.915522,783.343,656.856,0.853386,827.374,639.143,0.824567,827.429,598.064,0.848919,824.429,651,0.817036,868.525,645.079,0.860826,847.885,603.914,0.764397,803.909,748.055,0.894016,786.204,745.251,0.838053,780.193,812.996,0.91625,736.124,880.644,0.915179,821.49,748.088,0.821999,824.336,812.91,0.900278,786.082,877.626,0.890299,800.766,621.565,0.771447,803.81,621.372,0.338319,783.102,630.401,0.769166,0,0,0,803.803,889.369,0.740202,803.86,886.388,0.732299,780.243,880.473,0.913771,753.754,898.15,0.743744,739.055,892.354,0.721186,733.245,883.541,0.795683
803.922,621.627,0.835578,803.886,651.081,0.913351,783.335,656.865,0.853282,827.365,639.15,0.821655,827.436,598.082,0.843694,824.431,651.016,0.815486,868.505,645.083,0.856961,847.871,603.905,0.763292,803.912,748.055,0.893537,786.204,745.249,0.838509,780.193,813,0.915233,736.122,880.647,0.91637,821.502,748.088,0.822979,824.334,812.911,0.899763,783.377,877.632,0.888652,800.759,621.563,0.773836,803.809,621.366,0.344627,783.095,630.407,0.770241,0,0,0,803.758,889.371,0.730293,803.826,886.394,0.723228,780.243,880.471,0.907831,753.746,898.153,0.74627,739.043,892.355,0.726174,733.247,883.543,0.796666
812.604,597.824,0.381342,809.725,621.422,0.904208,789.148,621.476,0.837317,827.429,594.957,0.779793,850.924,559.701,0.703141,830.301,618.62,0.845176,853.975,586.182,0.821854,862.683,553.789,0.740349,806.872,715.68,0.910298,797.928,715.58,0.862024,780.24,783.304,0.900905,753.671,856.883,0.852859,827.276,715.761,0.904552,824.281,789.226,0.873523,803.666,859.901,0.930691,803.774,595.04,0.342548,794.988,597.8,0.187512,786.142,600.899,0.428892,800.9,597.854,0.15162,809.767,880.622,0.785803,821.439,880.379,0.743174,789.101,862.845,0.791098,759.717,880.394,0.742318,750.803,877.505,0.720969,744.942,859.813,0.727559
809.698,597.834,0.386642,809.72,621.419,0.904518,789.142,621.473,0.837062,827.432,594.962,0.77759,850.919,559.718,0.701574,830.294,618.617,0.844454,853.972,586.206,0.822485,862.646,553.812,0.749621,806.872,715.68,0.909767,797.929,715.58,0.861704,780.241,783.304,0.901254,753.675,856.881,0.853306,827.276,715.76,0.903997,824.284,789.226,0.873845,803.665,859.897,0.930993,800.865,595.066,0.345559,794.976,597.792,0.1941,786.12,600.902,0.429723,800.915,597.852,0.161129,809.776,880.614,0.783614,821.439,877.635,0.741763,789.099,862.842,0.791745,759.715,880.39,0.741798,750.805,877.499,0.719366,744.947,859.812,0.727026
809.675,597.83,0.39222,809.719,621.417,0.90352,789.14,621.471,0.836159,830.214,594.941,0.774666,850.934,559.701,0.704931,830.288,618.61,0.842848,853.966,586.21,0.820522,862.626,553.825,0.746402,806.872,715.681,0.909666,797.929,715.581,0.861624,780.238,783.305,0.901413,753.678,856.879,0.853798,827.276,715.76,0.903703,824.286,789.227,0.874037,803.662,859.894,0.931367,800.848,595.062,0.349439,795.003,595.095,0.196898,786.105,600.9,0.434512,803.698,597.82,0.164026,809.765,880.619,0.78512,821.427,877.64,0.741457,789.094,862.835,0.79308,759.715,877.638,0.740531,750.803,877.494,0.717966,744.955,859.812,0.726019
806.69,598.001,0.861357,809.635,621.575,0.928299,786.162,624.61,0.850896,830.237,598.061,0.700573,850.815,568.541,0.719167,830.397,618.574,0.821366,853.789,577.521,0.770084,856.854,553.819,0.696951,809.76,718.645,0.878805,800.762,718.582,0.884254,780.333,789.239,0.943416,762.549,859.932,0.893277,830.149,718.665,0.905315,818.519,792.348,0.839724,803.826,862.899,0.92367,800.909,597.9,0.827546,806.731,594.941,0.697732,786.231,601.052,0.684988,815.607,592.05,0.249484,803.912,883.536,0.851565,812.64,883.41,0.784616,800.77,868.73,0.707722,777.284,883.411,0.823277,759.737,880.56,0.813929,762.534,862.961,0.740835
806.675,598.017,0.855519,809.657,621.568,0.922085,786.177,624.62,0.846118,827.394,600.794,0.70415,850.795,568.589,0.726183,830.414,618.547,0.813799,853.774,577.495,0.762164,856.847,553.807,0.6896,809.766,718.634,0.877976,800.768,718.567,0.884842,780.334,789.233,0.944741,762.539,859.935,0.894562,830.155,718.661,0.905751,818.525,792.349,0.839924,803.826,862.903,0.921246,800.897,597.92,0.821252,806.708,594.964,0.701304,786.225,601.07,0.674824,815.547,592.074,0.26758,803.898,883.534,0.846304,812.625,883.412,0.784887,800.775,868.73,0.706173,777.263,883.417,0.824773,759.722,880.567,0.82055,762.534,862.966,0.738947
806.673,598.026,0.860409,809.663,621.582,0.925087,786.168,627.364,0.842104,827.32,600.839,0.69684,848.005,571.496,0.729893,830.431,618.55,0.812627,853.762,577.462,0.783523,856.866,553.76,0.705505,809.757,718.665,0.87933,800.747,718.595,0.881277,780.321,789.27,0.945038,762.547,859.947,0.893547,830.154,718.689,0.906824,818.507,795.141,0.836755,803.816,862.908,0.920913,800.897,597.93,0.826364,806.709,594.973,0.713738,786.205,601.084,0.676773,815.556,592.076,0.267986,803.89,883.546,0.842637,812.619,883.423,0.785244,800.771,868.73,0.706498,777.257,883.427,0.835038,759.722,880.587,0.831863,762.545,862.979,0.737996
806.826,600.854,0.858778,806.809,624.5,0.97016,783.327,630.397,0.863739,821.475,612.674,0.705744,844.942,577.512,0.794294,830.345,621.567,0.893532,853.907,589.178,0.818485,856.83,559.679,0.717298,809.696,721.638,0.859012,797.955,721.609,0.848143,780.383,792.333,0.899483,762.555,865.874,0.845421,827.438,721.633,0.883191,818.477,801.085,0.824757,803.795,865.891,0.902508,803.743,598.053,0.880553,806.888,597.935,0.697193,786.125,603.917,0.779292,827.196,592.141,0.133467,806.764,883.604,0.880066,815.597,883.43,0.800447,797.908,874.68,0.738468,774.413,883.6,0.792862,759.698,883.512,0.833503,759.771,877.536,0.797672
806.828,600.849,0.858559,806.808,624.498,0.970144,783.325,630.394,0.86416,821.474,612.688,0.702324,844.936,577.526,0.792575,830.343,621.57,0.89279,853.925,589.182,0.818425,856.818,559.674,0.715492,809.694,721.632,0.860084,797.95,721.603,0.848647,780.382,792.32,0.901703,762.553,865.856,0.846432,827.438,721.628,0.884024,818.478,801.084,0.825288,803.796,865.882,0.903546,803.746,598.049,0.880762,806.888,597.934,0.698211,786.126,603.911,0.778829,827.184,592.158,0.132664,806.758,883.597,0.879043,815.593,883.426,0.799685,797.912,874.673,0.739577,774.399,883.593,0.792767,759.687,883.504,0.835917,759.773,877.522,0.794289
806.856,600.846,0.856278,806.809,624.493,0.969317,783.333,630.381,0.863378,821.496,612.692,0.701805,842.11,577.528,0.792736,830.337,621.573,0.892473,853.929,589.163,0.816391,856.795,556.887,0.709044,809.692,721.637,0.858244,800.727,721.602,0.847811,780.377,792.325,0.897856,762.541,865.856,0.847242,827.429,721.63,0.881845,818.461,801.098,0.824612,803.788,865.88,0.901186,803.772,598.045,0.884191,806.914,597.942,0.685539,786.152,603.901,0.780693,827.231,592.125,0.119275,806.766,883.589,0.876619,815.588,883.419,0.798051,797.898,874.671,0.737811,774.409,883.593,0.791731,759.69,883.509,0.833294,759.757,877.523,0.797077
812.651,603.848,0.842748,806.87,633.248,0.894084,786.133,639.128,0.860543,803.81,648.124,0.747123,836.217,606.858,0.73336,830.426,627.485,0.847867,856.747,606.886,0.782112,859.709,577.339,0.742457,809.666,736.202,0.857234,797.907,733.383,0.8333,783.092,803.993,0.903076,762.565,877.629,0.848596,827.411,736.219,0.858563,818.506,806.964,0.837894,803.742,874.585,0.891051,806.711,601.008,0.918648,815.566,600.819,0.76769,797.842,612.65,0.787955,827.195,600.868,0.0965847,809.672,886.453,0.844571,815.63,883.479,0.824364,795.013,880.393,0.758001,780.096,892.275,0.727713,762.613,889.389,0.710958,759.687,883.362,0.794346
812.643,603.838,0.849261,806.87,633.245,0.895403,786.13,639.129,0.860651,803.819,648.127,0.741559,836.233,606.805,0.73587,830.431,627.488,0.846162,856.737,606.853,0.792161,859.719,577.346,0.746059,809.668,736.216,0.859772,797.911,733.399,0.835108,783.071,804.04,0.907052,762.567,880.423,0.857904,827.415,736.235,0.861189,818.527,807.008,0.843631,803.723,874.615,0.89328,806.704,601.003,0.923687,815.561,600.811,0.775304,797.83,612.649,0.788725,827.204,600.858,0.0957092,809.663,886.481,0.857098,815.629,883.504,0.839022,795,880.406,0.770597,777.35,892.331,0.731293,762.605,889.431,0.712358,759.708,883.415,0.792873
812.678,601.093,0.847173,806.879,630.428,0.895398,786.125,639.131,0.862616,803.85,648.103,0.749387,839.08,606.765,0.743815,830.44,627.478,0.845537,856.75,606.828,0.793216,859.772,577.329,0.748015,809.655,736.246,0.865271,797.885,736.201,0.836309,783.084,804.034,0.903666,762.578,880.428,0.858515,827.404,736.267,0.864188,818.496,809.753,0.84591,803.727,874.637,0.895195,806.72,600.972,0.919594,815.594,598.115,0.755687,797.862,609.812,0.79231,827.225,600.831,0.0910862,809.641,886.486,0.845165,815.609,883.513,0.828417,795.007,880.419,0.769271,777.363,892.328,0.732174,762.612,889.429,0.712248,759.715,883.421,0.793936
821.399,601.054,0.779299,806.862,636.221,0.903576,783.279,636.285,0.8727,797.915,656.834,0.790598,827.349,624.564,0.863098,833.31,630.399,0.839426,874.46,618.605,0.829346,871.407,583.265,0.773195,809.665,736.279,0.879612,797.86,736.232,0.845537,783.14,803.97,0.899666,762.577,880.374,0.858363,827.426,736.31,0.881467,818.549,809.749,0.852089,803.644,874.676,0.892634,806.852,600.969,0.862165,821.459,598.095,0.609995,797.942,609.796,0.798891,0,0,0,806.904,886.529,0.824709,815.52,883.549,0.814317,792.056,880.463,0.78394,780.121,892.263,0.762593,762.615,889.367,0.734077,759.697,883.366,0.809086
821.404,601.053,0.781005,806.865,636.224,0.903475,783.281,636.288,0.872393,797.921,656.832,0.791426,827.35,624.558,0.863352,833.316,630.404,0.837729,874.462,618.601,0.829543,871.407,583.264,0.773068,809.665,736.274,0.879093,797.862,736.227,0.84512,783.147,803.943,0.896896,762.579,877.615,0.856467,827.426,736.305,0.881373,818.55,809.739,0.850351,803.645,874.662,0.892114,806.855,600.967,0.863235,821.463,598.093,0.613063,797.944,609.797,0.799602,0,0,0,806.896,886.514,0.826144,812.707,883.532,0.81304,792.059,880.455,0.783385,780.112,889.425,0.764422,762.601,889.346,0.738425,759.701,880.65,0.809333
821.395,601.051,0.786039,806.86,636.23,0.904311,783.279,636.294,0.872729,800.748,653.975,0.794537,827.375,624.536,0.864317,833.306,630.414,0.836114,874.453,618.603,0.82768,871.402,583.272,0.770739,809.665,736.278,0.879794,797.866,736.23,0.846291,783.149,803.937,0.896371,762.588,877.59,0.852691,827.424,736.308,0.881817,818.549,809.737,0.850003,803.648,874.657,0.892476,806.85,600.967,0.86935,821.455,598.093,0.620977,797.934,609.798,0.800887,0,0,0,806.884,886.505,0.826836,812.698,883.527,0.812734,792.068,880.451,0.782741,780.106,889.402,0.764957,762.594,889.32,0.740172,759.714,880.628,0.805979
821.401,601.046,0.788642,806.863,636.233,0.904209,783.277,639.106,0.872611,800.748,653.971,0.795188,827.363,624.536,0.863104,833.316,630.42,0.834235,874.457,618.596,0.828935,871.403,583.264,0.771936,809.665,736.277,0.879951,797.865,736.229,0.846244,783.15,803.937,0.896366,762.588,877.588,0.852736,827.425,736.307,0.882124,818.549,809.736,0.849723,803.65,874.656,0.892757,806.854,600.963,0.870903,821.46,598.089,0.622859,797.935,609.799,0.801809,0,0,0,806.875,886.5,0.827798,812.69,883.525,0.813174,792.072,880.45,0.782656,780.102,889.398,0.764277,762.59,889.315,0.740452,759.717,880.625,0.805488
,,,,,,,,,,,,,,,,,,,,,,,,,,,,,,,,,,,,,,,,,,,,,,,,,,,,,,,,,,,,,,,,,,,,,,,,,,
,,,,,,,,,,,,,,,,,,,,,,,,,,,,,,,,,,,,,,,,,,,,,,,,,,,,,,,,,,,,,,,,,,,,,,,,,,
,,,,,,,,,,,,,,,,,,,,,,,,,,,,,,,,,,,,,,,,,,,,,,,,,,,,,,,,,,,,,,,,,,,,,,,,,,
 ,,,,,,,,,,,,,,,,,,,,,,,,,,,,,,,,,,,,,,,,,,,,,,,,,,,,,,,,,,,,,,,,,,,,,,,,,,
