854.08,509.77,0.845883,833.499,550.786,0.971987,809.972,550.72,0.946593,809.76,609.724,0.895936,836.405,648.161,0.974603,856.972,550.808,0.922459,856.847,600.987,0.811134,856.941,647.911,0.799737,812.811,650.921,0.8991,795.224,648.132,0.838494,789.452,730.449,0.880071,786.371,795.183,0.907444,833.31,650.968,0.864928,833.307,730.455,0.865712,833.258,806.898,0.880707,842.315,506.724,0.85844,856.821,506.703,0.669321,830.484,509.667,0.890737,0,0,0,845.265,818.723,0.830199,854.064,812.873,0.898813,818.777,812.809,0.823275,806.983,812.933,0.825342,789.349,812.926,0.82348,786.22,806.894,0.802693,
854.091,512.657,0.833978,833.508,550.788,0.973924,809.976,547.987,0.945886,809.754,609.711,0.897557,836.436,650.914,0.96943,856.985,550.838,0.931213,856.888,601.017,0.825839,857.014,647.932,0.803445,812.816,650.979,0.892441,795.199,650.918,0.831755,789.435,733.314,0.886792,786.357,795.16,0.909844,833.336,651.017,0.861298,833.318,733.304,0.87166,833.26,806.885,0.878358,842.347,506.786,0.845586,856.872,506.787,0.697163,830.504,509.65,0.895343,0,0,0,845.242,818.707,0.835111,854.054,812.866,0.900735,818.785,812.802,0.820295,806.939,812.92,0.824864,789.322,812.909,0.825999,786.211,806.868,0.798582,
856.837,515.55,0.83086,833.515,550.787,0.973681,809.994,547.976,0.944513,809.763,606.882,0.902319,836.425,650.911,0.972375,856.982,550.848,0.934857,856.882,601.022,0.834041,857.038,647.921,0.809457,812.819,651.012,0.886904,795.207,650.956,0.826942,789.426,733.295,0.885551,786.355,795.14,0.911545,833.335,651.045,0.854543,833.321,733.296,0.868739,833.259,806.88,0.877175,845.206,506.831,0.834564,856.908,506.838,0.680666,830.524,509.654,0.899445,0,0,0,845.245,818.699,0.835592,854.049,812.864,0.900624,818.785,812.799,0.820121,806.931,812.901,0.821972,789.319,812.892,0.826686,786.211,806.852,0.797399,
856.88,515.527,0.836127,833.513,550.786,0.973299,809.999,547.966,0.944415,809.752,606.877,0.899868,836.404,650.905,0.974796,856.973,550.859,0.934535,856.882,601.034,0.836164,857.058,647.933,0.822582,812.81,651.01,0.888481,795.19,650.951,0.828296,789.421,730.454,0.885591,786.335,792.355,0.91088,833.328,651.049,0.853671,833.322,730.466,0.866992,833.261,806.877,0.877052,845.272,506.817,0.830134,856.93,506.831,0.64641,830.552,509.638,0.902159,0,0,0,845.24,818.692,0.836987,854.045,812.861,0.901156,818.79,812.796,0.821691,806.912,812.891,0.821189,789.305,812.881,0.827681,786.2,806.833,0.791651,
856.908,512.674,0.839016,833.504,550.778,0.971622,810.006,547.962,0.943685,809.745,606.862,0.900601,836.371,648.181,0.97984,856.943,550.853,0.930543,856.859,601.018,0.836062,857.05,647.918,0.830495,812.821,651.023,0.885156,795.212,650.967,0.823111,789.403,730.464,0.88829,786.326,792.351,0.90805,833.335,651.055,0.853353,833.325,730.472,0.866785,833.266,806.878,0.878287,848.143,506.803,0.828356,856.93,506.817,0.595518,833.274,509.627,0.904144,0,0,0,845.239,818.688,0.8401,854.044,812.861,0.903004,818.797,812.795,0.824838,806.899,812.882,0.816971,789.298,812.873,0.824322,786.195,804.053,0.785434,
856.935,509.8,0.817235,833.573,550.767,0.970314,812.708,547.956,0.937456,807,606.849,0.889023,836.389,650.961,0.958305,857.023,550.821,0.928244,856.843,601.065,0.827884,857.106,647.894,0.830444,812.81,648.155,0.902725,795.171,648.078,0.844781,789.37,730.416,0.88909,786.323,795.15,0.900532,833.348,650.947,0.877085,833.319,730.412,0.860496,833.257,806.878,0.877242,848.135,506.769,0.811502,856.884,506.724,0.518827,833.315,509.714,0.89476,0,0,0,845.248,818.709,0.842614,854.06,812.865,0.905402,818.77,812.803,0.825209,806.906,812.901,0.809061,789.287,812.891,0.813905,786.191,806.849,0.780094,
859.841,506.763,0.861557,836.257,550.767,0.971611,812.742,547.948,0.93459,809.737,606.851,0.893194,836.37,650.964,0.956312,857.069,550.835,0.928848,856.811,603.854,0.814349,857.072,647.949,0.834446,812.813,648.146,0.902333,795.167,648.068,0.842453,789.352,730.431,0.891983,786.311,795.146,0.89714,833.355,650.941,0.877929,833.317,730.438,0.862937,833.261,806.873,0.876532,853.966,503.818,0.828598,856.929,503.761,0.269702,833.418,506.909,0.923207,0,0,0,845.24,818.699,0.843593,854.057,812.857,0.906482,818.776,812.792,0.826597,806.877,812.9,0.809626,789.262,812.886,0.812806,786.191,806.832,0.774675,
859.895,506.844,0.871285,836.268,550.776,0.972732,812.75,547.946,0.934251,809.799,609.714,0.90289,836.536,651.019,0.932731,857.096,550.854,0.933839,856.871,603.885,0.8336,859.849,647.911,0.837693,812.827,648.153,0.898086,795.158,648.082,0.837629,789.315,733.312,0.901477,786.289,795.194,0.888164,833.379,650.947,0.883539,833.29,730.394,0.855456,833.261,806.887,0.877424,854.056,503.898,0.856281,857.036,503.847,0.300387,833.455,509.646,0.933643,0,0,0,845.256,818.723,0.843697,854.075,812.866,0.907502,818.77,812.805,0.828909,806.866,812.93,0.802767,789.242,812.914,0.807934,783.441,806.859,0.774782,
860.034,506.662,0.90671,836.304,550.765,0.964215,812.783,547.915,0.927662,809.804,609.735,0.90461,836.56,651.014,0.929091,859.805,550.847,0.925448,856.92,603.849,0.814257,859.875,645.168,0.791779,812.824,650.907,0.894287,795.133,648.102,0.835897,789.296,733.319,0.904157,786.284,798.071,0.88281,833.391,650.967,0.881504,833.303,730.389,0.858912,833.26,806.892,0.879319,856.912,503.721,0.890776,857.099,503.674,0.138696,836.251,506.859,0.96835,0,0,0,848.13,818.76,0.843502,854.101,812.876,0.911258,818.759,812.814,0.835383,806.871,812.988,0.80265,789.235,812.975,0.806595,783.425,806.913,0.785012,
860.057,506.649,0.907484,836.315,550.771,0.961872,812.781,547.914,0.928968,809.754,606.864,0.894857,839.323,651.002,0.917661,859.838,550.861,0.927695,856.972,603.835,0.821075,859.916,645.114,0.785408,812.786,650.915,0.89617,792.276,648.108,0.850785,789.272,733.377,0.914819,786.284,798.123,0.882347,833.389,650.99,0.875169,833.299,730.402,0.85797,833.263,806.895,0.88144,856.939,503.702,0.897203,859.881,503.645,0.163591,833.579,506.833,0.976417,0,0,0,848.115,818.763,0.842959,856.823,812.878,0.91264,818.762,812.818,0.836946,806.901,815.739,0.808152,789.236,813.006,0.808895,783.426,806.944,0.787326,
860.052,506.716,0.902739,836.314,550.77,0.961818,812.763,547.91,0.930393,807.009,606.824,0.887029,839.303,651.01,0.920167,859.859,550.861,0.929576,857.042,603.831,0.831109,859.975,645.12,0.777385,812.763,650.919,0.896262,792.228,648.121,0.854933,789.254,733.372,0.917377,786.289,798.142,0.882692,833.391,650.991,0.872428,833.294,730.364,0.856517,833.261,806.894,0.881148,856.945,503.752,0.900409,859.922,503.739,0.192372,833.558,506.849,0.973681,0,0,0,848.104,818.763,0.840985,854.099,812.878,0.911118,818.764,812.816,0.837869,806.902,815.759,0.810442,789.246,815.742,0.810341,783.435,806.957,0.790929,
860.067,506.731,0.905574,836.334,550.768,0.959821,812.778,547.883,0.926107,806.986,603.933,0.897456,836.549,650.904,0.924599,859.884,550.882,0.933316,857.038,603.88,0.814416,859.908,647.904,0.75364,812.761,650.929,0.89397,792.213,648.117,0.854405,789.237,733.383,0.918042,786.29,798.177,0.878967,833.399,651.023,0.865806,833.292,730.368,0.853091,833.258,806.905,0.882052,856.966,503.764,0.908167,859.974,503.777,0.215719,833.57,506.844,0.97715,0,0,0,848.103,818.765,0.84108,854.095,812.879,0.911687,818.759,812.821,0.839646,806.893,815.785,0.809859,789.231,815.766,0.810248,783.44,806.978,0.788056,
862.819,506.688,0.907736,836.359,550.781,0.959785,812.8,547.893,0.927034,806.961,603.883,0.898457,836.56,648.072,0.942497,859.904,550.903,0.933922,857.043,603.896,0.807594,859.928,647.92,0.741012,812.748,650.947,0.894746,792.191,648.127,0.855793,789.23,733.377,0.918194,786.296,798.166,0.881787,833.391,651.053,0.86086,833.296,730.387,0.853792,833.256,806.903,0.881917,857.007,503.72,0.912981,860.04,503.754,0.209527,836.275,506.819,0.984381,0,0,0,845.274,818.76,0.839347,854.09,812.881,0.911224,818.758,812.818,0.840219,806.896,815.798,0.814805,789.23,815.777,0.81614,783.449,806.974,0.79264,
862.845,506.705,0.905248,836.359,550.785,0.962188,812.814,547.89,0.925044,809.774,603.818,0.918242,839.286,648.112,0.940036,859.905,550.915,0.936846,856.999,603.892,0.822136,859.859,647.946,0.770355,810.017,650.931,0.895561,789.429,648.108,0.864087,789.217,733.338,0.912134,786.29,798.175,0.87926,833.283,651.046,0.846719,833.283,727.535,0.850596,833.252,806.903,0.881645,857.034,503.736,0.91695,860.086,503.793,0.218672,836.289,506.822,0.983903,0,0,0,848.115,818.774,0.839189,854.093,812.885,0.911161,818.751,812.82,0.845108,806.909,815.807,0.816291,789.235,815.791,0.816489,783.44,806.981,0.791909,
862.849,506.686,0.906154,836.368,550.787,0.96133,812.822,547.908,0.927561,809.8,603.838,0.915839,839.313,648.124,0.937816,859.915,550.902,0.93906,856.979,603.845,0.818917,859.83,647.919,0.756692,810.022,650.907,0.898067,789.417,648.088,0.866101,789.194,733.296,0.905955,786.285,798.153,0.877361,833.3,651.013,0.856797,833.28,727.483,0.850165,833.254,806.902,0.881466,857.038,503.728,0.918571,862.824,503.776,0.205356,836.301,506.828,0.984299,0,0,0,848.116,818.775,0.838863,854.094,812.887,0.910662,818.752,812.82,0.848374,806.902,815.798,0.817558,789.227,815.779,0.817124,783.439,806.961,0.790335,
862.881,506.637,0.907516,836.39,550.799,0.959787,812.845,547.928,0.927665,809.79,603.921,0.908593,839.348,648.157,0.929869,859.941,550.916,0.937001,856.988,603.88,0.831263,859.992,645.069,0.772465,812.711,650.926,0.897439,789.426,648.111,0.866993,789.194,733.314,0.907789,786.284,798.126,0.87831,833.355,651.016,0.86607,833.283,727.469,0.851907,833.255,806.898,0.880319,857.055,503.685,0.914239,862.848,503.726,0.183434,836.335,506.819,0.985089,0,0,0,848.105,818.775,0.838026,854.091,812.889,0.908704,818.753,812.818,0.84621,806.902,815.783,0.820447,789.227,815.762,0.821078,783.435,806.939,0.790214,
862.88,506.653,0.907479,836.393,550.803,0.959887,812.864,547.957,0.931329,809.781,603.954,0.910974,839.368,648.15,0.928101,859.931,550.908,0.939286,856.966,603.896,0.812159,860.078,645.06,0.763833,812.724,648.165,0.903192,789.438,648.084,0.868503,789.181,730.47,0.904285,786.274,798.116,0.877318,833.358,650.976,0.876285,833.283,724.617,0.854521,833.254,806.897,0.879163,857.059,503.697,0.91538,862.85,503.733,0.188894,836.336,506.821,0.98355,0,0,0,848.111,818.775,0.837299,854.089,812.891,0.907939,818.75,812.817,0.846919,806.894,815.779,0.822151,789.218,815.76,0.823215,783.426,806.933,0.7902,
862.871,506.745,0.894555,836.418,550.838,0.966878,812.87,547.958,0.929626,809.818,603.849,0.912794,836.547,650.918,0.909599,859.975,550.976,0.940904,857.014,606.813,0.866243,860.059,647.949,0.813878,809.948,650.942,0.900353,789.339,648.11,0.882038,789.168,730.429,0.902446,786.252,798.115,0.879549,830.529,651.056,0.843265,833.29,724.609,0.860849,833.258,806.899,0.880576,857.063,503.767,0.909993,862.822,503.851,0.248595,836.336,506.849,0.974504,0,0,0,848.136,818.783,0.834886,854.098,812.898,0.905884,818.752,812.815,0.850321,806.903,815.791,0.825794,789.225,815.786,0.831156,783.387,806.934,0.800358,
860.104,509.691,0.867421,836.431,550.867,0.969864,812.877,547.971,0.929585,809.762,603.839,0.89717,836.483,648.079,0.908406,859.981,553.712,0.94583,856.971,609.729,0.877462,860.018,648.06,0.835395,809.866,650.954,0.891103,789.262,648.103,0.882331,789.159,730.402,0.898759,786.235,798.115,0.878899,830.417,653.867,0.824878,833.267,724.601,0.855169,833.26,806.912,0.881834,857.051,506.64,0.904345,860.067,506.724,0.343202,836.341,506.894,0.960235,0,0,0,848.166,818.793,0.829188,856.828,812.905,0.904231,818.75,812.822,0.852814,806.922,815.824,0.831041,789.231,815.825,0.838297,783.358,806.929,0.800928,
860.085,512.622,0.84049,836.447,550.896,0.971877,812.895,547.995,0.930175,809.765,603.92,0.887013,839.317,648.137,0.90286,859.998,553.761,0.943573,856.872,609.73,0.854394,859.937,647.972,0.825116,809.826,650.943,0.887388,789.216,648.095,0.884034,789.15,730.395,0.896068,786.224,798.117,0.878881,830.379,653.859,0.814352,833.251,724.568,0.855746,833.26,806.913,0.882037,857.055,506.738,0.888349,860.046,506.852,0.407323,836.357,509.632,0.948608,0,0,0,848.16,818.795,0.826799,856.828,812.902,0.902289,818.752,812.825,0.853117,806.917,815.827,0.836353,789.23,815.831,0.842509,783.345,806.925,0.798534,
862.924,509.688,0.850116,836.453,550.922,0.971124,812.906,550.718,0.927549,809.788,603.98,0.889666,842.306,648.027,0.904627,860.018,553.803,0.938859,856.824,609.715,0.834982,859.966,645.193,0.814248,809.767,650.946,0.881663,789.175,648.089,0.884241,789.153,727.525,0.893635,786.215,798.096,0.876264,827.487,653.871,0.803707,830.547,724.52,0.853067,833.263,806.928,0.884542,859.824,506.63,0.896727,862.847,506.711,0.311594,836.408,506.893,0.954862,0,0,0,848.19,821.612,0.826055,856.831,812.912,0.902397,818.76,812.835,0.856359,806.909,815.825,0.834882,789.229,815.826,0.842286,783.33,806.903,0.78733,
860.087,518.545,0.827951,836.468,550.938,0.973421,812.908,550.738,0.928956,809.894,606.852,0.898632,845.171,648.089,0.896658,860.025,553.848,0.937942,856.856,609.732,0.852804,860.04,645.136,0.822812,809.757,650.944,0.87982,789.171,648.093,0.883003,789.159,730.366,0.893715,786.228,798.125,0.877665,827.471,653.863,0.80341,830.548,724.519,0.854952,833.255,806.932,0.883551,857.076,509.641,0.867271,860.087,509.733,0.509661,836.344,509.679,0.937409,0,0,0,848.202,821.625,0.827579,856.83,812.919,0.901803,818.751,812.837,0.858142,806.907,815.838,0.833768,789.227,815.84,0.842805,783.349,806.929,0.793431,
859.996,524.359,0.863515,836.463,550.959,0.979179,812.906,550.747,0.931768,809.927,609.757,0.90017,845.216,648.132,0.890887,860.011,553.893,0.935004,856.841,609.756,0.850768,860.056,645.104,0.827924,809.763,650.958,0.880622,789.187,648.104,0.883639,789.154,730.365,0.89457,786.245,798.147,0.87834,824.654,653.883,0.804249,830.551,724.536,0.854641,830.558,806.933,0.882608,856.987,512.595,0.85123,860.049,512.681,0.622484,836.301,509.747,0.921623,0,0,0,848.183,821.626,0.829706,854.099,812.918,0.901025,818.74,812.842,0.859914,806.897,815.841,0.831621,789.22,815.843,0.842139,783.377,806.949,0.798196,
860.014,524.362,0.856629,836.476,550.998,0.973478,812.955,550.8,0.933631,809.967,609.76,0.900279,845.267,648.113,0.892263,859.99,553.928,0.924158,856.82,609.757,0.85213,862.841,645.033,0.82594,809.759,650.9,0.885675,789.192,648.056,0.887433,789.159,727.518,0.896875,786.255,798.142,0.879728,824.641,651.043,0.80962,830.545,724.522,0.858088,830.547,806.933,0.881801,857.018,512.595,0.844076,860.043,512.668,0.563618,836.381,509.779,0.903556,0,0,0,848.158,821.632,0.832868,854.095,812.919,0.902893,818.723,812.848,0.86045,806.905,815.85,0.83422,789.221,815.851,0.846997,783.394,806.949,0.803352,
860.02,524.323,0.845564,836.485,553.698,0.971258,812.97,550.807,0.933722,809.993,606.829,0.91317,851.11,645.172,0.917946,860,553.974,0.910786,856.825,612.697,0.805126,860.065,645.096,0.777304,809.793,650.953,0.885381,789.204,648.097,0.886864,789.158,727.507,0.898187,786.264,798.124,0.881099,827.494,653.884,0.80211,830.555,724.585,0.846799,830.533,806.926,0.88062,857.028,509.777,0.842796,860.047,512.638,0.532379,836.389,509.764,0.916605,0,0,0,848.141,821.636,0.835095,854.085,812.919,0.904345,818.708,812.841,0.861271,806.926,815.824,0.836154,789.24,815.827,0.844359,783.402,806.943,0.806134,
860.09,521.454,0.823268,836.491,553.705,0.968682,812.983,550.83,0.932097,810.005,606.866,0.911884,853.968,647.909,0.927333,860.009,553.974,0.90822,856.865,609.811,0.81667,862.877,645.045,0.773729,809.746,648.156,0.886484,789.18,648.033,0.890686,789.15,727.523,0.896141,786.275,798.136,0.880543,824.608,651.026,0.806212,830.56,724.595,0.847149,830.535,806.939,0.882895,857.092,509.709,0.847128,860.077,509.797,0.430662,836.433,509.762,0.917322,0,0,0,848.154,821.635,0.835729,854.089,812.922,0.904285,818.712,812.849,0.858485,806.919,815.824,0.828708,789.239,815.824,0.83865,783.415,806.952,0.805346,
862.866,518.542,0.810975,836.497,553.719,0.96473,813.002,550.852,0.927765,810.003,606.89,0.90669,854.099,647.892,0.933914,860.006,553.985,0.906424,856.81,612.685,0.805924,862.82,645.047,0.777388,809.743,648.167,0.885247,789.172,648.047,0.889579,789.153,730.391,0.894351,786.284,798.164,0.879682,824.602,651.037,0.805516,833.255,727.453,0.845594,830.536,806.934,0.882585,859.825,509.654,0.850523,860.099,509.74,0.354993,836.471,509.771,0.912139,0,0,0,848.158,821.637,0.832955,854.095,812.919,0.903241,818.707,812.845,0.856895,806.932,815.838,0.828866,789.249,815.839,0.837358,783.425,806.971,0.806969,
862.872,518.499,0.810885,836.489,553.723,0.965091,813.004,550.883,0.929902,810.019,609.736,0.905817,856.869,647.902,0.942757,859.99,553.957,0.909356,854.064,612.701,0.799323,860.072,645.085,0.784003,809.74,648.139,0.888845,789.176,648.023,0.890493,789.151,730.416,0.892398,786.3,801.014,0.877445,824.583,651.005,0.80833,833.263,727.454,0.847316,830.543,806.933,0.881956,859.82,509.635,0.852405,860.093,509.709,0.342682,836.474,509.792,0.907537,0,0,0,848.161,821.646,0.830376,856.826,812.923,0.901288,818.707,812.846,0.85372,806.953,815.856,0.825682,789.264,815.857,0.832025,783.43,806.99,0.803793,
862.957,515.531,0.809848,836.485,553.718,0.964199,815.722,550.889,0.928594,812.742,609.757,0.90925,856.943,645.196,0.952447,859.977,553.938,0.910239,854.034,612.72,0.793435,860.072,645.087,0.790411,809.753,648.155,0.890447,789.182,648.04,0.890604,789.154,730.441,0.892317,786.317,801.025,0.877848,824.602,651.022,0.806392,833.274,727.461,0.849373,830.544,806.922,0.880199,859.875,506.827,0.86759,862.871,506.875,0.24889,836.529,509.774,0.903496,0,0,0,848.183,821.646,0.828454,856.843,812.921,0.902789,818.702,812.837,0.852359,806.963,815.85,0.823318,789.279,815.851,0.829422,783.452,806.998,0.800618,
860.049,524.433,0.858106,836.475,553.754,0.967463,812.999,550.909,0.932112,812.773,609.714,0.906996,856.973,645.198,0.952153,859.959,553.988,0.907389,854.013,612.74,0.796272,862.823,645.074,0.78735,809.725,648.17,0.882078,786.479,648.053,0.888325,786.475,730.426,0.892968,786.307,801.034,0.879513,824.57,651.046,0.803529,833.293,724.614,0.852873,830.545,806.923,0.880115,857.07,515.516,0.833081,860.079,515.583,0.474105,836.431,512.679,0.8946,0,0,0,848.182,821.658,0.828646,856.844,812.93,0.901579,818.707,812.844,0.851293,806.966,815.864,0.818703,789.281,815.872,0.824644,783.439,809.725,0.808694,
859.907,527.403,0.904235,836.487,553.799,0.966823,813.003,550.933,0.933784,812.78,609.723,0.905075,856.972,647.895,0.947495,859.976,556.782,0.905464,853.977,615.597,0.79533,860.073,645.092,0.786126,807.001,650.925,0.875355,786.457,648.077,0.886197,786.473,730.417,0.892465,786.308,801.034,0.881696,824.549,653.866,0.799554,833.302,724.599,0.854086,830.537,806.932,0.880223,856.898,521.452,0.845462,860.073,521.502,0.751814,836.279,518.494,0.883686,0,0,0,848.184,821.683,0.832108,856.839,812.948,0.901941,818.697,812.855,0.849372,806.995,815.878,0.815094,789.304,815.891,0.820243,783.435,809.729,0.815142,
860.022,527.383,0.899473,836.491,553.765,0.96354,815.745,550.907,0.928038,812.807,609.706,0.903749,857.004,647.891,0.951813,859.956,556.735,0.907466,853.999,615.58,0.786924,860.072,645.066,0.7765,807.01,650.913,0.877959,786.467,648.071,0.886953,786.474,730.415,0.893861,786.307,801.039,0.883459,824.55,651.075,0.80127,833.3,724.602,0.854612,830.538,806.949,0.882746,857.055,521.422,0.855752,862.838,524.285,0.629018,836.423,515.592,0.869683,0,0,0,851.034,821.702,0.832254,856.847,812.959,0.900826,818.694,812.866,0.849102,806.994,815.879,0.813654,789.306,815.892,0.824803,783.433,809.737,0.817962,
860.074,527.387,0.904085,836.371,553.937,0.967793,812.94,553.798,0.944872,818.751,615.574,0.816573,862.828,645.029,0.901336,857.12,556.8,0.909026,854.08,618.581,0.858209,880.402,645.088,0.846332,809.854,650.926,0.903352,789.333,648.141,0.885128,792.225,727.454,0.865622,786.364,801.065,0.907329,827.485,651.02,0.820667,833.529,718.754,0.923715,833.262,806.891,0.879956,857.116,521.434,0.863767,862.839,524.276,0.38077,836.431,518.54,0.889036,0,0,0,854.037,821.655,0.841435,856.923,812.94,0.906393,818.74,812.808,0.84766,809.881,815.885,0.814002,792.225,818.699,0.802246,783.437,809.801,0.842648,
860.049,527.371,0.907819,836.374,553.95,0.961263,812.946,553.815,0.942342,821.651,612.658,0.802273,862.858,644.974,0.882308,857.104,556.784,0.907952,856.824,618.55,0.860024,880.413,645.09,0.843283,809.854,650.94,0.90401,789.343,648.148,0.886954,792.215,727.46,0.865594,786.363,801.072,0.908268,824.663,651.035,0.817455,833.523,718.775,0.920802,833.279,806.868,0.876703,857.057,521.448,0.86342,862.824,521.464,0.533834,836.394,521.467,0.874764,0,0,0,854.05,821.627,0.834856,856.937,812.926,0.906518,818.754,812.802,0.835578,809.885,818.678,0.822178,792.195,818.724,0.816297,783.443,809.812,0.841356,
862.817,527.331,0.896361,836.371,553.99,0.949534,812.963,553.843,0.938649,824.612,615.564,0.808056,871.697,642.141,0.801758,857.089,556.865,0.896896,853.956,618.502,0.79009,880.442,645.138,0.818225,809.932,651.027,0.898065,789.433,650.943,0.872383,801.053,721.625,0.859567,786.354,798.14,0.904451,827.557,653.916,0.819167,836.333,718.795,0.92702,833.324,804.036,0.873312,857.124,521.429,0.865423,862.866,521.407,0.449796,836.44,524.275,0.862609,0,0,0,854,821.631,0.829106,856.941,812.957,0.894273,818.778,812.767,0.814206,809.882,815.888,0.822879,792.185,818.699,0.818394,783.404,809.729,0.83136,
862.988,524.43,0.861669,836.351,553.993,0.947412,812.947,553.852,0.93993,827.529,618.467,0.824711,877.495,644.914,0.836714,857.077,556.858,0.891829,853.954,615.672,0.724107,877.64,645.115,0.766687,809.951,651.027,0.897825,789.458,650.961,0.867676,801.042,721.619,0.86132,786.347,798.091,0.905272,827.587,653.891,0.825712,836.328,718.802,0.924101,833.337,804.038,0.875051,859.905,515.551,0.870561,862.978,518.474,0.157423,836.511,518.561,0.872849,0,0,0,854.001,821.638,0.829472,856.939,812.956,0.89429,818.799,812.766,0.810663,809.887,818.676,0.823909,789.438,818.69,0.824141,783.398,806.972,0.824047,
862.901,524.406,0.858536,836.315,556.743,0.949391,812.907,554,0.922558,830.371,618.591,0.850054,880.455,644.966,0.877964,857.044,556.771,0.899728,856.816,612.72,0.747521,880.601,645.091,0.829469,810.036,653.933,0.887927,792.228,653.9,0.84124,806.829,721.71,0.872815,786.328,804.024,0.900052,830.473,656.815,0.839412,836.536,727.435,0.87012,833.37,806.953,0.914961,859.809,515.559,0.856885,859.952,518.506,0.110581,836.451,521.505,0.887232,0,0,0,854.083,821.654,0.83578,856.98,812.982,0.901269,821.637,812.8,0.811712,812.731,821.693,0.833725,792.28,824.578,0.822596,783.317,809.86,0.83637,
862.887,524.413,0.85895,836.307,556.736,0.951685,812.892,553.994,0.926731,827.543,618.569,0.84726,880.392,644.94,0.867632,857.042,556.754,0.901296,854.083,612.705,0.753005,880.595,645.074,0.84696,812.699,656.841,0.879634,792.265,656.801,0.825331,806.83,721.721,0.864476,786.328,804.001,0.898001,830.449,659.734,0.82954,839.267,727.452,0.860687,833.373,806.968,0.916065,859.802,515.569,0.855159,859.933,518.531,0.110989,836.448,521.503,0.887811,0,0,0,856.852,821.659,0.836911,856.983,812.982,0.898357,821.64,812.809,0.811721,812.733,821.66,0.822987,792.27,821.725,0.81572,783.316,809.842,0.836006,
862.863,524.412,0.859219,836.304,556.724,0.952142,812.9,553.976,0.928179,827.544,618.542,0.84588,880.378,644.931,0.864117,857.024,556.749,0.900164,854.087,612.685,0.754494,880.61,645.062,0.855525,812.701,656.852,0.878891,792.282,656.816,0.821867,804.055,724.525,0.857697,786.338,803.991,0.897436,830.438,659.739,0.827483,839.277,727.449,0.858699,833.371,806.958,0.912649,857.12,515.553,0.852823,859.919,521.352,0.114751,836.438,521.485,0.888201,0,0,0,854.093,821.637,0.829358,856.967,812.976,0.890721,821.638,812.803,0.80543,812.74,821.627,0.818121,792.281,821.695,0.809836,783.326,809.833,0.836246,
862.827,524.433,0.862509,836.295,556.723,0.952182,812.892,553.969,0.931429,827.542,618.536,0.845105,880.384,644.936,0.865182,857.007,556.75,0.897399,854.102,612.677,0.757938,880.634,645.052,0.859869,812.707,656.867,0.878996,792.298,656.831,0.81966,804.053,724.527,0.85767,786.342,803.99,0.898102,830.438,659.753,0.827658,839.278,727.455,0.858051,833.367,806.962,0.91233,857.086,515.584,0.849896,859.945,518.531,0.129547,836.413,521.501,0.891661,0,0,0,854.089,821.644,0.829553,856.968,812.979,0.891518,821.632,812.811,0.804582,810.006,818.794,0.814901,792.285,821.686,0.806009,783.332,809.836,0.837485,
857.111,530.19,0.901105,833.444,559.739,0.919935,810.023,556.89,0.909418,833.303,621.414,0.916191,883.456,636.293,0.867898,856.875,565.54,0.872821,857.102,618.474,0.759954,886.527,644.957,0.706163,812.837,662.724,0.893516,798.137,662.674,0.82056,812.691,718.752,0.973521,789.164,801.017,0.887961,830.537,665.563,0.849048,848.175,724.547,0.844818,833.351,806.879,0.906609,853.991,524.418,0.835862,857.003,527.215,0.231019,833.331,527.241,0.932531,0,0,0,856.978,818.772,0.85812,857.036,812.933,0.904079,818.721,812.736,0.823435,809.965,815.81,0.779182,792.312,815.85,0.766257,783.421,809.766,0.839709,
857.041,530.43,0.897228,833.446,559.717,0.924333,810.016,556.901,0.910475,833.311,621.383,0.911316,883.454,636.268,0.861971,856.881,562.678,0.876553,857.091,618.499,0.763085,886.506,644.966,0.713371,812.836,662.733,0.895477,798.141,662.682,0.821457,812.695,718.758,0.974817,789.176,798.138,0.891376,830.53,665.571,0.850941,848.19,724.534,0.847429,833.351,806.86,0.90406,853.945,527.364,0.860146,857.071,527.382,0.488811,830.555,527.299,0.912354,0,0,0,856.98,818.75,0.850148,857.029,812.921,0.894993,818.722,812.712,0.823209,809.973,815.776,0.788004,792.325,815.81,0.772738,783.435,807.013,0.840011,
857.001,533.209,0.892941,833.453,559.691,0.928623,810.027,556.898,0.910553,833.283,618.632,0.904818,883.419,636.227,0.860389,856.88,562.622,0.877894,857.097,618.498,0.763757,886.497,644.955,0.705719,812.829,662.739,0.89745,798.135,662.692,0.821401,812.691,718.761,0.975431,789.181,798.12,0.891422,830.519,665.576,0.850248,848.204,724.57,0.845026,833.341,806.837,0.898786,851.111,527.416,0.858065,857.029,527.422,0.611841,830.504,527.345,0.900923,0,0,0,856.964,818.744,0.849404,857.011,812.916,0.893618,818.719,810.011,0.821163,809.979,815.755,0.785425,792.329,815.789,0.767927,783.439,806.996,0.840562,
857.075,524.407,0.906119,833.381,562.636,0.90855,809.956,559.736,0.892403,833.324,618.568,0.921287,883.459,633.252,0.876271,856.811,565.59,0.866291,859.848,615.654,0.792258,892.272,639.202,0.659382,812.981,665.647,0.895711,804.05,665.647,0.865213,812.878,724.599,0.904001,789.275,795.237,0.891677,833.373,665.7,0.867293,854.004,730.406,0.86127,833.353,806.88,0.888242,853.924,515.604,0.81022,856.888,524.271,0.0699287,833.265,524.385,0.894661,0,0,0,857.073,818.763,0.856151,857.003,812.948,0.872469,821.616,809.99,0.777084,809.978,812.971,0.710892,795.23,812.989,0.727507,786.255,806.885,0.866982,
857.058,524.398,0.905506,833.376,562.622,0.910211,809.943,559.731,0.893132,833.298,618.594,0.921605,883.443,630.422,0.877458,854.1,565.549,0.866086,859.817,615.595,0.788048,889.387,639.155,0.648294,812.973,665.645,0.898125,804.028,665.648,0.863808,812.87,724.584,0.909375,789.281,795.248,0.891484,833.372,665.696,0.86898,854.01,730.402,0.864448,833.363,806.868,0.891831,851.124,515.609,0.807881,856.893,521.423,0.0817879,830.543,524.412,0.900403,0,0,0,857.043,818.758,0.862676,856.984,812.938,0.879473,821.637,809.973,0.7866,809.985,812.971,0.721078,795.227,812.988,0.727887,786.266,806.896,0.8681,
857.041,524.427,0.909401,833.384,562.722,0.906955,809.955,559.781,0.885568,833.354,618.615,0.933757,883.459,630.414,0.880153,856.819,568.526,0.874705,859.854,615.633,0.788671,889.418,639.159,0.643103,812.959,665.644,0.901083,804.008,665.646,0.862036,812.872,724.566,0.912016,789.284,795.239,0.893965,833.359,665.696,0.868735,854.004,730.399,0.862861,833.359,806.869,0.893297,851.097,518.461,0.808573,856.831,524.297,0.0705773,830.537,524.434,0.901626,0,0,0,857.031,818.777,0.862676,856.983,812.951,0.880381,821.634,809.973,0.787194,809.988,812.965,0.721662,795.232,812.983,0.731142,786.266,806.894,0.874339,
848.183,527.359,0.882812,830.522,568.485,0.884038,809.904,565.553,0.877881,839.383,612.654,0.822538,889.408,621.356,0.819661,848.153,571.395,0.84693,860.027,621.378,0.859466,901.036,624.451,0.787713,812.992,668.512,0.904271,806.847,668.487,0.88853,821.692,727.489,0.810616,789.384,798.139,0.84711,833.367,668.603,0.880207,856.945,733.423,0.880095,833.399,806.893,0.852543,839.269,524.322,0.871505,842.24,524.407,0.215145,815.884,527.352,0.916352,0,0,0,859.901,821.683,0.787245,857.024,815.76,0.774157,824.535,809.979,0.694991,812.84,818.686,0.662198,798.152,815.878,0.696633,786.313,806.956,0.875871,
842.276,530.198,0.874745,830.525,568.493,0.884382,809.904,565.555,0.879358,839.38,612.647,0.819437,889.353,618.624,0.816427,848.181,571.416,0.851311,860.013,621.404,0.862896,898.221,624.437,0.788151,812.993,668.5,0.901761,806.855,668.475,0.886649,821.693,727.476,0.808022,789.393,798.128,0.844432,833.364,668.594,0.877181,856.938,733.415,0.875173,833.397,806.873,0.846807,836.391,527.215,0.896448,842.237,527.235,0.513158,815.739,527.433,0.924345,0,0,0,859.894,821.655,0.78416,857.019,815.741,0.769195,824.545,809.962,0.682515,812.867,815.884,0.660179,801.049,815.868,0.695659,786.315,806.951,0.879992,
845.19,527.302,0.864081,830.423,571.446,0.890527,809.764,568.572,0.873219,842.222,609.762,0.811515,889.416,609.772,0.792191,848.123,574.258,0.869318,862.846,621.518,0.867882,895.276,615.651,0.71147,818.697,668.609,0.866536,809.918,668.607,0.901645,859.967,730.477,0.889623,833.486,806.854,0.876389,833.382,668.624,0.864653,818.736,736.294,0.861156,789.41,801.019,0.881181,836.468,521.458,0.879682,839.35,524.387,0.172445,815.74,527.395,0.934932,0,0,0,809.884,812.805,0.567754,803.986,809.901,0.495215,786.256,809.792,0.850707,859.97,815.764,0.829552,851.141,818.75,0.787167,824.637,809.983,0.869228,
845.162,527.348,0.862973,830.416,571.452,0.890425,809.753,571.368,0.875327,842.259,609.779,0.807496,889.408,609.77,0.790111,848.126,571.545,0.867756,862.892,621.54,0.869248,898.137,615.63,0.714386,818.689,668.599,0.866784,809.91,668.599,0.900339,859.967,730.465,0.889496,833.486,806.852,0.878355,833.378,668.614,0.863671,818.732,736.286,0.860322,789.422,798.168,0.880281,836.443,524.291,0.87983,839.34,524.441,0.20105,813.009,527.415,0.939703,0,0,0,809.893,812.808,0.56651,804.002,809.901,0.49276,786.264,809.769,0.847251,859.94,815.774,0.834253,851.106,818.753,0.792614,824.636,809.978,0.871203,
842.309,527.404,0.871403,830.396,571.46,0.889428,809.736,571.382,0.876622,842.293,609.803,0.803502,889.397,609.757,0.788816,848.119,571.544,0.869274,862.934,621.568,0.869348,898.179,615.599,0.718322,818.712,668.622,0.868679,809.918,668.618,0.90254,859.974,730.474,0.888635,833.488,806.86,0.878699,833.402,668.638,0.871417,818.722,736.303,0.860306,789.421,798.154,0.880084,836.417,524.357,0.892903,839.354,527.193,0.222658,812.992,527.437,0.948738,0,0,0,809.892,812.808,0.570274,804.002,809.899,0.497143,786.263,809.755,0.845099,859.936,815.8,0.833571,851.107,818.774,0.791429,824.638,809.979,0.869617,
836.558,530.393,0.915177,824.634,571.429,0.866265,806.984,571.388,0.872395,848.126,609.727,0.813636,892.293,598.073,0.84742,842.219,571.509,0.878613,862.935,621.527,0.843842,895.27,603.818,0.712298,824.549,668.649,0.858196,812.777,668.657,0.90289,860.098,736.277,0.886611,833.434,806.93,0.856205,833.511,668.635,0.886119,824.557,736.365,0.839822,789.457,801.079,0.865916,833.545,527.415,0.943621,836.537,530.156,0.385401,812.868,530.28,0.953163,0,0,0,809.927,812.817,0.475776,801.067,809.918,0.409254,786.278,809.818,0.852602,859.988,815.883,0.778565,854.08,821.694,0.752872,821.71,812.728,0.842623,
836.531,530.385,0.928176,824.625,571.435,0.867358,806.969,571.378,0.871336,848.103,609.746,0.813343,892.275,598.083,0.850949,842.219,571.528,0.879425,862.939,621.566,0.845597,895.226,603.855,0.712419,824.56,668.657,0.858209,812.781,668.665,0.904221,860.1,736.272,0.887095,833.44,806.946,0.863573,833.521,668.642,0.885702,824.554,736.359,0.84326,789.457,801.062,0.867732,833.499,527.411,0.951457,836.524,527.443,0.505861,812.8,530.305,0.962177,0,0,0,809.918,812.818,0.480898,801.065,809.909,0.411852,786.285,809.802,0.8549,859.99,815.89,0.784144,854.075,821.71,0.76206,821.715,812.743,0.851825,
836.531,530.385,0.928191,824.625,571.435,0.867354,806.969,571.378,0.871422,848.103,609.746,0.813332,892.276,598.083,0.85108,842.219,571.528,0.879436,862.938,621.566,0.845555,895.226,603.856,0.712314,824.559,668.657,0.858261,812.782,668.665,0.904274,860.1,736.272,0.887102,833.44,806.946,0.863504,833.52,668.642,0.885704,824.554,736.36,0.843217,789.457,801.063,0.867793,833.499,527.411,0.951541,836.524,527.443,0.505682,812.8,530.305,0.962272,0,0,0,809.918,812.818,0.481147,801.064,809.909,0.412121,786.285,809.802,0.855038,859.989,815.891,0.783791,854.075,821.71,0.761714,821.715,812.742,0.85158,
836.531,530.385,0.928195,824.624,571.435,0.867335,806.969,571.379,0.871431,848.103,609.747,0.813338,892.276,598.083,0.851099,842.219,571.528,0.879439,862.938,621.566,0.845559,895.226,603.856,0.712167,824.56,668.657,0.858272,812.782,668.665,0.90431,860.1,736.272,0.887043,833.44,806.946,0.863367,833.52,668.642,0.885682,824.554,736.36,0.843209,789.457,801.062,0.867763,833.499,527.411,0.951541,836.524,527.443,0.505632,812.8,530.305,0.962277,0,0,0,809.918,812.818,0.481622,801.064,809.909,0.412586,786.285,809.802,0.855043,859.989,815.89,0.783513,854.074,821.709,0.761334,821.716,812.742,0.851494,
836.531,530.385,0.928218,824.624,571.435,0.867334,806.97,571.379,0.871509,848.103,609.746,0.813342,892.276,598.083,0.851188,842.218,571.528,0.879438,862.937,621.566,0.845519,895.225,603.856,0.712089,824.56,668.657,0.858335,812.782,668.666,0.904358,860.1,736.271,0.887017,833.44,806.945,0.863173,833.52,668.642,0.885671,824.553,736.36,0.843053,789.457,801.062,0.867688,833.499,527.411,0.951625,836.524,527.443,0.505421,812.8,530.305,0.962381,0,0,0,809.918,812.817,0.481953,801.065,809.909,0.412908,786.285,809.802,0.85489,859.988,815.89,0.783065,854.074,821.708,0.760848,821.716,812.742,0.851218,
836.531,530.385,0.928191,824.624,571.435,0.86733,806.97,571.379,0.871507,848.102,609.746,0.813349,892.276,598.083,0.851192,842.218,571.528,0.879445,862.937,621.565,0.845524,895.224,603.856,0.712048,824.559,668.657,0.85831,812.782,668.666,0.904338,860.1,736.271,0.886917,833.441,806.945,0.862985,833.52,668.642,0.885656,824.554,736.36,0.843015,789.457,801.062,0.867592,833.499,527.411,0.95157,836.524,527.443,0.50537,812.8,530.305,0.962352,0,0,0,809.919,812.817,0.482339,801.066,809.909,0.413285,786.285,809.802,0.854814,859.987,815.89,0.782589,854.074,821.707,0.760342,821.717,812.741,0.851152,
836.501,530.424,0.929096,824.612,571.434,0.867101,806.962,571.378,0.87151,848.104,609.745,0.813482,892.281,598.089,0.850042,842.21,571.533,0.880845,862.94,621.567,0.846048,895.231,603.86,0.712096,824.558,668.654,0.858055,812.787,668.664,0.904244,862.822,736.26,0.89052,833.444,806.955,0.877808,833.513,668.636,0.88494,824.556,736.356,0.847859,789.461,801.007,0.871365,833.471,527.451,0.954282,836.511,530.163,0.555932,812.77,530.331,0.960984,0,0,0,809.906,812.777,0.499017,801.084,809.858,0.419311,786.295,809.752,0.85635,860.016,815.892,0.792465,854.076,821.714,0.777835,821.702,812.74,0.871686,
833.34,530.228,0.918701,815.852,574.331,0.897434,809.891,574.41,0.918963,859.887,589.112,0.783432,880.613,545.018,0.760854,833.354,574.252,0.871523,883.497,597.842,0.827542,886.467,547.923,0.783184,824.652,674.606,0.793446,827.512,677.505,0.797977,874.694,739.364,0.916074,836.333,806.938,0.882443,824.642,674.53,0.745381,833.394,742.15,0.918534,792.311,798.09,0.842669,821.659,527.353,0.871979,827.602,527.253,0.145825,809.724,536.164,0.880239,0,0,0,809.932,812.828,0.570824,801.106,809.892,0.473788,786.46,806.857,0.836763,862.91,815.828,0.807382,856.942,821.688,0.818591,827.52,809.954,0.90902,
833.318,530.241,0.908964,815.822,574.322,0.899145,809.907,574.43,0.919377,859.823,586.267,0.783722,880.586,547.879,0.770399,833.287,571.538,0.85915,883.481,597.833,0.821328,886.455,547.918,0.771256,824.65,674.588,0.797479,827.579,677.476,0.805933,874.692,739.365,0.916888,836.321,806.938,0.884255,824.566,674.512,0.74634,833.402,742.133,0.921721,792.308,798.107,0.845023,821.629,527.371,0.868413,827.55,527.276,0.137801,809.726,536.173,0.878496,0,0,0,809.93,812.827,0.577148,801.098,809.893,0.476588,789.171,806.878,0.845565,862.892,815.819,0.80338,856.932,821.676,0.817198,827.5,809.951,0.916052,
833.29,530.246,0.912459,812.981,571.452,0.865922,809.986,571.492,0.861498,862.875,574.467,0.835255,877.497,527.399,0.888537,821.7,571.372,0.749387,889.381,580.341,0.773244,880.616,533.223,0.816501,827.568,674.596,0.809406,833.325,677.449,0.830487,877.483,742.077,0.916896,836.368,806.966,0.877064,818.767,674.535,0.749036,833.468,742.158,0.929273,792.239,801.089,0.85438,821.617,527.396,0.870015,827.58,527.289,0.111568,809.735,536.171,0.886772,0,0,0,809.888,812.995,0.573385,801.031,812.786,0.499665,786.411,809.744,0.874196,862.974,815.863,0.794128,856.996,821.715,0.818095,827.553,809.995,0.904057,
833.296,530.239,0.913442,812.979,571.443,0.865834,812.733,571.499,0.860332,862.881,574.461,0.834687,877.504,527.402,0.88958,821.647,568.573,0.745839,889.386,580.327,0.771338,880.612,533.242,0.813791,827.549,674.613,0.809561,833.343,677.473,0.832834,877.492,742.095,0.916249,836.382,806.966,0.875008,818.708,674.546,0.757278,833.451,742.164,0.932802,792.222,801.107,0.856158,821.626,527.386,0.870159,827.598,527.274,0.110111,809.739,536.166,0.887799,0,0,0,809.858,812.988,0.569861,798.153,812.771,0.500262,786.412,809.759,0.877113,862.981,815.859,0.792238,857.017,821.712,0.821827,827.566,809.999,0.903803,
830.511,530.249,0.91122,813,568.467,0.823013,812.845,571.391,0.852361,871.675,562.681,0.745424,868.74,521.397,0.807659,818.781,562.646,0.749014,889.339,574.557,0.7624,871.706,527.4,0.719865,827.519,671.621,0.824793,830.553,671.65,0.858128,877.478,742.067,0.91034,836.361,806.99,0.87623,818.753,671.591,0.777717,833.505,742.124,0.932399,792.178,803.968,0.860246,818.729,527.476,0.872422,824.62,527.312,0.145529,809.761,536.193,0.870077,0,0,0,809.862,815.763,0.544425,798.167,812.813,0.47965,786.374,809.793,0.870602,865.781,818.673,0.792451,857.013,824.584,0.822243,827.536,812.727,0.898051,
830.513,530.242,0.911771,815.729,565.654,0.822373,812.844,571.385,0.851737,871.686,562.689,0.744819,868.737,521.418,0.808327,821.63,562.645,0.748494,889.348,574.557,0.768207,871.706,527.389,0.724303,827.521,671.626,0.825344,830.554,671.655,0.85744,877.477,742.066,0.91161,836.361,806.999,0.87692,818.753,671.596,0.776486,833.505,742.124,0.930805,789.471,803.983,0.862981,818.73,527.469,0.871388,824.623,527.305,0.145448,809.761,536.187,0.870143,0,0,0,809.869,815.768,0.550817,798.175,812.815,0.48259,786.368,809.809,0.870813,865.773,815.891,0.790924,857.013,824.582,0.819984,827.533,812.741,0.90101,
830.508,530.235,0.911124,815.728,565.655,0.822869,812.844,571.382,0.854055,871.701,562.694,0.742159,868.74,521.441,0.808259,821.63,562.653,0.748939,889.367,574.557,0.771018,871.733,527.393,0.731525,827.521,671.626,0.824895,833.28,671.662,0.859322,877.483,742.064,0.910231,836.366,806.987,0.874223,818.749,671.596,0.778455,833.503,742.125,0.933929,789.467,803.982,0.862256,818.723,527.458,0.872063,824.62,527.303,0.142678,809.761,536.178,0.872108,0,0,0,809.865,815.794,0.549773,798.176,812.832,0.485328,786.367,809.807,0.868285,862.974,815.891,0.789847,857.01,824.586,0.819804,827.542,812.74,0.897041,
830.507,530.235,0.91102,815.728,565.657,0.822864,812.844,571.383,0.854116,871.702,562.694,0.742133,868.741,521.44,0.808251,821.63,562.654,0.74893,889.366,574.557,0.77083,871.733,527.394,0.731357,827.521,671.627,0.824887,833.28,671.662,0.859405,877.483,742.065,0.910125,836.366,806.987,0.874264,818.749,671.597,0.778598,833.502,742.125,0.934107,789.466,803.982,0.862263,818.723,527.459,0.872037,824.622,527.304,0.141926,809.761,536.178,0.872239,0,0,0,809.865,815.794,0.54991,798.176,812.832,0.48552,786.367,809.807,0.86831,862.974,815.891,0.789889,857.01,824.586,0.81986,827.542,812.739,0.896954,
830.508,530.235,0.911219,815.728,565.656,0.822918,812.845,571.382,0.853623,871.702,562.694,0.742051,868.74,521.44,0.808223,821.63,562.653,0.748876,889.366,574.557,0.770728,871.733,527.393,0.73131,827.521,671.626,0.824996,833.28,671.662,0.859288,877.483,742.064,0.910366,836.367,806.987,0.874218,818.748,671.596,0.778396,833.503,742.125,0.933641,789.467,803.983,0.86223,818.724,527.458,0.871858,824.622,527.302,0.1422,809.762,536.177,0.872046,0,0,0,809.865,815.794,0.549776,798.176,812.832,0.485096,786.367,809.807,0.868323,862.975,815.892,0.789618,857.011,824.586,0.820088,827.542,812.739,0.897256,
830.508,530.234,0.911223,815.727,565.658,0.822962,812.845,571.382,0.853458,871.703,562.693,0.742004,868.74,521.439,0.808175,821.63,562.655,0.748893,889.365,574.557,0.770364,871.732,527.393,0.730814,827.521,671.626,0.825048,833.28,671.662,0.859356,877.483,742.064,0.910421,836.366,806.987,0.874188,818.748,671.597,0.778492,833.503,742.125,0.933594,789.467,803.982,0.862187,818.725,527.458,0.871686,824.623,527.303,0.141233,809.762,536.176,0.872148,0,0,0,809.865,815.794,0.549839,798.176,812.832,0.485108,786.367,809.807,0.868343,862.976,815.892,0.78953,857.011,824.585,0.820053,827.542,812.739,0.897346,
830.509,530.234,0.911299,815.727,565.657,0.823025,812.845,571.382,0.853038,871.702,562.693,0.741857,868.739,521.439,0.808102,821.63,562.654,0.748936,889.365,574.557,0.770244,871.732,527.393,0.730876,827.521,671.626,0.825198,833.281,671.662,0.859143,877.483,742.064,0.910782,836.367,806.987,0.874154,818.747,671.597,0.778133,833.503,742.125,0.932935,789.467,803.983,0.86214,818.726,527.456,0.871482,824.623,527.3,0.141656,809.762,536.175,0.871839,0,0,0,809.866,815.794,0.549736,798.176,812.833,0.484743,786.366,809.807,0.868409,862.976,815.891,0.789482,857.012,824.585,0.819979,827.542,812.739,0.897642,
830.479,521.426,0.731217,821.706,553.847,0.868182,809.992,556.723,0.889423,859.973,547.896,0.810869,857.002,503.826,0.850653,836.283,550.993,0.851369,889.409,545.045,0.798671,865.76,503.7,0.794636,830.537,665.674,0.83386,830.469,668.514,0.838432,874.648,739.179,0.902003,836.325,809.75,0.886847,830.546,665.591,0.753115,833.433,739.288,0.936388,792.203,801.053,0.863043,818.739,518.537,0.719666,827.53,515.529,0.215514,806.887,530.183,0.817944,0,0,0,809.904,812.979,0.579648,801.094,812.735,0.4951,786.355,806.987,0.86638,862.95,818.783,0.774522,856.967,827.51,0.81408,827.513,812.775,0.880104,
827.505,509.647,0.795732,824.666,550.826,0.845543,812.806,550.922,0.866623,865.872,530.371,0.751392,857.022,494.932,0.74642,836.304,550.731,0.803361,889.393,536.222,0.783254,862.922,497.928,0.716514,833.307,656.799,0.823226,830.552,659.789,0.789677,874.57,739.116,0.881343,836.318,809.728,0.88152,833.331,653.906,0.748532,833.346,739.138,0.906108,792.29,801.082,0.852249,812.991,509.641,0.8239,821.658,506.837,0.246102,804.026,527.279,0.826298,0,0,0,812.727,815.723,0.554768,804.032,812.808,0.472356,786.419,809.732,0.853181,862.875,818.749,0.779163,856.94,827.468,0.809605,827.541,812.77,0.868587,
827.519,509.646,0.798815,824.664,550.836,0.847612,812.807,550.92,0.866772,865.842,530.373,0.752229,857.018,494.932,0.742385,836.302,550.752,0.805936,889.409,536.223,0.788663,862.939,497.934,0.719618,833.301,656.831,0.819747,830.547,659.823,0.790549,874.582,739.126,0.884905,836.323,807.005,0.881402,833.325,653.934,0.745835,833.34,739.137,0.90588,792.291,801.075,0.851624,815.73,509.631,0.824859,821.686,506.837,0.240929,804.042,527.27,0.82979,0,0,0,809.989,815.72,0.55963,804.029,812.801,0.476938,786.429,807.002,0.852071,862.886,818.763,0.774542,856.936,827.473,0.805773,827.536,812.758,0.867203,
827.554,506.778,0.826778,827.498,547.912,0.813565,818.707,547.917,0.780573,865.786,524.417,0.72696,859.834,480.328,0.843099,833.369,547.876,0.735789,898.128,530.2,0.82869,865.775,483.307,0.750633,830.506,653.913,0.810438,833.46,659.746,0.804929,865.868,736.33,0.87898,836.294,809.728,0.886331,824.569,650.983,0.734583,830.435,736.301,0.856192,792.249,801.063,0.86141,812.956,506.847,0.855797,824.554,503.923,0.328674,801.036,527.267,0.820519,0,0,0,809.952,812.94,0.576461,801.092,812.732,0.482323,786.405,809.785,0.853103,862.872,815.879,0.769919,856.969,824.553,0.79324,827.512,812.794,0.891084,
827.558,506.781,0.826979,827.506,547.912,0.814559,818.691,547.917,0.780872,865.769,524.414,0.730098,859.827,480.326,0.844446,833.391,547.871,0.737516,898.137,530.2,0.831266,865.776,483.308,0.751811,830.507,653.922,0.809281,833.451,659.753,0.803813,865.871,736.33,0.879012,836.305,807.009,0.886842,824.585,650.993,0.732612,830.436,736.301,0.855044,792.253,801.054,0.860722,812.958,506.849,0.855976,824.562,506.611,0.332701,801.038,527.266,0.81981,0,0,0,809.943,812.935,0.572488,801.08,812.726,0.47908,786.408,809.775,0.852318,862.895,815.88,0.775022,856.981,824.551,0.797214,827.512,812.789,0.892281,
827.559,506.785,0.828283,827.501,547.916,0.814262,818.694,547.913,0.779804,862.972,524.403,0.731456,859.825,480.333,0.845529,833.384,547.879,0.736817,898.139,530.194,0.83395,865.778,483.308,0.752232,830.499,653.926,0.808791,833.453,659.757,0.805333,865.88,736.326,0.878261,836.309,807.01,0.887955,824.567,650.995,0.733236,830.435,736.3,0.854544,792.245,801.062,0.861771,812.959,506.851,0.857163,824.569,506.614,0.333147,801.028,527.268,0.820034,0,0,0,809.914,812.953,0.574559,801.045,812.744,0.484187,786.4,809.781,0.856155,862.908,815.881,0.776939,856.993,824.551,0.799247,827.516,812.791,0.893457,
827.553,506.796,0.823437,827.516,547.92,0.816028,818.72,547.905,0.773999,862.963,524.403,0.730681,859.828,480.342,0.844027,833.377,547.903,0.735473,898.138,530.191,0.835557,865.787,483.309,0.752696,830.499,653.924,0.808811,833.467,659.755,0.80612,865.87,736.328,0.879956,836.307,807.01,0.889393,821.719,650.992,0.734845,830.424,736.291,0.851875,792.244,801.07,0.862294,812.952,506.859,0.854723,824.577,506.62,0.33449,801.02,527.275,0.82053,0,0,0,809.922,812.947,0.573696,801.051,812.739,0.481286,786.399,809.79,0.854921,862.92,815.886,0.773607,857.007,824.552,0.798191,827.514,812.794,0.894351,
827.557,506.812,0.822552,827.52,547.925,0.817215,818.728,547.916,0.770761,862.968,524.405,0.725963,859.827,480.352,0.843616,833.376,547.907,0.734334,898.135,530.186,0.831683,865.786,483.319,0.750963,830.507,653.908,0.80988,833.467,659.739,0.804694,865.866,736.326,0.880034,836.302,809.731,0.89062,824.56,650.979,0.734748,830.437,736.286,0.851961,792.245,801.065,0.862035,812.951,506.872,0.853153,824.591,506.633,0.343034,798.185,527.306,0.820476,0,0,0,809.921,812.939,0.568798,801.051,812.73,0.475906,786.395,809.785,0.85425,862.925,815.88,0.775685,857.011,824.549,0.799299,827.511,812.798,0.894031,
827.555,506.811,0.823341,827.533,547.925,0.81864,818.715,547.919,0.77258,862.958,524.407,0.730484,859.83,480.357,0.846821,833.396,547.9,0.738004,898.141,530.181,0.837064,865.792,483.321,0.752279,830.509,653.916,0.809485,833.463,659.744,0.805017,865.865,736.324,0.880268,836.301,809.731,0.889556,824.573,650.987,0.733254,830.456,736.283,0.854835,792.243,801.073,0.860458,812.95,506.871,0.854526,824.588,506.632,0.345801,798.185,527.307,0.820239,0,0,0,809.924,812.974,0.567793,801.061,812.77,0.476965,786.392,809.786,0.854155,862.924,815.883,0.776237,857.007,824.554,0.797387,827.508,812.8,0.893537,
818.763,489.128,0.773518,833.294,530.24,0.942377,812.747,533.298,0.862305,857.002,503.694,0.791416,868.743,453.705,0.727462,848.139,527.249,0.815746,892.325,500.848,0.860851,883.354,453.765,0.824175,833.426,642.044,0.864974,818.706,642.109,0.798184,815.769,721.633,0.88317,789.346,803.939,0.86573,839.441,639.198,0.783437,857.015,721.561,0.902423,833.532,803.946,0.856417,812.737,492.028,0.852269,815.815,486.206,0.269883,798.172,509.671,0.803805,0,0,0,859.944,824.578,0.83457,859.888,815.778,0.84686,827.534,809.787,0.729473,812.814,824.574,0.735207,795.24,821.696,0.715521,786.32,809.783,0.849477,
818.764,489.127,0.773691,833.293,530.24,0.94217,812.748,533.298,0.862271,857.002,503.694,0.791298,868.741,453.704,0.726862,848.136,527.25,0.815857,892.326,500.85,0.860877,883.351,453.766,0.824094,833.423,642.045,0.864901,818.705,642.111,0.798338,815.768,721.634,0.883425,789.346,803.938,0.865702,839.435,639.199,0.784555,857.015,721.558,0.903294,833.532,803.945,0.856226,812.738,492.026,0.852506,815.816,486.206,0.269206,798.172,509.669,0.80396,0,0,0,859.944,824.579,0.834829,859.888,815.779,0.847504,827.534,809.786,0.729028,812.814,824.573,0.735225,795.241,821.694,0.715548,786.32,809.782,0.849381,
818.764,489.127,0.773827,833.293,530.24,0.942067,812.749,533.298,0.862188,857.003,503.693,0.791633,868.741,453.703,0.727362,848.135,527.25,0.815798,892.325,500.849,0.860731,883.35,453.765,0.824431,833.423,642.046,0.864918,818.706,642.111,0.798323,815.769,721.634,0.883323,789.346,803.938,0.865656,839.435,639.2,0.784677,857.015,721.558,0.903347,833.532,803.944,0.856063,812.738,492.026,0.852573,815.816,486.206,0.269094,798.172,509.669,0.803958,0,0,0,859.944,824.579,0.834879,859.887,815.778,0.847565,827.534,809.786,0.728618,812.814,824.573,0.735021,795.242,821.695,0.715217,786.321,809.782,0.849286,
818.765,489.125,0.774173,833.292,530.24,0.941954,812.749,533.298,0.86222,857.004,503.692,0.792179,868.74,453.702,0.728048,848.134,527.25,0.815772,892.324,500.85,0.860903,883.35,453.764,0.824544,833.423,642.046,0.864866,818.706,642.111,0.798191,815.769,721.633,0.883255,789.347,803.938,0.865572,839.434,639.2,0.784694,857.015,721.558,0.903311,833.531,803.944,0.8559,812.739,492.023,0.852826,815.817,486.204,0.269067,798.172,509.667,0.803964,0,0,0,859.944,824.579,0.834866,859.886,815.778,0.847626,827.534,809.786,0.728286,812.815,824.574,0.734758,795.243,821.695,0.714946,786.321,809.782,0.849282,
818.766,489.124,0.774395,833.292,530.24,0.941914,812.75,533.297,0.86208,857.006,503.691,0.792412,868.741,453.701,0.728105,848.133,527.25,0.815599,892.325,500.85,0.860658,883.349,453.764,0.824951,833.423,642.045,0.864765,818.707,642.11,0.798046,815.769,721.633,0.88335,789.347,803.937,0.865517,839.434,639.199,0.784742,857.016,721.556,0.903374,833.531,803.942,0.855762,812.739,492.022,0.852962,815.818,486.203,0.268546,798.172,509.667,0.804014,0,0,0,859.942,824.572,0.834553,859.886,815.772,0.848338,827.534,809.784,0.728184,812.815,824.572,0.734651,795.242,821.694,0.715399,786.322,809.782,0.849437,
824.619,486.103,0.833999,833.275,527.361,0.914685,812.796,530.336,0.8631,859.871,491.999,0.788854,874.606,436.238,0.756468,848.111,524.31,0.78904,883.408,491.989,0.88564,886.417,447.903,0.728561,833.424,639.114,0.8606,815.836,639.181,0.798642,812.846,718.79,0.9272,789.343,801.072,0.86151,842.274,636.219,0.785526,854.036,718.787,0.883094,833.531,803.949,0.869058,812.837,486.216,0.904737,818.722,483.282,0.319813,801.065,506.785,0.8315,0,0,0,859.885,827.535,0.824053,859.885,818.674,0.821153,827.586,809.774,0.745356,812.874,824.581,0.74452,795.25,821.714,0.719193,786.348,807.011,0.840011,
830.498,483.177,0.87793,833.28,515.605,0.823406,812.938,524.444,0.836143,862.845,483.323,0.800229,880.446,439.116,0.776384,839.398,506.864,0.775924,871.696,483.226,0.635557,880.613,447.915,0.602426,833.469,630.309,0.873923,815.746,630.347,0.816494,809.97,718.654,0.962021,789.44,798.156,0.851809,848.118,627.478,0.795189,848.136,718.736,0.849638,833.52,803.957,0.904001,815.858,483.219,0.893121,827.515,480.296,0.334501,806.893,503.74,0.810902,0,0,0,857.018,827.519,0.886017,859.827,815.893,0.901332,827.533,809.823,0.804852,812.738,821.705,0.763286,795.208,821.633,0.729718,789.258,806.966,0.840568,
830.495,483.178,0.877344,833.281,515.603,0.823369,812.937,524.443,0.835818,862.852,483.328,0.799161,880.434,439.111,0.775672,839.397,506.862,0.77506,871.702,483.238,0.628868,880.596,450.768,0.596424,833.469,630.311,0.873715,815.746,630.35,0.816427,809.97,718.657,0.961413,789.441,798.161,0.851475,848.12,627.479,0.794894,848.138,718.739,0.849289,833.519,803.956,0.903205,815.857,483.221,0.892433,827.509,480.297,0.338694,806.892,503.742,0.809081,0,0,0,857.022,827.523,0.887178,859.831,815.895,0.901727,827.532,809.821,0.802473,812.742,821.707,0.760397,795.213,821.639,0.727357,789.258,806.969,0.840312,
830.491,483.179,0.876742,833.28,515.599,0.82312,812.937,524.443,0.835283,862.858,483.329,0.799167,880.423,439.109,0.776794,839.394,506.859,0.774494,871.693,483.247,0.625776,880.583,450.773,0.598537,833.472,630.307,0.873807,815.747,630.347,0.816781,809.971,718.657,0.961,789.441,798.162,0.851364,848.127,627.474,0.794817,848.139,718.737,0.849162,833.518,803.958,0.902968,815.855,483.222,0.892275,827.501,480.299,0.339028,806.895,503.742,0.808531,0,0,0,857.03,827.526,0.888891,859.835,815.896,0.902759,827.53,809.823,0.802564,812.737,821.713,0.756785,795.208,821.645,0.725649,789.259,806.969,0.839868,
830.501,483.171,0.881485,833.277,515.615,0.82158,812.958,524.428,0.833664,862.823,486.1,0.810977,880.385,439.147,0.780729,839.373,506.888,0.778242,871.644,483.302,0.609774,880.532,450.859,0.612691,833.461,627.522,0.87689,815.739,630.342,0.820521,809.968,718.651,0.962526,789.435,798.143,0.854714,848.097,627.471,0.797971,848.139,718.752,0.849125,833.525,803.961,0.904965,815.863,483.217,0.895684,827.52,480.298,0.33538,806.892,503.733,0.813854,0,0,0,857.051,827.562,0.889524,859.86,818.701,0.894576,827.532,809.822,0.80966,812.711,821.697,0.772027,795.171,821.627,0.741799,789.253,806.956,0.844657,
833.301,483.303,0.850827,830.555,518.526,0.81769,812.823,527.179,0.835433,860.058,489.031,0.793925,880.469,442.043,0.749573,842.251,509.78,0.762107,871.726,486.109,0.60005,880.593,453.721,0.534908,833.433,630.312,0.864621,812.977,630.353,0.822226,809.728,718.535,0.941916,789.36,795.139,0.865309,848.115,627.493,0.791645,839.414,718.705,0.882747,833.497,801.115,0.906037,818.734,483.268,0.867858,830.437,483.097,0.376962,806.936,503.674,0.819099,0,0,0,856.893,827.53,0.88439,857.109,815.902,0.896018,824.647,809.879,0.840254,809.915,818.725,0.754862,792.302,815.84,0.734374,789.248,804.042,0.798057,
833.303,483.303,0.851447,830.559,518.527,0.818768,812.82,524.454,0.834541,860.061,489.027,0.79209,880.473,442.038,0.750934,842.262,509.785,0.761733,871.731,486.113,0.600618,880.585,453.723,0.533686,833.439,627.523,0.865715,812.982,630.345,0.822187,809.732,718.533,0.943056,789.35,792.338,0.868664,848.117,627.486,0.792423,839.412,718.703,0.883271,833.499,801.109,0.905617,818.737,483.269,0.867751,830.442,483.1,0.379053,806.937,503.678,0.818954,0,0,0,856.888,827.528,0.87979,857.105,818.673,0.891471,824.648,809.876,0.839351,809.907,818.703,0.762636,792.298,815.819,0.744433,789.244,804.013,0.794403,
833.299,483.305,0.848774,833.254,518.531,0.819767,812.807,527.178,0.835987,860.05,489.04,0.794138,880.485,442.059,0.753284,842.27,509.79,0.761374,871.727,486.118,0.598425,880.574,453.705,0.522425,833.444,627.514,0.867354,812.987,630.336,0.82246,809.734,718.53,0.943463,789.351,792.324,0.870413,848.126,627.476,0.793412,839.411,718.702,0.883864,833.497,803.926,0.9057,818.733,483.273,0.866319,830.434,483.106,0.377831,806.937,503.686,0.81654,0,0,0,856.875,827.525,0.877719,857.094,818.675,0.890788,824.647,809.884,0.838824,809.907,818.698,0.766507,792.298,815.812,0.747743,789.243,803.998,0.791536,
833.353,483.266,0.881464,830.552,518.493,0.814945,812.792,524.424,0.843439,860.066,489.031,0.806188,880.446,444.885,0.758478,842.275,509.747,0.762324,871.725,486.096,0.589526,880.555,453.664,0.532536,833.432,627.512,0.865976,812.976,630.326,0.823868,809.734,718.529,0.945258,789.339,792.326,0.869947,848.107,627.478,0.793527,839.417,718.694,0.883064,833.507,801.095,0.906413,818.794,483.229,0.874895,830.515,483.077,0.376405,806.943,503.651,0.829628,0,0,0,856.897,827.518,0.877296,859.812,815.887,0.89279,824.646,809.875,0.840973,809.907,818.695,0.770923,792.29,815.83,0.753818,789.227,804.007,0.788598,
833.528,483.209,0.903439,830.541,515.616,0.809144,812.777,524.34,0.841995,862.812,489.116,0.795913,880.561,447.921,0.782734,842.242,509.767,0.766618,874.572,486.156,0.579991,883.439,450.794,0.544331,833.444,630.309,0.86379,813.002,630.353,0.8182,806.963,715.844,0.923812,789.258,792.304,0.887133,848.108,627.49,0.788734,839.325,718.67,0.898511,833.455,801.094,0.896674,824.635,483.157,0.879258,833.465,480.329,0.31896,809.757,500.798,0.855446,0,0,0,856.943,827.531,0.899158,859.829,815.87,0.914529,824.55,809.913,0.826693,809.924,815.893,0.749258,792.317,815.844,0.747761,786.393,803.999,0.787332,
833.531,483.181,0.906426,830.534,515.596,0.809023,812.773,524.321,0.842836,862.822,489.117,0.796802,880.566,447.92,0.78277,842.236,509.753,0.769225,871.751,486.171,0.57242,883.416,450.801,0.540565,833.449,627.518,0.864895,813.001,630.343,0.81887,806.964,715.842,0.924014,789.262,792.302,0.886077,848.112,627.481,0.788944,839.326,718.668,0.898445,833.458,801.098,0.896675,824.643,483.131,0.879918,833.468,480.305,0.304443,809.759,500.775,0.854374,0,0,0,856.941,827.53,0.898871,859.828,815.868,0.914636,824.554,809.919,0.827658,809.926,815.892,0.747842,792.317,815.84,0.746633,786.399,803.997,0.785916,
833.53,483.164,0.908895,830.527,515.575,0.809613,812.772,524.302,0.842766,862.835,489.11,0.795352,880.563,447.924,0.787755,842.229,509.741,0.771669,871.739,486.182,0.571457,883.38,450.824,0.54401,833.451,627.505,0.867152,813.005,630.33,0.819699,806.964,715.837,0.924233,789.269,792.302,0.884166,848.117,627.469,0.790249,839.327,718.664,0.898324,833.464,801.095,0.897184,824.649,483.111,0.881685,833.457,480.289,0.282445,809.768,500.751,0.853746,0,0,0,856.944,827.529,0.899937,859.833,815.868,0.914188,824.56,809.918,0.826477,809.931,815.891,0.745943,792.323,815.839,0.743626,786.408,803.998,0.785116,
833.526,483.366,0.886713,833.288,521.392,0.821459,812.707,527.211,0.868284,862.956,497.931,0.812394,880.508,453.753,0.835411,842.338,512.692,0.732251,874.583,495.013,0.532994,880.61,456.656,0.532722,833.448,630.378,0.860843,813.013,630.414,0.816201,806.946,718.54,0.919534,789.249,798.116,0.882075,848.099,630.35,0.78337,836.529,718.629,0.911193,833.452,804.018,0.913077,827.498,483.287,0.873588,833.467,483.164,0.437633,809.84,500.909,0.852152,0,0,0,856.924,824.586,0.873526,857.094,815.756,0.923646,824.588,809.997,0.844331,809.897,818.757,0.770145,792.261,818.733,0.750657,786.421,806.976,0.820431,
833.471,483.291,0.860801,833.271,521.39,0.840931,812.729,527.244,0.881149,862.963,500.829,0.820774,886.489,450.828,0.788849,842.34,512.654,0.759394,877.55,486.089,0.638095,895.284,450.782,0.614786,833.448,630.325,0.864731,815.763,630.368,0.816652,806.933,715.816,0.904754,789.19,803.946,0.89033,845.237,627.515,0.790105,836.44,718.564,0.916626,833.445,804.057,0.904679,824.618,483.249,0.852299,833.356,483.141,0.298449,809.878,500.847,0.854354,0,0,0,856.969,827.483,0.869765,857.116,815.814,0.910685,824.578,812.72,0.799358,812.738,821.712,0.761301,795.131,824.589,0.747415,786.313,809.864,0.8512,
833.471,483.288,0.86123,833.27,521.386,0.840545,812.726,527.242,0.88125,862.961,500.827,0.821155,886.5,450.821,0.78638,842.343,512.65,0.759687,877.545,486.089,0.640053,895.275,450.782,0.617608,833.446,630.319,0.865203,815.759,630.361,0.817836,806.935,715.816,0.905426,789.192,803.946,0.890286,845.239,627.511,0.790873,836.44,718.564,0.9173,833.444,804.058,0.905156,824.619,483.247,0.852256,833.357,483.137,0.297818,809.877,500.846,0.854562,0,0,0,856.967,827.483,0.870158,857.114,815.815,0.911281,824.577,812.721,0.801233,812.735,821.713,0.761856,795.13,824.588,0.74739,786.316,809.863,0.851057,
833.472,483.288,0.861592,833.27,521.386,0.840484,812.724,527.242,0.881464,862.962,500.828,0.821011,886.502,450.817,0.786132,842.345,512.649,0.75957,877.55,486.085,0.640185,895.289,450.776,0.616091,833.448,630.318,0.865457,815.759,630.359,0.81813,806.937,715.813,0.906247,789.192,803.946,0.890502,845.242,627.51,0.790946,836.441,718.563,0.917284,833.444,804.059,0.90534,824.62,483.247,0.852579,833.356,483.138,0.297938,809.877,500.846,0.854725,0,0,0,856.966,827.485,0.870667,857.114,815.816,0.91171,824.577,812.722,0.801741,812.737,821.715,0.762269,795.131,824.589,0.747987,786.315,809.863,0.851938,
833.471,483.287,0.86166,833.269,521.385,0.840204,812.724,527.242,0.88156,862.965,500.828,0.820828,886.5,450.818,0.785837,842.345,512.649,0.759692,877.552,486.09,0.64277,895.286,450.782,0.615674,833.448,630.318,0.865524,815.76,630.36,0.818085,806.937,715.813,0.906299,789.193,803.946,0.890646,845.242,627.51,0.79091,836.442,718.564,0.917366,833.442,806.827,0.90549,824.619,483.246,0.85254,833.357,483.136,0.297577,809.876,500.846,0.854705,0,0,0,856.966,827.486,0.871055,857.113,815.817,0.911645,824.576,812.723,0.802221,812.739,821.716,0.762401,795.133,824.591,0.747794,786.316,809.864,0.852323,
833.472,483.286,0.862725,833.268,521.386,0.840209,812.723,527.242,0.881948,862.965,500.836,0.822284,886.49,450.822,0.787404,842.342,512.651,0.75978,877.559,486.102,0.641902,895.295,450.796,0.61247,833.45,630.319,0.865553,815.763,630.362,0.817283,806.939,715.81,0.907375,789.188,803.942,0.890456,845.245,627.51,0.790835,836.444,718.561,0.916977,833.444,804.058,0.905168,824.621,483.245,0.853138,833.357,483.137,0.295847,809.876,500.843,0.855415,0,0,0,856.967,827.485,0.870645,857.114,815.816,0.911493,824.577,812.722,0.801559,812.74,821.711,0.763434,795.131,824.587,0.748927,786.311,809.86,0.851953,
833.472,483.286,0.862768,833.268,521.387,0.84029,812.724,527.242,0.881977,862.965,500.836,0.822229,886.49,450.822,0.787369,842.341,512.653,0.759983,877.559,486.104,0.642091,895.294,450.797,0.61263,833.45,630.319,0.865555,815.763,630.361,0.817297,806.94,715.81,0.907381,789.188,803.941,0.890385,845.244,627.51,0.79091,836.444,718.561,0.916908,833.444,804.058,0.905204,824.621,483.244,0.853134,833.358,483.136,0.295748,809.877,500.843,0.855397,0,0,0,856.966,827.485,0.870717,857.114,815.815,0.911835,824.577,812.722,0.801632,812.739,821.711,0.763378,795.13,824.587,0.748989,786.311,809.859,0.851992,
833.472,483.286,0.862795,833.268,521.387,0.840244,812.724,527.242,0.881925,862.965,500.836,0.822149,886.49,450.822,0.787292,842.341,512.653,0.759955,877.559,486.104,0.642068,895.294,450.797,0.612639,833.45,630.319,0.865524,815.763,630.361,0.817318,806.939,715.81,0.907322,789.188,803.941,0.89039,845.245,627.51,0.7909,836.444,718.561,0.916865,833.444,804.058,0.905136,824.621,483.244,0.853147,833.358,483.137,0.295771,809.876,500.843,0.855426,0,0,0,856.965,827.485,0.87081,857.114,815.816,0.911896,824.577,812.723,0.801534,812.738,821.711,0.763023,795.13,824.587,0.748861,786.312,809.859,0.851965,
833.472,483.286,0.862794,833.268,521.387,0.840233,812.725,527.241,0.881903,862.965,500.836,0.822132,886.49,450.822,0.787294,842.34,512.653,0.760013,877.559,486.104,0.642082,895.295,450.797,0.612679,833.45,630.318,0.865604,815.764,630.361,0.817302,806.939,715.81,0.907396,789.188,803.941,0.89039,845.244,627.51,0.790956,836.444,718.561,0.916915,833.444,804.058,0.905173,824.621,483.245,0.853146,833.358,483.136,0.295741,809.876,500.843,0.855388,0,0,0,856.965,827.485,0.870781,857.113,815.816,0.911809,824.577,812.722,0.801656,812.738,821.711,0.76308,795.13,824.587,0.74885,786.311,809.859,0.851998,
833.472,483.286,0.862792,833.268,521.386,0.840011,812.724,527.241,0.88184,862.966,500.835,0.822101,886.49,450.822,0.787302,842.341,512.651,0.759781,877.559,486.101,0.641764,895.296,450.796,0.61239,833.451,630.318,0.865663,815.764,630.36,0.817279,806.939,715.81,0.907414,789.188,803.941,0.890411,845.245,627.509,0.790859,836.444,718.561,0.916913,833.444,804.058,0.905175,824.621,483.245,0.853186,833.357,483.137,0.295853,809.876,500.843,0.855419,0,0,0,856.965,827.485,0.87074,857.113,815.816,0.91181,824.577,812.722,0.801725,812.738,821.711,0.76302,795.13,824.586,0.748856,786.311,809.859,0.852105,
833.473,483.282,0.864571,833.269,521.392,0.840813,812.724,527.242,0.881645,862.969,500.835,0.82189,886.49,450.82,0.78623,842.339,512.658,0.759126,877.557,486.123,0.637815,895.28,450.812,0.616562,833.451,630.317,0.866299,815.765,630.358,0.818178,806.937,715.809,0.907573,789.193,803.948,0.891751,845.246,627.509,0.790973,836.44,718.562,0.918112,833.443,804.059,0.905543,824.622,483.243,0.853465,833.36,483.133,0.297165,809.878,500.841,0.855199,0,0,0,856.966,827.486,0.871339,857.116,815.816,0.912107,824.578,812.722,0.803703,812.74,821.718,0.763254,795.134,824.594,0.748979,786.318,809.865,0.854082,
833.478,483.28,0.865629,833.268,521.395,0.840413,812.723,527.242,0.881366,862.971,500.831,0.820135,886.5,450.817,0.780435,842.337,512.662,0.758268,877.551,486.127,0.636081,895.269,450.813,0.614033,833.452,630.317,0.866079,815.764,630.359,0.818172,806.937,715.809,0.907513,789.191,803.947,0.89133,845.248,627.509,0.79071,836.441,718.562,0.91804,833.444,804.059,0.905197,824.625,483.24,0.853279,833.368,483.126,0.300744,809.878,500.839,0.853912,0,0,0,856.969,827.485,0.87061,859.802,815.816,0.911715,824.58,812.723,0.802465,812.74,821.715,0.76351,795.134,824.591,0.749051,786.315,809.864,0.852497,
836.441,483.221,0.919168,830.529,524.347,0.906773,809.827,527.394,0.923677,857.114,524.297,0.855542,865.894,480.084,0.872841,851.034,524.279,0.799968,889.342,500.81,0.856462,924.584,459.627,0.861049,830.415,633.349,0.804632,812.883,633.353,0.82461,809.768,715.676,0.782321,789.219,795.246,0.734101,836.453,633.35,0.825582,830.543,718.616,0.762391,830.479,806.896,0.743315,830.483,483.159,0.88709,836.456,483.134,0.335912,812.723,500.747,0.896158,0,0,0,857.051,821.723,0.707909,856.973,815.749,0.698547,821.678,812.926,0.548753,821.681,821.712,0.493278,806.938,824.569,0.550263,786.301,809.77,0.685007,
836.423,483.279,0.918357,833.294,527.187,0.949252,809.759,530.153,0.919744,856.908,527.426,0.858828,865.793,480.306,0.879636,853.968,524.428,0.835602,898.127,506.622,0.876568,924.63,468.503,0.827369,827.578,639.231,0.818796,812.724,639.186,0.860935,801.017,715.832,0.866165,786.455,795.221,0.871234,836.484,642.034,0.841191,833.39,718.645,0.885831,833.247,803.975,0.853141,830.489,483.213,0.900635,836.388,483.208,0.374343,812.719,500.864,0.916261,0,0,0,851.112,818.805,0.808933,854.076,812.901,0.872004,818.79,812.75,0.79505,809.98,818.686,0.77302,792.294,815.896,0.735391,786.264,806.987,0.764791,
836.425,483.276,0.918788,833.293,527.188,0.949568,809.757,530.153,0.919768,856.905,527.43,0.858751,865.794,480.308,0.88016,853.967,524.431,0.835702,898.124,506.622,0.876259,924.629,468.505,0.827394,827.578,639.233,0.818838,812.724,639.187,0.860972,801.018,715.833,0.86616,786.456,795.222,0.871129,836.483,642.035,0.841381,833.389,718.646,0.885603,833.247,803.975,0.853219,830.491,483.21,0.901525,836.393,483.205,0.370365,812.718,500.861,0.916784,0,0,0,851.113,818.805,0.808876,854.076,812.901,0.87199,818.791,812.75,0.795081,809.98,818.686,0.772898,792.295,815.897,0.735326,786.264,806.987,0.764898,
836.426,483.275,0.919236,833.294,527.19,0.949778,809.757,530.154,0.919768,856.906,527.43,0.858842,865.795,480.308,0.880361,853.967,524.431,0.835813,898.123,506.623,0.876144,924.629,468.505,0.827417,827.578,639.233,0.81888,812.724,639.187,0.861043,801.017,715.833,0.866195,786.456,795.221,0.871264,836.483,642.036,0.841532,833.388,718.646,0.885625,833.247,803.975,0.853306,830.491,483.208,0.901928,836.395,483.202,0.368585,812.716,500.858,0.916895,0,0,0,851.11,818.802,0.809095,854.074,812.899,0.872165,818.791,812.749,0.795454,809.981,818.685,0.773533,792.295,815.896,0.735703,786.265,806.987,0.765157,
836.426,483.273,0.919479,833.294,527.189,0.949757,809.756,530.153,0.919737,856.904,527.432,0.858533,865.796,480.308,0.880227,853.966,524.431,0.83555,898.122,506.623,0.876093,924.629,468.506,0.827393,827.578,639.233,0.818864,812.724,639.187,0.861011,801.018,715.833,0.866198,786.456,795.222,0.871182,836.482,642.036,0.841594,833.388,718.647,0.88546,833.247,803.975,0.853326,830.491,483.205,0.902196,836.397,483.2,0.366411,812.716,500.857,0.917409,0,0,0,851.112,818.802,0.809256,854.075,812.899,0.872468,818.791,812.749,0.795399,809.981,818.685,0.773236,792.296,815.896,0.73549,786.265,806.987,0.765168,
836.428,483.271,0.919671,833.293,527.189,0.949943,809.755,530.153,0.919924,856.898,527.439,0.857473,865.796,480.308,0.880185,853.963,524.432,0.835327,898.121,506.623,0.875982,924.629,468.507,0.827361,827.577,639.235,0.818884,812.724,639.188,0.861143,801.017,715.833,0.86613,786.457,795.221,0.871284,836.481,642.037,0.84191,833.387,718.647,0.885503,830.56,803.976,0.853371,830.493,483.204,0.902797,836.402,483.199,0.363797,812.717,500.858,0.918508,0,0,0,851.11,818.798,0.80927,854.073,812.896,0.872327,818.79,812.749,0.795556,809.981,818.683,0.773615,792.296,815.895,0.735919,786.266,806.986,0.765226,
836.446,483.281,0.911023,833.302,527.196,0.952536,809.758,530.156,0.919997,856.908,527.433,0.861455,865.777,480.292,0.875114,853.986,524.453,0.842264,898.122,506.626,0.875835,924.624,468.52,0.827339,827.583,639.234,0.819212,812.73,639.186,0.860122,801.031,715.818,0.865481,786.444,795.198,0.87233,836.483,642.037,0.842013,833.384,718.645,0.884136,830.558,803.99,0.852717,830.516,483.216,0.898832,836.42,483.224,0.348456,812.735,500.866,0.917869,0,0,0,853.951,821.622,0.808676,854.09,812.904,0.871427,818.784,812.763,0.796303,809.958,815.883,0.767957,792.296,815.879,0.736094,786.243,806.969,0.760451,
839.297,483.254,0.919545,833.316,530.229,0.966633,804.057,530.375,0.906922,833.374,559.699,0.890175,860.1,509.749,0.923813,856.955,530.178,0.860172,903.974,542.095,0.799756,927.55,509.652,0.852584,830.54,642.189,0.879445,812.841,644.921,0.88377,798.165,718.734,0.857333,786.471,803.992,0.89434,839.428,644.93,0.834989,833.385,718.723,0.889742,830.557,806.838,0.859507,833.388,483.103,0.927392,836.51,480.383,0.221548,812.789,500.732,0.874894,0,0,0,851.097,821.621,0.795889,854.091,812.909,0.862199,821.616,812.797,0.79528,810.005,818.772,0.795049,792.332,821.664,0.759794,786.266,809.918,0.817977,
839.299,483.254,0.919337,833.317,530.23,0.966967,804.057,530.376,0.906766,833.375,559.697,0.890493,860.103,509.747,0.922954,856.956,530.179,0.860254,903.975,542.094,0.800557,927.546,509.653,0.85258,830.529,644.913,0.879597,812.833,644.925,0.885223,798.157,718.746,0.855868,786.475,803.987,0.894046,839.427,644.934,0.835878,833.386,718.732,0.890776,830.56,806.84,0.86095,833.391,483.104,0.927832,836.513,480.386,0.22055,812.791,500.732,0.874792,0,0,0,851.089,821.633,0.798854,854.09,812.914,0.864002,821.615,812.795,0.799609,810.003,818.764,0.798157,792.332,821.653,0.759822,786.27,809.911,0.81812,
839.303,483.253,0.919055,833.318,530.235,0.967135,804.055,530.378,0.905939,833.371,559.694,0.890574,860.106,509.748,0.920805,856.958,530.187,0.859437,903.98,542.096,0.799196,927.538,509.643,0.852706,830.529,644.913,0.879737,812.83,644.923,0.886064,798.165,718.746,0.854737,786.468,803.987,0.894094,839.43,644.936,0.836031,833.391,718.719,0.892732,830.555,806.838,0.859311,833.388,483.103,0.927497,836.525,480.38,0.226637,812.789,500.735,0.874702,0,0,0,851.098,821.63,0.798865,854.091,812.912,0.862196,821.61,812.793,0.796906,812.732,818.776,0.79843,792.343,821.654,0.75782,786.259,809.914,0.817517,
836.536,483.3,0.914696,830.526,530.277,0.936704,804.037,530.364,0.913064,815.813,574.455,0.922161,859.812,530.444,0.924834,856.932,530.208,0.909461,895.22,556.735,0.796409,924.678,530.267,0.868794,833.279,642.098,0.873227,812.862,642.116,0.87031,798.168,718.738,0.862212,786.465,804.021,0.901054,842.26,642.134,0.822343,833.408,718.742,0.896726,830.558,806.844,0.863051,833.364,483.126,0.929941,836.46,480.361,0.226278,812.763,497.874,0.868471,0,0,0,851.105,821.64,0.798234,854.099,812.915,0.862663,821.609,812.794,0.806038,809.999,818.774,0.80516,792.327,821.667,0.766097,786.257,809.937,0.823516,
836.546,483.273,0.917401,830.537,530.256,0.939716,804.038,530.355,0.913645,815.804,574.464,0.92394,859.819,530.417,0.926753,856.944,530.191,0.913868,895.209,556.741,0.794415,924.644,530.287,0.864408,833.277,642.089,0.871624,812.863,642.111,0.869267,801.009,718.744,0.856645,786.458,806.837,0.905988,842.254,642.12,0.821501,833.41,718.758,0.891908,830.553,806.856,0.860882,833.365,483.096,0.932622,836.48,480.321,0.236031,812.762,497.846,0.866403,0,0,0,853.94,821.659,0.793217,856.838,812.931,0.854062,821.614,812.807,0.796884,812.73,821.632,0.792282,792.332,821.709,0.759359,786.243,809.97,0.818997,
836.541,483.278,0.915828,830.542,530.256,0.940655,804.042,530.356,0.914358,815.803,574.466,0.925442,859.813,530.432,0.926459,856.949,530.194,0.914935,895.191,556.751,0.792312,924.643,530.277,0.864882,833.277,642.084,0.871193,812.862,642.105,0.868896,801.022,718.728,0.859914,786.452,804.046,0.903425,842.256,642.118,0.821691,833.411,718.758,0.891993,830.551,806.852,0.860675,833.363,483.107,0.92937,836.462,480.336,0.24276,812.771,497.86,0.865132,0,0,0,853.942,821.659,0.793715,856.836,812.932,0.853244,821.609,812.803,0.79934,809.99,818.791,0.793862,792.329,821.69,0.761569,786.24,809.955,0.819674,
836.551,483.28,0.912205,830.544,530.259,0.941274,804.044,530.352,0.914958,815.812,574.458,0.919881,859.827,530.417,0.926949,856.952,530.199,0.916575,895.187,556.739,0.790712,924.645,530.272,0.864907,833.27,642.087,0.870017,812.854,642.105,0.868951,801.024,718.72,0.862375,786.455,804.03,0.902601,842.246,642.122,0.82321,833.412,718.76,0.89254,830.551,806.845,0.860781,833.372,483.109,0.928873,836.463,480.34,0.239472,812.783,497.864,0.86474,0,0,0,851.144,821.639,0.794642,856.83,812.924,0.855088,818.793,812.808,0.80326,809.978,818.773,0.798053,792.319,821.666,0.764425,786.244,809.946,0.820636,
839.31,483.269,0.914486,830.543,530.27,0.940792,804.04,530.359,0.913798,815.828,574.454,0.916313,859.866,530.391,0.929012,856.953,530.206,0.913405,895.236,556.718,0.797979,924.65,530.266,0.868249,833.265,642.094,0.869778,812.846,642.113,0.870235,801.006,718.739,0.861924,786.464,806.831,0.906256,842.241,642.131,0.824279,833.414,718.773,0.892722,833.254,806.874,0.86722,833.426,483.092,0.940939,836.509,480.33,0.193518,812.818,497.839,0.866335,0,0,0,854.002,821.69,0.80483,856.878,812.948,0.861908,821.609,812.827,0.808086,809.992,818.797,0.796754,792.328,821.693,0.764035,786.25,809.967,0.820728,
842.276,483.356,0.882145,827.59,533.346,0.884179,803.943,533.346,0.842796,792.23,597.831,0.857711,827.594,618.537,0.674433,853.973,536.202,0.854259,877.645,577.241,0.883674,903.978,583.273,0.811361,833.305,645.083,0.892267,812.893,645.088,0.888163,804.028,718.696,0.868372,786.426,801.073,0.866157,842.354,645.113,0.839832,833.444,721.542,0.873635,833.263,806.891,0.854982,836.268,483.12,0.968899,839.323,480.327,0.229566,812.899,494.918,0.887199,0,0,0,856.921,821.67,0.809008,856.927,812.947,0.831996,821.657,812.841,0.754617,812.85,818.712,0.720898,795.244,818.779,0.706936,783.446,809.843,0.795033,
842.283,483.35,0.884112,827.59,533.343,0.884744,803.94,533.341,0.843276,792.23,597.825,0.8572,827.586,618.534,0.674948,853.976,536.198,0.855187,877.649,577.244,0.883765,903.983,583.27,0.81035,833.307,645.084,0.892513,812.895,645.089,0.888171,804.03,718.699,0.867806,786.426,801.077,0.865195,845.165,645.104,0.839657,833.444,721.544,0.873303,833.263,806.893,0.854572,836.27,483.114,0.971603,839.343,480.323,0.257031,812.896,494.908,0.886769,0,0,0,856.925,821.673,0.809851,856.927,812.949,0.831614,821.658,812.844,0.75325,812.847,818.714,0.719256,795.243,818.783,0.705028,783.445,809.844,0.793428,
842.271,483.357,0.885311,827.591,533.339,0.885271,803.93,533.339,0.843101,792.227,595.095,0.856101,827.566,618.541,0.671878,853.988,536.19,0.858178,877.644,577.251,0.881567,903.963,583.248,0.804883,833.31,645.081,0.892628,812.896,645.086,0.887855,804.03,718.699,0.867206,786.427,801.078,0.865002,845.174,645.102,0.838971,833.445,718.813,0.87462,833.265,806.895,0.855375,836.267,483.117,0.974272,839.346,480.333,0.290769,812.886,492.082,0.887956,0,0,0,856.925,821.677,0.810676,856.928,812.951,0.832982,821.662,812.845,0.753474,812.85,818.713,0.719751,795.245,818.782,0.70422,783.447,809.844,0.792733,
842.313,483.363,0.878886,827.566,536.117,0.880801,801.07,536.129,0.83976,792.224,597.836,0.859844,827.539,618.505,0.667916,853.986,536.188,0.860553,877.621,574.566,0.884183,903.975,583.244,0.811459,833.312,645.084,0.893738,812.911,645.094,0.886515,804.054,718.68,0.861952,786.429,801.08,0.85703,842.349,645.112,0.839783,833.425,721.545,0.861126,833.257,806.908,0.842858,836.292,483.119,0.971905,839.367,480.331,0.277751,812.896,492.069,0.888455,0,0,0,856.963,821.678,0.796002,856.936,812.965,0.807804,821.681,812.867,0.713326,812.911,818.715,0.6848,798.141,821.623,0.685803,783.436,809.848,0.790276,
845.19,486.106,0.863179,830.404,536.161,0.887206,803.941,533.332,0.851725,789.235,594.983,0.922356,809.884,624.584,0.889087,854.047,539.141,0.856625,877.548,586.254,0.838777,903.954,615.651,0.835002,833.29,645.102,0.884409,812.842,645.113,0.894451,806.851,718.64,0.879399,786.413,801.031,0.856961,845.192,645.106,0.830246,833.437,718.793,0.881495,833.256,806.906,0.850249,836.353,483.155,0.96193,839.435,480.376,0.208558,812.983,494.919,0.880484,0,0,0,856.945,821.656,0.803019,856.93,812.948,0.820444,821.669,812.862,0.739003,812.862,818.723,0.693444,795.245,818.786,0.691061,783.432,809.82,0.784245,
845.22,486.145,0.851547,830.415,536.159,0.886802,803.938,533.356,0.847576,789.196,595.081,0.947476,795.196,642.037,0.886614,854.094,539.096,0.862749,868.749,592.068,0.818708,883.55,624.412,0.859611,833.283,645.164,0.896805,812.743,645.117,0.913559,803.989,718.7,0.892218,786.419,801.092,0.886553,848.113,647.897,0.852083,833.473,721.595,0.897957,833.263,806.9,0.883879,836.379,483.193,0.949951,842.22,483.048,0.202299,815.727,494.95,0.878491,0,0,0,854.055,818.77,0.842352,856.886,812.864,0.896619,818.777,812.831,0.842887,809.96,818.681,0.801951,792.261,818.716,0.769721,786.202,809.843,0.806578,
845.212,486.145,0.851883,830.39,536.165,0.883006,803.948,536.137,0.84763,789.198,595.088,0.948408,795.193,642.027,0.885265,854.043,539.089,0.857275,868.72,592.052,0.813984,883.536,624.409,0.856989,833.285,645.171,0.896036,812.744,645.123,0.913666,803.994,718.722,0.888857,786.419,801.106,0.884076,848.118,647.904,0.85089,833.473,721.62,0.897051,833.253,806.906,0.884278,836.375,483.196,0.95095,839.457,483.045,0.190405,815.729,494.964,0.879985,0,0,0,854.058,818.768,0.844948,856.88,812.862,0.89671,818.767,812.836,0.851629,809.945,818.696,0.794596,792.25,818.729,0.762728,786.208,809.852,0.803576,
845.212,486.145,0.851849,830.39,536.165,0.882996,803.948,536.137,0.84764,789.198,595.088,0.948405,795.193,642.027,0.885291,854.042,539.089,0.857246,868.72,592.052,0.813974,883.536,624.409,0.856919,833.285,645.171,0.896009,812.744,645.123,0.913669,803.994,718.722,0.88886,786.419,801.106,0.884055,848.118,647.904,0.850889,833.473,721.62,0.897015,833.253,806.906,0.884265,836.375,483.196,0.950936,839.457,483.045,0.190327,815.729,494.964,0.880013,0,0,0,854.058,818.768,0.844986,856.88,812.862,0.896803,818.767,812.835,0.851595,809.945,818.696,0.794578,792.25,818.73,0.762678,786.208,809.852,0.803574,
845.212,486.145,0.851845,830.39,536.165,0.882997,803.948,536.137,0.847638,789.198,595.088,0.948405,795.193,642.027,0.885293,854.042,539.089,0.857245,868.72,592.052,0.813973,883.536,624.409,0.856919,833.285,645.171,0.896007,812.744,645.123,0.91367,803.994,718.722,0.88887,786.419,801.106,0.884065,848.118,647.904,0.850891,833.473,721.62,0.897023,833.253,806.906,0.884205,836.375,483.196,0.950929,839.457,483.045,0.190304,815.729,494.964,0.880007,0,0,0,854.058,818.769,0.845068,856.88,812.863,0.896769,818.767,812.836,0.85156,809.944,818.695,0.794526,792.25,818.729,0.762646,786.207,809.852,0.803581,
845.213,486.145,0.851839,830.39,536.165,0.882997,803.948,536.137,0.847636,789.198,595.088,0.948371,795.193,642.028,0.88529,854.042,539.089,0.857243,868.72,592.052,0.81396,883.536,624.409,0.856875,833.286,645.171,0.896069,812.744,645.123,0.913676,803.994,718.722,0.888876,786.419,801.107,0.884056,848.118,647.904,0.850889,833.473,721.62,0.896962,833.253,806.906,0.884178,836.375,483.196,0.950928,839.457,483.045,0.190299,815.729,494.964,0.880008,0,0,0,854.057,818.769,0.845093,856.88,812.863,0.896771,818.767,812.835,0.851523,809.944,818.696,0.794323,792.25,818.729,0.762473,786.208,809.852,0.803563,
845.213,486.145,0.85189,830.39,536.165,0.883029,803.948,536.137,0.847592,789.198,595.088,0.948369,795.193,642.027,0.885283,854.043,539.089,0.857354,868.721,592.052,0.814096,883.536,624.409,0.857029,833.286,645.17,0.896142,812.744,645.123,0.913669,803.994,718.722,0.888939,786.419,801.106,0.88408,848.119,647.904,0.850921,833.473,721.62,0.896924,833.253,806.906,0.884156,836.375,483.196,0.950954,839.457,483.046,0.190374,815.729,494.964,0.880016,0,0,0,854.058,818.763,0.84471,856.879,812.86,0.896381,818.767,812.836,0.851491,809.943,818.694,0.794422,792.25,818.728,0.762505,786.207,809.852,0.80344,
845.213,486.145,0.851773,830.4,536.166,0.883783,803.944,536.135,0.84661,789.196,597.813,0.951682,795.196,642.031,0.886149,854.063,539.099,0.858743,868.727,592.076,0.816737,883.542,624.403,0.856643,833.285,645.171,0.89593,812.742,645.123,0.913523,803.994,718.729,0.887127,786.421,801.099,0.883263,848.12,647.905,0.850892,833.476,721.624,0.897132,833.253,806.909,0.884607,836.374,483.195,0.950538,842.216,483.045,0.195763,815.726,494.964,0.879576,0,0,0,854.057,818.762,0.849335,856.879,812.86,0.901538,818.767,812.838,0.850111,809.947,818.692,0.795218,792.25,818.725,0.763717,786.207,809.847,0.802403,
845.165,486.168,0.849984,830.415,533.334,0.883919,804.042,536.131,0.856399,786.219,597.965,0.954381,762.823,645.105,0.947043,854.03,533.339,0.844528,860.02,586.164,0.216491,874.628,624.493,0.0553885,833.312,642.186,0.880838,812.749,642.158,0.886427,806.829,718.642,0.898721,786.43,792.347,0.889311,848.129,644.976,0.82627,833.555,718.658,0.921083,833.313,804.026,0.874448,836.369,483.232,0.947881,839.416,483.117,0.279532,815.755,497.859,0.88622,0,0,0,854.053,818.763,0.845918,856.884,812.865,0.90291,821.645,812.745,0.817222,809.866,815.796,0.792224,789.431,812.986,0.76699,786.219,806.865,0.740633,
845.196,486.203,0.838364,830.416,533.335,0.8843,804.039,536.137,0.856129,786.225,597.953,0.956036,762.826,645.092,0.947147,854.034,533.326,0.847574,860.006,586.167,0.22024,868.738,627.371,0.0538728,833.291,644.928,0.880639,812.737,642.173,0.887655,806.828,718.661,0.895965,786.437,792.335,0.892099,845.281,645,0.826084,833.569,718.656,0.923824,833.332,804.01,0.878455,836.382,483.263,0.936504,839.435,483.153,0.288434,815.76,497.896,0.888764,0,0,0,854.047,818.766,0.848146,856.897,812.872,0.906884,821.665,812.726,0.812605,809.884,815.781,0.794147,792.184,812.992,0.765179,786.224,806.851,0.74441,
842.344,486.218,0.836189,830.471,533.28,0.897522,806.885,533.315,0.877398,783.423,597.901,0.934032,759.876,644.925,0.896631,854.063,533.278,0.858016,859.903,583.342,0.222103,865.853,627.386,0.0582544,833.317,644.98,0.89156,812.797,644.964,0.88842,806.86,718.67,0.897097,786.434,792.322,0.890094,845.276,645.048,0.828776,836.26,718.706,0.914162,833.345,803.998,0.882238,836.357,483.279,0.933369,839.403,483.17,0.350132,815.746,497.919,0.888627,0,0,0,853.943,818.727,0.843799,854.096,812.861,0.895888,821.697,810.024,0.801265,809.886,815.762,0.772701,792.194,812.983,0.74194,786.205,804.058,0.740345,
842.35,489.049,0.826539,830.478,533.285,0.897601,806.885,533.32,0.876175,783.428,597.904,0.935176,759.871,644.919,0.893892,854.068,533.281,0.858497,859.9,586.163,0.239482,865.878,627.381,0.0706931,833.315,644.959,0.888722,812.795,644.945,0.887514,806.864,718.629,0.900218,786.428,792.276,0.896714,845.275,645.023,0.826467,836.257,718.674,0.915639,833.344,803.977,0.878337,836.373,483.323,0.927062,839.422,483.222,0.356054,815.751,497.94,0.890427,0,0,0,853.95,818.751,0.844259,856.83,812.879,0.896215,821.692,810.019,0.79538,809.873,815.747,0.767363,792.191,812.96,0.742982,783.453,803.999,0.738712,
842.339,489.08,0.825582,830.481,533.281,0.898229,806.887,533.317,0.876796,783.429,597.905,0.935624,759.878,644.914,0.895386,854.072,533.271,0.858961,859.902,583.333,0.234029,865.852,627.387,0.0673037,833.311,644.947,0.886425,812.784,644.931,0.886734,806.861,718.604,0.902614,786.423,792.228,0.903223,845.276,645.012,0.825558,836.256,718.655,0.917174,833.345,803.956,0.876964,836.37,483.341,0.92388,839.419,483.249,0.376222,815.748,497.953,0.890518,0,0,0,853.948,818.753,0.846112,856.836,812.879,0.898206,821.687,810.005,0.799464,809.841,812.975,0.771048,792.183,812.924,0.751665,783.441,803.942,0.73783,
842.295,489.095,0.829898,830.495,533.289,0.896518,806.874,533.286,0.881173,783.379,595.091,0.900639,759.872,642.059,0.873716,854.105,536.126,0.850681,860.014,583.337,0.225623,871.733,624.511,0.0567323,833.315,644.954,0.883484,812.79,644.931,0.883077,806.879,718.585,0.901437,786.417,792.196,0.902844,848.107,645.012,0.822687,833.567,718.641,0.916253,833.344,803.94,0.872492,836.341,483.339,0.927035,839.404,483.273,0.435246,813.01,497.926,0.889385,0,0,0,853.995,818.773,0.850258,856.868,812.885,0.901532,821.689,810.004,0.79964,809.829,812.969,0.759852,789.435,812.893,0.746105,783.422,801.088,0.733462,
845.172,486.254,0.830897,830.491,533.286,0.895571,806.865,533.287,0.877914,783.376,595.09,0.900574,759.873,642.067,0.876258,856.826,536.139,0.850496,859.959,583.319,0.216733,0,0,0,833.299,644.932,0.877589,812.768,642.171,0.881325,806.869,718.55,0.903639,786.4,789.442,0.909022,845.277,645.004,0.8221,833.57,718.599,0.919943,833.34,803.925,0.873061,836.368,483.297,0.932729,839.428,483.221,0.388453,815.735,497.896,0.887295,0,0,0,853.965,818.751,0.854234,856.858,812.872,0.907805,821.68,809.995,0.810639,809.79,812.94,0.766684,789.402,812.857,0.757295,783.409,801.04,0.731737,
845.253,486.236,0.837431,830.483,533.27,0.89486,806.857,533.252,0.882082,783.39,594.957,0.87883,762.653,639.233,0.876979,854.087,536.141,0.845579,862.832,586.177,0.252992,874.65,624.48,0.0730241,830.487,644.954,0.86377,809.994,642.163,0.876058,806.844,718.543,0.901789,786.394,789.427,0.914216,842.333,645.046,0.833901,836.26,718.605,0.92708,833.339,801.113,0.874619,836.409,483.27,0.944546,839.457,483.19,0.362539,815.757,497.883,0.885537,0,0,0,851.112,818.718,0.85545,856.834,812.862,0.913983,821.67,809.996,0.816658,809.763,812.922,0.77935,789.376,812.839,0.768783,783.414,801.016,0.730455,
848.154,486.2,0.843708,830.466,533.258,0.892071,806.865,533.245,0.884883,783.415,594.943,0.879746,759.918,639.2,0.874361,854.045,536.125,0.840048,862.921,583.326,0.246655,880.521,621.483,0.0711128,830.491,644.954,0.86405,809.997,642.166,0.87693,806.845,718.542,0.902214,786.392,789.439,0.911764,842.342,645.043,0.832215,836.263,718.6,0.928719,833.337,803.925,0.874536,836.454,483.245,0.941782,842.249,483.167,0.291796,815.799,497.865,0.878267,0,0,0,851.092,818.712,0.855257,856.829,812.86,0.91614,821.669,810,0.814516,809.768,812.938,0.778934,789.373,812.858,0.7684,783.411,801.037,0.729133,
848.137,486.241,0.833841,830.443,533.262,0.889344,806.874,533.285,0.881487,783.353,594.966,0.877322,762.686,639.215,0.883765,853.976,533.318,0.835577,862.871,583.276,0.246578,868.821,624.474,0.0718271,830.466,644.937,0.859246,810.008,642.154,0.875747,806.873,718.556,0.903422,786.419,792.2,0.901267,842.261,645.016,0.837382,836.273,718.584,0.924883,833.351,804.05,0.879331,836.453,483.285,0.934372,842.226,483.202,0.29319,815.814,497.91,0.878892,0,0,0,853.981,818.785,0.832678,856.905,812.903,0.905246,821.668,812.795,0.796237,809.924,815.805,0.767576,792.21,812.998,0.758087,783.425,801.111,0.734898,
848.156,486.247,0.832986,830.441,533.247,0.891113,806.875,533.267,0.884507,783.351,594.95,0.87464,762.696,639.211,0.884785,853.975,533.311,0.836028,860.068,583.326,0.259407,862.971,630.295,0.0979826,830.459,644.921,0.856515,809.999,642.133,0.873257,806.868,718.539,0.90427,786.423,792.203,0.899798,842.251,645,0.838001,836.282,718.564,0.927669,833.352,804.046,0.881482,836.469,483.287,0.933389,842.229,483.209,0.266179,815.835,497.909,0.875353,0,0,0,853.955,818.773,0.831091,856.894,812.899,0.906671,821.663,812.789,0.802595,809.915,815.807,0.775416,792.203,813.001,0.76224,783.45,803.93,0.733264,
848.182,489.043,0.833403,830.436,533.264,0.885523,806.9,533.27,0.885287,783.371,597.851,0.907028,762.783,644.931,0.928725,851.153,533.311,0.830572,860.036,583.319,0.220206,862.872,630.316,0.0514482,830.477,645.008,0.862532,812.754,644.975,0.867376,806.988,718.606,0.891979,786.486,792.349,0.856014,839.401,645.078,0.848591,833.549,718.664,0.897931,833.318,806.842,0.869173,836.496,483.301,0.934571,842.282,483.233,0.250286,815.849,497.901,0.873233,0,0,0,854.091,818.782,0.82356,856.919,812.913,0.884238,821.638,812.813,0.771452,809.948,815.867,0.70838,792.303,815.805,0.713837,786.261,806.901,0.753325,
848.195,489.09,0.827829,830.417,533.259,0.88235,806.912,533.268,0.887401,783.357,597.869,0.907007,762.794,644.967,0.936522,851.1,533.308,0.826471,859.994,583.304,0.202141,0,0,0,830.497,645.013,0.867558,812.795,644.986,0.866102,809.751,718.6,0.8828,789.162,792.345,0.842399,839.389,645.08,0.849375,833.521,718.675,0.884144,833.303,806.864,0.851664,836.513,483.326,0.926715,842.314,483.276,0.224085,815.866,497.901,0.872576,0,0,0,856.857,821.617,0.806391,856.909,812.935,0.858814,821.65,812.852,0.728414,809.976,815.879,0.659509,795.137,815.827,0.677195,786.257,806.888,0.747429,
848.19,489.141,0.820118,830.412,533.259,0.881822,806.905,533.268,0.886754,783.358,597.866,0.9063,762.793,644.965,0.936179,851.099,533.307,0.827057,859.986,583.311,0.206171,0,0,0,830.492,645.004,0.865333,812.785,644.977,0.865326,809.739,718.598,0.885224,789.16,792.341,0.846525,839.391,645.071,0.848332,833.527,718.671,0.887426,833.309,806.862,0.856799,836.518,483.361,0.916471,842.33,483.32,0.227186,815.867,497.916,0.874859,0,0,0,856.853,821.618,0.808737,856.912,812.934,0.86335,821.647,812.846,0.738481,809.965,815.874,0.668339,792.334,815.8,0.684704,786.258,806.885,0.74864,
848.205,489.125,0.822974,830.428,533.265,0.884545,806.901,533.267,0.886125,783.357,597.851,0.904116,762.784,644.948,0.932781,851.142,533.315,0.830902,860.008,583.332,0.232831,862.883,627.466,0.0640405,830.479,644.991,0.86086,812.758,644.96,0.864722,807.004,718.596,0.890415,789.156,792.334,0.855557,839.403,645.06,0.846394,833.542,718.66,0.896162,833.32,806.856,0.86645,836.522,483.35,0.919025,842.341,483.305,0.223753,815.868,497.911,0.874431,0,0,0,854.084,818.799,0.814018,856.913,812.927,0.872649,821.64,812.835,0.75952,809.936,815.86,0.690124,792.303,815.788,0.7029,786.262,806.884,0.751247,
848.197,489.131,0.822067,830.43,533.272,0.884773,806.9,533.265,0.88657,783.361,597.857,0.906501,762.792,644.952,0.934319,851.145,533.333,0.828811,860.033,586.185,0.239826,862.983,627.41,0.0663088,830.483,644.996,0.861524,812.767,644.967,0.864089,809.732,718.595,0.886033,789.158,792.337,0.848541,839.398,645.064,0.846423,833.531,718.669,0.890006,833.318,806.863,0.859727,836.518,483.352,0.919817,842.341,483.309,0.236819,815.859,497.901,0.875385,0,0,0,856.853,821.627,0.81003,856.919,812.937,0.866011,821.649,812.846,0.740904,809.955,815.887,0.671533,792.318,815.807,0.688082,786.256,806.882,0.746624,
