865.771,495.013,0.852369,833.545,536.136,0.855209,830.412,536.201,0.834062,839.269,597.934,0.879922,871.737,644.941,0.849022,839.365,533.266,0.790642,842.318,594.937,0.268284,865.768,642.146,0.38914,830.453,645.015,0.841072,815.896,645.051,0.83955,827.594,721.567,0.85642,812.733,806.895,0.878855,836.308,644.978,0.863091,839.328,721.561,0.862173,827.537,801.026,0.813003,859.884,486.128,0.927526,0,0,0,836.514,495.015,0.870337,0,0,0,856.959,815.719,0.773883,854.098,812.707,0.729209,815.851,809.769,0.464063,839.437,815.841,0.663706,833.363,818.763,0.619113,806.939,812.724,0.807169,
865.768,495.018,0.851197,833.544,536.132,0.859006,827.584,536.172,0.831324,836.511,597.837,0.881837,871.705,644.905,0.853523,839.404,533.278,0.79057,845.241,592.095,0.257028,865.838,642.142,0.354658,830.482,645.006,0.848879,815.881,645.043,0.840684,827.569,718.821,0.860899,812.712,806.887,0.882381,836.355,644.968,0.864761,839.372,721.543,0.865883,827.599,798.181,0.8245,859.88,486.137,0.925684,0,0,0,836.51,497.83,0.871175,0,0,0,856.92,812.977,0.809702,854.075,810.016,0.764245,818.728,809.747,0.481583,839.344,815.82,0.668052,830.509,818.716,0.612327,806.935,812.71,0.810943,
863.002,497.835,0.85151,833.537,536.136,0.861307,827.532,536.17,0.83042,836.471,595.078,0.884408,871.682,642.181,0.853285,839.417,533.291,0.791569,848.147,592.091,0.27739,868.74,642.159,0.363392,830.505,645.003,0.852672,815.884,645.041,0.840076,827.568,721.542,0.858485,812.708,806.881,0.883284,836.386,644.966,0.862535,839.402,721.544,0.865455,830.401,798.149,0.83313,859.879,486.142,0.924791,0,0,0,836.509,497.836,0.8708,0,0,0,856.899,812.946,0.824451,854.057,809.987,0.776359,818.768,809.723,0.488833,839.304,815.797,0.675819,830.481,818.688,0.617211,806.939,812.699,0.8127,
865.772,497.833,0.851305,833.541,536.171,0.866567,824.644,536.212,0.829896,836.465,597.943,0.892064,877.622,642.151,0.869997,842.243,533.339,0.788001,848.191,592.116,0.27027,868.713,636.272,0.335512,830.528,645.092,0.878536,815.89,645.121,0.852884,827.599,721.572,0.864365,812.725,806.849,0.879658,836.409,645.079,0.888144,842.255,721.575,0.855382,830.415,798.105,0.8385,859.883,486.145,0.923905,0,0,0,836.508,497.843,0.870501,0,0,0,856.88,812.923,0.840149,854.053,809.962,0.790369,818.778,806.982,0.495718,839.278,815.755,0.682169,830.447,815.873,0.62521,806.963,809.996,0.823674,
865.764,497.841,0.852553,833.52,536.185,0.870755,824.56,536.22,0.831313,836.442,597.928,0.896476,880.367,642.141,0.875661,842.23,533.351,0.791535,851.023,594.953,0.294803,871.683,639.181,0.368931,830.512,645.077,0.881571,815.855,645.102,0.858717,827.582,721.567,0.86753,812.719,806.885,0.888246,836.414,645.069,0.895618,842.234,721.588,0.856603,830.444,795.242,0.847724,859.877,486.151,0.922704,0,0,0,836.503,497.849,0.871513,0,0,0,856.853,812.9,0.851753,854.04,809.932,0.800885,821.641,806.897,0.503068,836.51,815.762,0.681198,830.408,815.897,0.617488,806.967,810.01,0.824684,
865.764,497.841,0.852551,833.52,536.185,0.870766,824.56,536.22,0.831316,836.443,597.927,0.896441,880.366,642.141,0.875593,842.23,533.352,0.791538,851.023,594.954,0.295288,871.683,639.181,0.369659,830.511,645.077,0.881528,815.855,645.102,0.85879,827.582,721.567,0.867561,812.719,806.885,0.888229,836.414,645.069,0.895661,842.234,721.588,0.8566,830.444,795.242,0.847684,859.877,486.151,0.922703,0,0,0,836.503,497.849,0.871507,0,0,0,856.854,812.9,0.851674,854.04,809.932,0.800799,821.641,806.898,0.50305,836.51,815.762,0.681195,830.409,815.897,0.617533,806.966,810.01,0.824669,
865.764,497.841,0.852551,833.52,536.185,0.870766,824.56,536.22,0.831316,836.443,597.927,0.896441,880.366,642.141,0.875593,842.23,533.352,0.791538,851.023,594.954,0.295288,871.683,639.181,0.369659,830.511,645.077,0.881528,815.855,645.102,0.85879,827.582,721.567,0.867561,812.719,806.885,0.888229,836.414,645.069,0.895661,842.234,721.588,0.8566,830.444,795.242,0.847684,859.877,486.151,0.922703,0,0,0,836.503,497.849,0.871507,0,0,0,856.854,812.9,0.851674,854.04,809.932,0.800799,821.641,806.898,0.50305,836.51,815.762,0.681195,830.409,815.897,0.617533,806.966,810.01,0.824669,
865.764,497.841,0.852551,833.52,536.185,0.870766,824.56,536.22,0.831316,836.443,597.927,0.896441,880.366,642.141,0.875593,842.23,533.352,0.791538,851.023,594.954,0.295288,871.683,639.181,0.369659,830.511,645.077,0.881528,815.855,645.102,0.85879,827.582,721.567,0.867561,812.719,806.885,0.888229,836.414,645.069,0.895661,842.234,721.588,0.8566,830.444,795.242,0.847684,859.877,486.151,0.922703,0,0,0,836.503,497.849,0.871507,0,0,0,856.854,812.9,0.851674,854.04,809.932,0.800799,821.641,806.898,0.50305,836.51,815.762,0.681195,830.409,815.897,0.617533,806.966,810.01,0.824669,
865.764,497.841,0.852555,833.521,536.185,0.870681,824.56,536.22,0.831348,836.443,597.928,0.896548,880.366,642.142,0.875814,842.232,533.351,0.791319,851.026,594.948,0.290308,871.679,639.179,0.362019,830.514,645.077,0.88203,815.856,645.102,0.858572,827.582,721.568,0.867592,812.719,806.885,0.888432,836.417,645.068,0.895102,842.234,721.589,0.856703,830.444,795.242,0.847802,859.877,486.151,0.922717,0,0,0,836.503,497.85,0.871587,0,0,0,856.853,812.9,0.851638,854.04,809.931,0.800765,821.641,806.897,0.502758,836.51,815.761,0.681474,830.409,815.896,0.617814,806.967,810.01,0.824939,
865.771,497.878,0.852066,833.541,536.208,0.874627,821.732,536.227,0.829155,836.459,597.947,0.892786,880.367,642.154,0.874902,842.3,536.169,0.788297,851.043,594.984,0.304339,871.745,639.205,0.374816,830.529,645.086,0.886659,815.856,645.108,0.861387,827.59,721.576,0.868894,812.723,806.906,0.891407,836.436,645.082,0.893923,842.223,721.6,0.857538,830.444,795.257,0.846264,859.88,486.176,0.916499,0,0,0,836.479,497.842,0.874287,0,0,0,856.858,812.891,0.850843,854.046,809.922,0.799404,821.64,806.914,0.498626,836.519,815.785,0.688468,830.434,818.694,0.625053,806.968,812.699,0.823957,
862.972,497.953,0.865796,833.542,539.068,0.87919,821.672,536.238,0.833088,836.473,597.937,0.887021,877.644,642.152,0.870755,845.168,539.07,0.788488,851.095,595.074,0.339741,874.648,642.046,0.406692,830.534,645.109,0.890396,815.848,645.129,0.86438,827.587,721.592,0.868419,812.737,806.899,0.888283,836.451,645.109,0.895806,839.44,721.613,0.855608,830.447,798.075,0.845182,859.85,486.229,0.909831,859.9,489.061,0.0566903,836.433,497.857,0.88165,0,0,0,856.854,812.876,0.845123,854.045,809.913,0.794882,821.635,806.926,0.494946,836.517,815.765,0.691373,830.432,818.671,0.627272,806.986,812.701,0.823615,
862.936,500.764,0.881286,833.544,542.105,0.88333,818.793,539.131,0.831211,833.521,594.959,0.853216,883.606,621.564,0.86112,848.142,545.046,0.815545,854.074,598.066,0.513532,880.576,627.446,0.409774,833.325,645.193,0.884049,818.794,647.925,0.842243,833.375,721.699,0.893211,812.786,806.89,0.878994,836.475,645.157,0.867703,856.849,724.516,0.880781,830.408,801.047,0.818691,859.8,486.248,0.909051,862.894,489.075,0.117021,836.359,497.859,0.888689,0,0,0,856.994,812.953,0.787309,856.872,810.007,0.734919,818.688,809.718,0.436559,842.241,815.831,0.675665,833.394,818.721,0.645078,806.947,810.022,0.8109,
862.93,500.752,0.882334,833.532,544.958,0.889503,818.735,542.001,0.835334,836.256,595.02,0.857206,883.603,621.576,0.859377,848.16,547.848,0.822746,856.816,598.052,0.509387,880.565,627.415,0.422867,833.313,647.895,0.881732,818.779,647.944,0.843335,833.411,721.706,0.89015,812.822,806.891,0.878247,836.467,645.168,0.864967,856.82,724.541,0.866925,830.416,801.058,0.817512,859.796,486.248,0.910111,862.897,489.054,0.115099,836.364,497.887,0.888203,0,0,0,857.027,812.935,0.765474,856.89,809.994,0.713606,815.882,809.729,0.423119,842.333,815.792,0.670323,833.481,818.686,0.647927,806.976,812.708,0.819844,
860.112,503.63,0.913655,833.456,544.964,0.87412,818.743,539.166,0.839062,833.43,594.951,0.863348,883.587,595.064,0.841401,845.17,547.855,0.80747,854.008,597.872,0.3818,892.298,603.928,0.314469,833.323,645.169,0.88742,821.624,647.914,0.845236,842.301,721.714,0.822546,815.895,806.896,0.832272,836.47,645.125,0.86904,856.852,721.647,0.812037,821.702,803.97,0.776759,857.046,492.013,0.901691,860.081,492.038,0.0979564,836.273,500.805,0.904676,0,0,0,857.097,812.912,0.53048,856.924,809.977,0.495555,812.75,809.804,0.383826,856.933,818.731,0.768813,839.403,818.78,0.726407,809.931,812.74,0.803969,
860.055,503.721,0.93006,833.451,547.825,0.886944,815.848,542.061,0.85502,833.372,592.126,0.863061,883.562,595.097,0.867182,845.251,547.964,0.830605,856.881,597.922,0.437829,895.258,603.917,0.347971,833.313,647.888,0.883456,818.674,647.936,0.84937,836.541,721.593,0.88733,815.725,806.901,0.866578,836.525,645.171,0.870222,859.86,724.5,0.855764,827.605,803.951,0.791038,856.997,494.975,0.892759,859.847,500.731,0.0764382,836.241,503.628,0.91127,0,0,0,857.078,812.928,0.641603,856.93,809.998,0.613765,815.801,809.776,0.368596,853.972,818.731,0.716671,836.466,818.782,0.708799,809.813,812.735,0.828402,
860.01,503.741,0.946093,833.428,547.911,0.918363,815.745,544.983,0.86619,833.501,592.05,0.86477,886.438,583.229,0.815288,845.252,547.998,0.854376,859.812,603.82,0.808196,901.129,598.045,0.743873,833.29,648.075,0.876223,815.798,648.082,0.85977,851.104,724.502,0.837161,821.653,806.906,0.832725,836.553,648.048,0.873764,859.868,724.589,0.827989,818.785,801.058,0.783238,856.936,495.017,0.887955,859.851,500.753,0.0827913,833.46,503.689,0.920478,0,0,0,857.057,812.829,0.458819,856.915,809.898,0.426029,809.874,809.716,0.427696,857.081,818.724,0.793764,842.329,818.809,0.737812,812.753,812.721,0.824224,
859.96,503.829,0.953686,833.426,547.939,0.922013,815.738,544.998,0.866721,833.414,589.136,0.8706,889.313,583.275,0.819668,845.255,550.737,0.861807,859.803,600.934,0.807652,901.054,598.017,0.725544,833.353,648.116,0.88704,815.86,648.133,0.845693,845.266,724.507,0.832154,824.553,806.853,0.824911,839.326,648.074,0.865966,859.992,724.567,0.837881,824.622,798.176,0.771788,856.891,500.731,0.892338,857.114,503.624,0.0787053,833.423,503.773,0.941669,0,0,0,857.085,812.811,0.481561,856.955,809.891,0.452011,812.77,806.967,0.421641,857.061,818.688,0.787851,842.344,818.75,0.739353,812.815,809.991,0.836525,
859.96,503.829,0.95366,833.427,547.939,0.92197,815.738,544.998,0.866629,833.414,589.135,0.870585,889.313,583.277,0.819526,845.255,550.737,0.861872,859.803,600.933,0.807674,901.05,598.017,0.724471,833.353,648.115,0.886495,815.862,648.133,0.845077,848.11,724.511,0.831019,824.562,806.855,0.824423,839.323,648.075,0.86564,859.982,724.565,0.837554,824.608,798.178,0.771814,856.89,500.731,0.892219,857.115,503.622,0.0788707,833.422,503.773,0.941708,0,0,0,857.083,812.809,0.477128,856.952,809.889,0.447177,812.756,806.972,0.424599,857.07,818.687,0.788969,845.173,818.779,0.73878,812.82,809.992,0.835764,
859.96,503.829,0.953755,833.427,547.939,0.921976,815.738,544.998,0.866679,833.414,589.135,0.870527,889.313,583.278,0.819326,845.256,550.737,0.8618,859.803,600.93,0.80773,901.051,598.017,0.723985,833.354,648.114,0.886886,815.862,648.132,0.845226,848.106,724.511,0.831076,824.561,806.855,0.824497,839.326,648.073,0.865547,859.983,724.565,0.837599,824.611,798.178,0.771818,856.89,500.732,0.892329,857.113,503.624,0.0786788,833.422,503.773,0.941755,0,0,0,857.083,812.809,0.478085,856.952,809.889,0.448267,812.759,806.971,0.423939,857.068,818.687,0.788809,842.353,818.751,0.738866,812.819,809.992,0.835884,
859.959,503.831,0.953896,833.426,547.939,0.921932,815.738,544.998,0.866728,833.415,589.135,0.870526,889.313,583.278,0.819276,845.255,550.736,0.86178,859.803,600.929,0.807728,901.051,598.017,0.723788,833.354,648.114,0.886907,815.862,648.132,0.845203,848.107,724.511,0.831065,824.561,806.855,0.824482,839.326,648.073,0.865596,859.982,724.565,0.837601,824.611,798.178,0.771823,856.889,500.734,0.892559,857.11,503.628,0.0783273,833.422,503.774,0.941762,0,0,0,857.083,812.809,0.477829,856.952,809.889,0.448018,812.758,806.971,0.424128,857.069,818.687,0.788881,842.354,818.751,0.73885,812.82,809.992,0.835815,
859.958,503.831,0.953948,833.426,547.939,0.921834,815.738,544.998,0.866774,833.414,589.135,0.870363,889.314,583.279,0.819024,845.254,550.736,0.861697,859.802,600.926,0.807707,901.048,598.02,0.723109,833.353,648.112,0.887095,815.862,648.13,0.845442,848.101,724.512,0.831015,824.558,806.854,0.824479,839.325,648.071,0.865797,859.985,724.565,0.837534,824.614,798.178,0.77164,856.889,500.735,0.892563,857.106,503.631,0.077819,833.422,503.774,0.941796,0,0,0,857.084,812.809,0.47909,856.953,809.89,0.449264,812.762,806.969,0.423192,857.067,818.686,0.788407,842.351,818.75,0.738816,812.818,809.991,0.836035,
859.95,503.897,0.954491,833.428,550.729,0.923801,815.79,545.05,0.867865,836.392,592.027,0.881812,886.485,577.386,0.896186,845.165,550.849,0.875957,860.088,612.64,0.78872,898.221,589.133,0.677996,833.327,650.983,0.856182,818.748,650.969,0.815326,862.879,724.608,0.845485,833.406,806.9,0.876868,836.496,650.991,0.842883,839.434,730.454,0.818526,815.748,803.934,0.851993,856.906,500.764,0.900509,857.077,503.735,0.0607376,833.43,503.749,0.940885,0,0,0,853.931,809.967,0.244921,851.112,809.881,0.21713,809.767,809.884,0.706009,860.074,815.881,0.852827,854.051,821.641,0.813799,818.784,809.983,0.833508,
859.919,506.707,0.953911,833.412,550.819,0.938892,815.737,547.898,0.88427,839.309,592.041,0.833922,889.411,577.31,0.885443,842.31,550.945,0.888603,862.839,618.504,0.812387,895.207,594.997,0.686297,833.362,651.012,0.865546,818.705,650.991,0.820972,860.046,724.515,0.853657,833.309,806.827,0.841121,839.276,651.006,0.840263,845.255,727.438,0.791948,815.802,801.015,0.838896,856.863,500.879,0.903058,859.877,503.765,0.0990439,833.399,503.831,0.945684,0,0,0,854.079,812.759,0.298239,854.038,809.89,0.273411,809.772,809.809,0.662263,860.04,815.901,0.85597,853.965,821.652,0.805763,815.882,809.936,0.816625,
860.035,506.843,0.939335,833.411,550.903,0.942116,813.003,547.92,0.886189,839.409,589.191,0.812556,892.284,577.298,0.885989,842.341,553.768,0.87617,862.905,618.536,0.815441,895.219,595.003,0.702124,833.362,653.887,0.851079,818.744,653.858,0.805029,862.902,724.553,0.844017,833.369,803.999,0.846051,836.529,653.875,0.825172,845.169,727.509,0.802271,815.791,798.133,0.851022,856.987,503.695,0.934611,860.073,503.877,0.0913073,833.445,503.863,0.961117,0,0,0,853.967,812.717,0.275098,853.929,809.868,0.251232,809.78,809.756,0.678845,860.012,815.863,0.870114,853.961,818.786,0.819054,818.735,809.876,0.812878,
859.803,506.695,0.95033,833.41,551.017,0.964003,812.895,550.795,0.925158,842.297,583.299,0.807364,883.461,568.57,0.858896,845.209,553.945,0.849556,880.369,618.552,0.88114,898.215,577.495,0.762727,833.509,659.821,0.871439,818.682,659.753,0.80307,854.008,730.402,0.855195,818.794,806.842,0.824135,845.209,659.821,0.790723,868.792,736.234,0.83848,830.473,801.074,0.801659,853.987,503.664,0.876925,857.028,503.795,0.0708998,833.299,506.729,0.928178,0,0,0,857.081,812.94,0.555248,856.984,812.722,0.539396,815.84,806.912,0.426028,854.088,818.751,0.734962,839.311,818.724,0.734762,812.725,809.922,0.846333,
859.788,506.707,0.948023,833.409,551.017,0.96372,812.895,550.797,0.925192,842.298,583.299,0.807385,883.46,568.57,0.85932,845.207,553.946,0.849436,880.368,618.551,0.880893,898.214,577.498,0.762311,833.509,659.82,0.871422,818.683,659.752,0.803003,854.008,730.401,0.855192,818.793,806.842,0.8242,845.209,659.82,0.790695,868.792,736.233,0.838486,830.473,801.074,0.801748,853.971,503.68,0.876613,857.017,503.812,0.0746093,833.293,506.737,0.926776,0,0,0,857.081,812.94,0.555566,856.983,812.722,0.539686,815.841,806.912,0.426094,854.087,818.751,0.734709,839.31,818.724,0.734744,812.725,809.922,0.846364,
857.113,506.723,0.946144,833.407,551.017,0.963543,812.894,550.797,0.925129,842.299,583.3,0.807376,883.458,568.568,0.859784,845.205,553.947,0.849524,880.368,618.55,0.88066,898.213,577.5,0.761916,833.509,659.818,0.871386,818.683,659.75,0.802928,854.008,730.401,0.855176,818.793,806.842,0.824255,845.209,659.818,0.79065,868.792,736.233,0.838516,830.473,801.073,0.801853,853.96,503.697,0.876659,857.01,503.828,0.0778684,833.289,506.746,0.925572,0,0,0,857.081,812.94,0.555837,856.984,812.723,0.539969,815.841,806.912,0.426121,854.087,818.751,0.734633,839.31,818.724,0.734702,812.724,809.922,0.846305,
857.106,506.736,0.943839,833.406,551.017,0.963329,812.894,550.798,0.925178,842.299,583.3,0.807306,883.456,568.565,0.860112,845.203,553.947,0.849876,880.369,618.55,0.880415,898.213,577.501,0.761609,833.509,659.816,0.871366,818.683,659.748,0.802881,854.008,730.401,0.855167,818.793,806.842,0.824379,845.209,659.816,0.790633,868.792,736.233,0.838579,830.473,801.073,0.801897,853.955,503.713,0.87748,857.007,503.84,0.0802203,833.286,506.755,0.924356,0,0,0,857.081,812.939,0.556097,856.984,812.722,0.54009,815.84,806.912,0.426045,854.087,818.75,0.734653,839.311,818.724,0.734667,812.724,809.923,0.846302,
857.101,506.745,0.94286,833.404,551.017,0.963108,812.893,550.797,0.92524,842.299,583.301,0.807257,883.454,568.564,0.860531,845.201,553.947,0.850342,880.369,618.549,0.880222,898.213,577.503,0.761308,833.509,659.814,0.871349,818.683,659.746,0.802839,854.007,730.4,0.85514,818.792,806.842,0.824587,845.209,659.814,0.79062,868.792,736.233,0.83861,830.472,801.073,0.80195,853.952,503.723,0.878287,857.002,503.851,0.0805568,833.285,506.762,0.923646,0,0,0,857.081,812.938,0.556739,856.983,812.72,0.540448,815.839,806.912,0.425973,854.088,818.749,0.734543,839.311,818.723,0.734643,812.723,809.923,0.846518,
856.999,509.669,0.898605,833.41,553.791,0.950301,812.956,550.905,0.913379,845.266,583.268,0.803547,883.406,562.689,0.865024,842.343,556.786,0.831936,880.537,615.654,0.87116,898.135,577.313,0.781956,833.512,665.673,0.911055,818.789,665.645,0.833193,853.952,733.33,0.853131,815.832,806.857,0.84144,842.338,665.672,0.817952,874.631,736.268,0.855542,833.384,801.087,0.815443,851.065,506.617,0.858622,856.96,506.751,0.141093,830.493,506.913,0.885183,0,0,0,859.824,815.793,0.650888,856.998,812.769,0.632616,824.578,806.849,0.455739,848.162,818.759,0.66436,836.371,818.738,0.696783,809.903,809.908,0.876908,
856.95,509.655,0.903675,833.47,553.831,0.956012,815.735,550.945,0.90982,845.261,580.418,0.815166,883.419,559.718,0.878091,845.25,556.831,0.826373,880.593,615.645,0.87896,898.237,574.509,0.806444,833.514,665.676,0.91495,821.612,665.644,0.834855,851.108,736.215,0.859606,815.804,806.968,0.861653,842.337,665.689,0.824021,874.656,736.328,0.867293,833.436,801.097,0.816012,848.183,506.619,0.856999,856.874,506.79,0.166849,830.507,509.663,0.876944,0,0,0,859.863,815.841,0.643416,857.044,812.804,0.625208,827.476,804.027,0.457246,851.078,821.682,0.659344,836.419,818.814,0.685475,809.876,809.972,0.892041,
856.939,509.683,0.907623,833.446,553.817,0.952213,813.011,550.911,0.905568,848.126,580.374,0.816271,883.437,559.719,0.876791,845.205,556.829,0.829591,880.574,615.625,0.876577,898.224,574.534,0.809218,833.505,665.683,0.915182,821.62,665.655,0.8371,851.135,736.213,0.857638,815.829,806.979,0.858582,842.305,665.693,0.824451,874.647,736.319,0.860644,833.408,801.111,0.81234,848.159,506.64,0.863067,856.852,506.789,0.173147,830.491,509.672,0.874564,0,0,0,859.862,815.836,0.624208,857.031,812.804,0.605017,824.616,804.061,0.441736,851.111,821.696,0.664824,836.464,821.654,0.691387,809.89,809.984,0.88579,
856.969,509.7,0.913549,833.418,553.782,0.948743,812.986,550.87,0.90433,845.251,580.406,0.809881,883.429,559.733,0.874909,842.335,556.768,0.836219,880.547,615.612,0.870991,898.227,574.559,0.805738,833.506,665.638,0.903724,821.635,665.618,0.825616,851.151,736.214,0.856716,815.845,806.957,0.851066,842.285,665.635,0.815711,874.65,736.308,0.85619,833.398,801.103,0.810293,848.212,506.634,0.869204,856.87,506.728,0.141509,830.496,509.635,0.87953,0,0,0,859.86,815.82,0.615381,857.024,812.795,0.595244,824.586,806.83,0.439457,851.131,821.67,0.664858,836.478,821.633,0.691749,809.902,809.971,0.880249,
856.987,521.451,0.847322,836.318,556.853,0.930403,812.947,556.781,0.903076,848.191,583.345,0.812116,877.61,553.964,0.898764,856.973,562.712,0.832376,892.338,609.793,0.79492,901.08,571.53,0.818824,836.482,668.721,0.915487,830.403,668.737,0.889797,856.821,739.187,0.914637,815.797,809.832,0.88093,854.051,668.731,0.864082,880.604,739.351,0.926317,833.468,804.024,0.812344,851.044,509.715,0.823371,860.023,512.701,0.215739,827.595,515.585,0.83414,0,0,0,860.01,818.705,0.62174,859.832,812.849,0.605632,824.617,806.926,0.389634,854.05,827.521,0.694618,839.349,827.51,0.699962,809.823,812.799,0.859153,
856.979,521.454,0.848558,836.288,556.817,0.935779,812.938,556.75,0.906943,851.143,583.25,0.827361,880.367,553.912,0.909958,856.904,562.694,0.830058,892.342,609.793,0.793241,901.065,571.528,0.816698,836.478,668.73,0.914388,830.41,668.747,0.890295,856.825,739.191,0.916536,815.815,809.841,0.880386,854.034,668.738,0.861527,880.604,739.35,0.924587,833.475,804.029,0.811343,851.039,509.718,0.823822,860.024,515.535,0.202265,827.592,515.586,0.834094,0,0,0,860.019,818.695,0.616187,859.838,812.847,0.600617,824.622,806.921,0.387951,854.047,827.519,0.688158,839.355,827.506,0.694392,809.839,812.803,0.856784,
856.981,521.448,0.848924,836.287,556.819,0.935617,812.939,556.753,0.90636,851.148,583.241,0.827683,880.369,553.912,0.910686,856.9,562.693,0.830843,892.35,609.798,0.792692,901.063,571.533,0.817859,836.475,668.734,0.914271,830.414,671.424,0.889191,856.826,739.196,0.916639,815.817,809.853,0.881576,854.029,668.742,0.860595,880.603,739.354,0.923574,833.483,804.035,0.810852,851.039,509.711,0.825333,860.025,515.52,0.207318,827.587,515.584,0.833577,0,0,0,859.995,815.867,0.609636,859.837,812.828,0.594345,824.633,806.925,0.387991,854.038,827.509,0.681373,839.348,827.504,0.690996,809.841,812.817,0.854569,
856.979,521.454,0.848936,836.284,556.814,0.936293,812.939,556.754,0.905717,853.926,583.223,0.828248,880.376,553.908,0.910676,856.894,562.681,0.83158,892.357,609.802,0.790924,901.063,571.53,0.818168,836.473,668.733,0.91337,830.41,668.75,0.888503,856.831,739.196,0.916451,815.823,809.856,0.881404,854.024,668.74,0.85912,880.603,739.353,0.922839,833.479,804.042,0.808518,851.042,509.721,0.823759,860.028,515.532,0.205444,827.595,515.588,0.832989,0,0,0,859.989,815.852,0.603579,859.827,812.816,0.587611,824.624,806.933,0.384914,854.035,827.505,0.682554,839.346,827.504,0.694267,809.844,812.821,0.855475,
856.891,518.538,0.780996,836.397,559.709,0.916563,815.755,556.773,0.886405,854.033,580.388,0.850395,877.643,553.897,0.891037,857.045,568.596,0.85015,901.055,609.71,0.828131,898.228,568.563,0.806805,839.297,671.501,0.897847,830.471,671.5,0.901752,856.895,739.198,0.927414,815.764,809.747,0.867239,856.931,671.529,0.885439,883.429,742.194,0.911874,836.276,804.009,0.803483,845.179,509.721,0.772842,859.854,509.799,0.203871,824.575,521.419,0.815617,0,0,0,860.046,818.699,0.634294,859.882,812.848,0.616185,827.538,806.892,0.399055,853.991,827.471,0.698261,836.487,824.605,0.71418,809.789,812.713,0.860507,
851.095,515.626,0.774399,836.442,562.636,0.899744,815.798,556.864,0.870902,854.017,577.488,0.871041,877.536,550.856,0.880048,857.086,571.522,0.851191,904.052,603.869,0.925712,901.096,559.683,0.814668,842.236,671.434,0.884345,833.349,668.744,0.929749,856.875,739.161,0.940833,815.803,809.73,0.859473,857.051,671.48,0.905517,886.413,742.165,0.890108,836.274,803.957,0.809973,839.281,509.724,0.857302,853.994,509.635,0.153548,818.698,524.448,0.863253,0,0,0,860.039,818.678,0.630419,859.87,812.83,0.606992,827.534,806.824,0.42313,853.962,824.562,0.696362,836.473,821.688,0.720087,809.847,810.011,0.873896,
851.072,518.48,0.774032,836.425,562.624,0.900432,815.785,556.867,0.872819,854.025,577.48,0.873611,877.544,550.844,0.88006,857.057,571.502,0.851152,904.044,603.868,0.923929,901.083,559.68,0.814114,839.442,668.758,0.885944,833.337,668.744,0.92892,856.876,739.158,0.940474,815.804,809.725,0.858376,857.033,671.474,0.904585,886.413,742.168,0.889974,836.279,803.961,0.810468,839.279,509.748,0.853624,853.987,509.666,0.149906,818.702,524.452,0.863161,0,0,0,860.038,818.681,0.630023,859.869,812.833,0.606993,827.54,806.829,0.426141,851.131,821.707,0.69461,836.459,821.683,0.720676,809.849,810.008,0.875885,
851.061,518.474,0.773848,836.42,562.616,0.899673,815.793,556.858,0.873057,854.034,577.496,0.868349,877.547,550.843,0.881858,857.044,571.499,0.847693,904.053,603.867,0.926373,901.098,559.696,0.815284,839.442,671.431,0.887429,833.33,668.75,0.928236,856.872,739.159,0.940333,815.808,807.01,0.856401,857.032,671.481,0.90467,886.41,742.169,0.890851,836.281,803.961,0.809979,839.272,509.737,0.855312,853.95,509.664,0.145526,818.704,524.445,0.861033,0,0,0,860.007,815.871,0.629467,859.863,812.825,0.606387,827.538,806.827,0.42568,851.123,821.696,0.693224,836.451,821.675,0.720798,809.849,810,0.877111,
851.061,518.477,0.773793,836.408,559.803,0.900098,815.788,556.857,0.874035,854.025,577.502,0.866759,877.529,550.852,0.879418,857.038,571.491,0.846069,904.043,603.861,0.925921,901.079,559.695,0.81307,839.443,671.428,0.88747,833.331,668.748,0.928637,856.871,739.159,0.940381,815.804,809.719,0.856651,857.032,671.477,0.904724,886.409,742.169,0.891096,836.281,803.962,0.810036,839.274,509.74,0.855058,853.949,509.669,0.151077,818.705,524.446,0.86133,0,0,0,860.008,815.871,0.629456,859.863,812.825,0.606419,827.538,806.828,0.425568,851.123,821.696,0.693112,836.451,821.676,0.720649,809.849,810.001,0.877122,
851.064,518.478,0.774478,836.41,559.802,0.899948,815.79,556.855,0.873977,854.028,577.497,0.867218,877.54,550.847,0.880173,857.039,571.492,0.846103,904.043,603.862,0.925998,901.08,559.69,0.812887,839.44,671.432,0.88756,833.329,668.751,0.928083,856.87,739.161,0.940381,815.805,809.718,0.856618,857.029,671.481,0.904415,886.405,742.169,0.891353,836.282,803.961,0.809975,839.278,509.739,0.855333,853.959,509.665,0.150819,818.706,524.444,0.861287,0,0,0,860.008,815.87,0.62905,859.863,812.824,0.605871,827.539,806.827,0.425701,851.124,821.695,0.693415,836.452,821.675,0.720994,809.849,810.001,0.877477,
851.06,518.49,0.772916,836.408,559.796,0.900988,815.782,556.85,0.876244,854.019,577.499,0.868008,877.511,550.858,0.877622,857.039,571.488,0.844597,904.04,603.858,0.925862,901.066,559.711,0.810593,839.439,671.431,0.887844,833.328,668.749,0.928315,856.872,739.16,0.940427,815.804,809.719,0.856765,857.029,671.481,0.904433,886.406,742.17,0.891283,836.282,803.96,0.809848,839.277,509.748,0.853235,853.972,509.684,0.156945,818.705,524.447,0.86146,0,0,0,860.008,815.87,0.62911,859.863,812.824,0.605898,827.539,806.826,0.425446,851.123,821.695,0.693416,836.452,821.675,0.721015,809.848,810.001,0.877478,
851.059,518.491,0.772433,836.407,559.796,0.901202,815.782,556.85,0.876268,854.02,577.5,0.86779,877.514,550.861,0.87785,857.038,571.49,0.845271,904.04,603.856,0.925794,901.066,559.707,0.810506,839.436,671.433,0.88813,833.326,668.751,0.92799,856.872,739.16,0.94026,815.808,807.01,0.85679,857.026,671.482,0.904455,886.402,742.17,0.891274,836.283,803.957,0.809506,839.28,509.747,0.853036,853.982,509.68,0.156402,818.708,524.444,0.860422,0,0,0,860.008,815.868,0.628819,859.863,812.822,0.605439,827.538,804.057,0.425363,851.124,821.693,0.69359,836.453,821.673,0.721312,809.849,810,0.877988,
848.207,518.533,0.773171,836.409,562.62,0.901972,815.786,556.852,0.874695,854.046,577.494,0.870195,877.517,550.843,0.871404,857.02,571.509,0.846637,904.035,603.861,0.924211,901.062,559.691,0.807059,842.224,671.452,0.88581,833.337,671.435,0.927136,856.896,739.149,0.939892,815.807,809.736,0.860804,857.049,671.497,0.906628,886.427,742.169,0.889575,836.27,803.958,0.80834,836.547,509.767,0.856207,853.973,509.707,0.174557,815.898,527.165,0.866536,0,0,0,860.021,815.866,0.626184,859.875,812.82,0.60374,827.52,806.828,0.418846,853.971,824.554,0.692414,836.472,821.689,0.716887,809.845,810.02,0.878646,
848.175,518.542,0.771612,836.419,562.624,0.900885,815.796,556.841,0.874366,854.049,577.48,0.87055,877.507,550.845,0.866657,857.031,571.52,0.848354,904.041,603.858,0.925015,901.06,559.67,0.807688,842.23,671.464,0.885605,833.328,671.448,0.923819,856.912,739.142,0.93883,815.817,809.746,0.861664,857.065,671.507,0.908507,886.442,742.175,0.887595,836.271,803.945,0.807017,836.527,509.775,0.857049,853.959,509.731,0.175278,815.888,527.17,0.870439,0,0,0,860.029,815.851,0.619405,859.882,812.81,0.597047,827.514,804.045,0.416714,853.992,824.553,0.692893,836.483,821.696,0.715387,809.847,812.706,0.877402,
851.1,521.409,0.796348,836.443,559.766,0.910953,812.986,556.851,0.885511,851.053,580.322,0.828695,871.698,550.761,0.853433,859.925,571.446,0.849609,906.91,600.995,0.969689,901.098,556.771,0.839358,845.196,668.708,0.881674,833.41,668.69,0.931813,856.912,739.132,0.935915,815.849,809.736,0.853372,859.857,668.725,0.917899,886.386,742.155,0.891066,836.267,803.927,0.80461,839.331,509.804,0.850527,856.896,509.755,0.303058,815.896,527.166,0.8678,0,0,0,860.046,815.857,0.607201,859.892,812.808,0.586735,827.497,804.016,0.411675,854.04,824.557,0.689013,836.523,821.698,0.70093,809.872,810.003,0.872452,
851.042,518.563,0.787122,836.432,559.759,0.910868,812.979,556.838,0.885443,851.114,577.521,0.837481,871.749,550.746,0.842354,859.902,571.451,0.849058,906.922,600.986,0.971209,901.072,556.736,0.837745,845.2,668.725,0.880834,833.41,668.707,0.930414,856.903,739.138,0.937286,815.857,809.755,0.855576,859.862,668.74,0.915598,886.403,742.156,0.890918,833.563,803.939,0.80589,839.286,509.791,0.854417,854.063,509.73,0.276045,815.866,527.172,0.875878,0,0,0,860.046,815.845,0.601405,859.888,812.799,0.580374,827.481,804.027,0.409672,854.063,824.564,0.690588,839.276,821.738,0.698279,809.876,810.022,0.871424,
851.051,521.392,0.789751,836.425,559.753,0.912798,812.971,556.834,0.887314,851.109,577.515,0.839659,871.738,550.751,0.841062,859.892,571.444,0.849367,906.909,600.962,0.974169,901.041,556.738,0.83387,845.194,668.729,0.881077,833.406,668.712,0.930668,856.894,739.147,0.938239,815.839,809.754,0.860104,859.86,668.744,0.915076,886.412,742.164,0.891202,836.264,803.931,0.807107,839.292,512.572,0.850258,854.083,509.751,0.280299,815.873,527.175,0.875041,0,0,0,860.03,815.848,0.612987,859.876,812.803,0.590769,827.5,804.026,0.416111,854.035,824.554,0.68883,836.518,821.707,0.702261,809.867,810.022,0.876026,
836.4,506.815,0.827263,836.54,550.908,0.962661,812.886,550.976,0.928573,854.014,565.576,0.789499,871.711,527.361,0.892316,862.93,550.961,0.882914,907.165,577.534,0.881748,906.92,536.13,0.841078,851.043,651.021,0.830753,833.432,651.03,0.879493,856.858,724.595,0.908798,818.722,806.926,0.840504,862.835,650.997,0.857246,880.665,736.231,0.891769,833.386,798.105,0.809702,830.511,506.624,0.847556,836.394,503.917,0.60932,812.925,515.583,0.842217,854.023,506.823,0.166795,857.082,815.78,0.616565,856.997,812.761,0.602181,818.779,804.025,0.373493,854.046,824.614,0.754671,836.515,824.627,0.78581,809.973,810.015,0.836776,
839.37,503.913,0.863589,836.483,547.991,0.946811,812.884,550.828,0.91386,854.088,553.828,0.843889,871.659,518.474,0.807563,860.064,550.768,0.876512,910.006,574.534,0.918768,906.928,530.204,0.889545,854.022,648.029,0.888532,833.558,648.055,0.907998,856.963,721.577,0.937311,818.797,806.837,0.83183,865.817,648.006,0.850528,880.665,727.526,0.885414,833.399,795.256,0.822933,833.437,503.735,0.884384,839.382,503.659,0.477744,815.731,509.735,0.877889,0,0,0,857.058,815.799,0.656549,857.005,812.781,0.655752,818.784,803.971,0.3905,853.982,824.61,0.766133,836.446,824.626,0.798026,812.753,809.928,0.838495,
839.441,503.901,0.869562,836.505,550.719,0.947755,812.904,550.851,0.917198,854.083,553.822,0.844035,871.673,515.626,0.808499,862.84,550.8,0.873443,910.038,574.534,0.913147,906.937,530.182,0.884547,854.017,648.051,0.88391,833.554,648.07,0.905944,856.959,721.59,0.937918,821.619,806.844,0.829938,865.81,648.035,0.848288,880.656,730.365,0.886179,833.393,798.085,0.820831,833.5,503.717,0.892611,842.262,503.66,0.465347,812.999,509.715,0.886488,0,0,0,857.076,815.81,0.647294,857.019,812.79,0.647852,818.776,803.986,0.388573,854.012,824.613,0.769088,836.466,824.625,0.794827,812.761,809.931,0.83663,
839.442,503.902,0.869635,836.504,550.719,0.947643,812.903,550.85,0.916899,854.08,553.821,0.843498,871.676,515.624,0.808618,862.84,550.8,0.873412,910.037,574.535,0.913248,906.94,530.185,0.884701,854.019,648.045,0.884669,833.556,648.063,0.906267,856.962,721.588,0.938132,821.616,806.843,0.829684,865.812,648.03,0.848264,880.66,727.544,0.885161,833.396,798.08,0.821016,833.5,503.718,0.892924,842.265,503.661,0.466204,813,509.716,0.88627,0,0,0,857.077,815.805,0.647452,857.021,812.787,0.648281,818.782,803.981,0.388934,854.011,824.609,0.768022,836.463,824.621,0.79416,812.76,809.929,0.836489,
839.442,503.902,0.869725,836.504,550.719,0.947693,812.903,550.85,0.916936,854.08,553.821,0.843468,871.675,515.626,0.808331,862.84,550.8,0.873407,910.037,574.535,0.913257,906.939,530.185,0.884642,854.018,648.045,0.884567,833.555,648.063,0.906268,856.962,721.589,0.938071,821.617,806.84,0.829448,865.81,648.029,0.848449,880.66,727.543,0.885195,833.396,798.083,0.820991,833.5,503.717,0.893052,842.267,503.66,0.466583,813,509.716,0.886353,0,0,0,857.08,815.803,0.64705,857.023,812.786,0.6477,818.781,803.982,0.388644,854.014,824.607,0.76697,836.466,824.618,0.792676,812.76,809.927,0.836515,
839.442,503.902,0.870315,836.504,550.719,0.947792,812.903,550.85,0.916884,854.079,553.82,0.843334,871.679,515.625,0.808566,862.839,550.801,0.873337,910.036,574.535,0.91331,906.942,530.187,0.88459,854.017,648.044,0.884533,833.555,648.063,0.906312,856.962,721.588,0.938147,821.616,806.839,0.82932,865.809,648.029,0.848592,880.661,727.541,0.885067,833.396,798.08,0.821367,833.5,503.718,0.893559,842.268,503.661,0.467705,813,509.716,0.88633,0,0,0,857.078,815.801,0.647112,857.023,812.784,0.648167,818.783,803.98,0.388942,854.013,824.605,0.766376,836.463,824.617,0.792128,812.759,809.926,0.836599,
842.22,503.894,0.870088,836.504,550.72,0.948038,812.903,550.85,0.917242,854.077,553.82,0.843212,871.678,515.628,0.80813,862.839,550.802,0.873416,910.036,574.535,0.913378,906.942,530.188,0.884866,854.016,648.044,0.884506,833.553,648.063,0.906363,856.96,721.588,0.938404,821.612,806.837,0.829041,865.811,648.029,0.848621,880.66,727.542,0.885517,833.395,798.082,0.821245,833.502,503.717,0.893515,842.274,503.66,0.466708,812.999,509.715,0.88665,0,0,0,857.078,815.804,0.647119,857.022,812.786,0.647942,818.778,803.983,0.389241,854.011,824.606,0.766655,836.462,824.618,0.792931,812.755,809.925,0.838003,
842.219,503.894,0.870083,836.505,550.72,0.948037,812.903,550.85,0.91724,854.078,553.82,0.843213,871.678,515.628,0.808133,862.84,550.803,0.873421,910.036,574.535,0.913336,906.942,530.188,0.884857,854.016,648.044,0.884507,833.553,648.063,0.906349,856.96,721.587,0.938529,821.611,806.835,0.828597,865.81,648.029,0.848611,880.66,727.542,0.885417,833.395,798.084,0.821648,833.502,503.717,0.893498,842.273,503.66,0.466669,812.999,509.715,0.886657,0,0,0,857.081,815.806,0.64817,857.024,812.789,0.649356,818.78,803.987,0.389787,854.012,824.606,0.764778,836.463,824.617,0.790866,812.755,809.925,0.837778,
842.219,503.894,0.870084,836.504,550.72,0.948034,812.903,550.85,0.917232,854.078,553.82,0.843211,871.678,515.628,0.808139,862.84,550.802,0.873421,910.036,574.535,0.913334,906.942,530.188,0.884859,854.016,648.044,0.884503,833.553,648.063,0.906345,856.96,721.588,0.938512,818.804,806.832,0.828691,865.81,648.029,0.84861,880.66,727.542,0.885449,833.396,798.085,0.821613,833.502,503.717,0.893492,842.274,503.66,0.46664,812.999,509.715,0.88666,0,0,0,857.082,815.807,0.648649,857.025,812.79,0.649932,818.78,803.988,0.390015,854.01,824.607,0.763969,836.461,824.617,0.790178,812.754,809.926,0.837975,
842.219,503.894,0.870067,836.504,550.72,0.948036,812.903,550.85,0.917244,854.078,553.821,0.843208,871.678,515.628,0.808139,862.84,550.803,0.873419,910.036,574.535,0.91333,906.942,530.188,0.884855,854.016,648.044,0.884493,833.552,648.063,0.90633,856.96,721.588,0.938537,818.803,806.833,0.828815,865.81,648.029,0.848601,880.661,727.542,0.885427,833.396,798.086,0.821713,833.502,503.717,0.893472,842.274,503.66,0.46655,812.999,509.715,0.886667,0,0,0,857.083,815.807,0.649136,857.026,812.79,0.650554,818.781,803.989,0.390151,854.01,824.608,0.76325,836.462,824.618,0.789465,812.753,809.926,0.838074,
842.22,503.894,0.870047,836.504,550.72,0.948032,812.903,550.85,0.917252,854.077,553.821,0.843214,871.678,515.628,0.808146,862.84,550.803,0.873408,910.036,574.535,0.913361,906.942,530.188,0.884856,854.016,648.044,0.884483,833.553,648.063,0.906341,856.96,721.588,0.938436,818.803,806.832,0.828707,865.81,648.029,0.848607,880.661,727.542,0.88553,833.397,798.084,0.821669,833.502,503.717,0.893464,842.273,503.66,0.466395,812.999,509.715,0.886679,0,0,0,857.082,815.805,0.649571,857.026,812.789,0.650706,818.781,803.988,0.390006,854.009,824.607,0.763965,836.461,824.617,0.790445,812.753,809.925,0.838093,
842.219,503.894,0.87004,836.504,550.72,0.948025,812.903,550.851,0.917246,854.078,553.82,0.843229,871.678,515.628,0.808146,862.84,550.802,0.8734,910.036,574.535,0.913311,906.942,530.188,0.884816,854.016,648.044,0.884484,833.552,648.063,0.906321,856.96,721.587,0.938567,818.801,806.833,0.829022,865.81,648.029,0.848617,880.66,727.542,0.885334,833.395,798.086,0.82168,833.502,503.717,0.893471,842.274,503.66,0.46637,812.999,509.715,0.886696,0,0,0,857.083,815.806,0.64993,857.026,812.789,0.651198,818.779,803.99,0.38969,854.01,824.608,0.76459,836.461,824.618,0.790742,812.753,809.928,0.837936,
842.22,503.895,0.870037,836.504,550.72,0.948011,812.903,550.85,0.917248,854.077,553.82,0.843278,871.679,515.628,0.808205,862.84,550.802,0.87341,910.036,574.534,0.913319,906.942,530.188,0.884823,854.016,648.044,0.884483,833.552,648.063,0.906322,856.96,721.587,0.938557,818.801,806.834,0.829023,865.81,648.029,0.848619,880.661,727.541,0.885305,833.396,798.086,0.821673,833.502,503.717,0.893445,842.273,503.66,0.466342,812.999,509.715,0.886588,0,0,0,857.083,815.807,0.649943,857.027,812.789,0.651213,818.779,803.99,0.389718,854.009,824.608,0.764589,836.461,824.618,0.790755,812.753,809.928,0.837929,
842.219,503.895,0.87003,836.504,550.72,0.948001,812.903,550.85,0.917242,854.077,553.82,0.843282,871.678,515.628,0.808207,862.84,550.802,0.8734,910.036,574.535,0.913324,906.942,530.188,0.884806,854.016,648.044,0.88448,833.552,648.063,0.906324,856.96,721.587,0.938526,818.801,806.834,0.829014,865.81,648.029,0.848623,880.66,727.541,0.885327,833.395,798.086,0.821687,833.502,503.717,0.893449,842.273,503.66,0.466327,812.999,509.715,0.886599,0,0,0,857.083,815.807,0.649949,857.026,812.789,0.651196,818.779,803.99,0.389737,854.01,824.608,0.764563,836.461,824.618,0.790684,812.752,809.927,0.837952,
842.219,503.895,0.869974,836.505,550.72,0.947986,812.903,550.85,0.917249,854.077,553.821,0.843305,871.679,515.627,0.808272,862.84,550.802,0.873414,910.036,574.535,0.913325,906.941,530.187,0.884815,854.016,648.044,0.884479,833.552,648.063,0.906322,856.96,721.587,0.938441,818.801,806.834,0.829013,865.81,648.029,0.848625,880.661,727.541,0.8854,833.395,798.086,0.821655,833.502,503.717,0.893391,842.273,503.661,0.466056,812.999,509.715,0.886524,0,0,0,857.082,815.806,0.65008,857.026,812.789,0.65128,818.779,803.991,0.389764,854.01,824.608,0.76435,836.461,824.618,0.790609,812.752,809.928,0.838003,
839.445,503.9,0.869771,836.505,550.72,0.948015,812.902,550.85,0.917216,854.076,553.82,0.843257,871.678,515.627,0.80832,862.841,550.803,0.873434,910.037,574.534,0.913146,906.942,530.188,0.884775,854.016,648.044,0.884606,833.552,648.062,0.906384,856.96,721.586,0.938744,818.801,806.835,0.829194,865.81,648.029,0.848731,880.659,727.541,0.8851,833.395,798.088,0.821699,833.501,503.715,0.892986,842.273,503.659,0.465975,812.998,509.714,0.887045,0,0,0,857.084,815.807,0.65032,857.027,812.79,0.651741,818.777,803.992,0.390068,854.01,824.608,0.764334,836.462,824.619,0.790598,812.752,809.929,0.837979,
839.444,503.899,0.869692,836.505,550.72,0.94804,812.903,550.85,0.91724,854.076,553.82,0.843191,871.678,515.627,0.808362,862.841,550.803,0.87344,910.037,574.534,0.913063,906.942,530.188,0.884674,854.016,648.044,0.884722,833.552,648.062,0.9065,856.96,721.586,0.938701,818.802,806.834,0.82895,865.811,648.029,0.848719,880.658,727.539,0.885356,833.396,798.088,0.82158,833.501,503.714,0.892839,842.274,503.658,0.465516,812.998,509.713,0.887274,0,0,0,857.085,815.806,0.6499,857.028,812.789,0.651106,818.778,803.993,0.389716,854.012,824.607,0.764634,836.463,824.617,0.790633,812.754,809.928,0.837952,
839.444,503.898,0.86961,836.505,550.72,0.948041,812.902,550.85,0.917228,854.076,553.821,0.843087,871.677,515.627,0.808346,862.842,550.803,0.873421,910.038,574.534,0.912963,906.942,530.188,0.884606,854.018,648.044,0.885032,833.553,648.061,0.906668,856.96,721.585,0.939028,818.804,806.834,0.82864,865.813,648.029,0.848651,880.657,727.539,0.885341,833.396,798.088,0.821551,833.5,503.713,0.892673,842.274,503.657,0.465772,812.998,509.713,0.887377,0,0,0,857.085,815.807,0.649818,857.028,812.79,0.651299,818.778,803.994,0.389614,854.013,824.606,0.764811,836.464,824.617,0.790658,812.754,809.929,0.837877,
839.445,503.897,0.869499,836.505,550.72,0.948049,812.903,550.85,0.917275,854.076,553.821,0.843155,871.677,515.626,0.808406,862.842,550.803,0.873422,910.038,574.534,0.912947,906.941,530.188,0.884581,854.018,648.043,0.885243,833.553,648.06,0.906871,856.96,721.584,0.939227,818.804,806.834,0.828404,865.813,648.028,0.848727,880.658,727.539,0.885656,833.396,798.087,0.821786,833.5,503.713,0.892651,842.274,503.657,0.464913,812.998,509.712,0.887432,0,0,0,857.085,815.806,0.650655,857.028,812.79,0.652299,818.779,803.993,0.389493,854.012,824.605,0.764581,836.464,824.615,0.790228,812.754,809.928,0.838052,
842.225,503.885,0.869377,836.507,550.72,0.947843,812.908,550.846,0.91658,854.074,553.822,0.843094,871.679,518.464,0.808326,862.84,550.808,0.873751,910.042,574.537,0.911718,906.947,530.196,0.886945,854.016,648.043,0.885412,833.554,648.06,0.90649,856.973,721.578,0.940329,821.623,804.058,0.826796,865.804,648.028,0.849989,880.664,727.528,0.885755,833.404,798.083,0.822258,833.503,503.708,0.891991,842.28,503.651,0.464823,812.998,509.71,0.888458,0,0,0,857.096,815.814,0.642794,857.041,812.794,0.646556,818.781,803.992,0.387442,854.031,824.6,0.766432,836.471,824.608,0.789679,812.765,809.922,0.83373,
842.239,503.882,0.871125,836.508,550.724,0.948155,812.914,550.848,0.916007,854.074,553.82,0.843559,871.682,518.464,0.807314,862.838,550.813,0.873445,910.051,574.534,0.909605,906.947,530.202,0.885584,854.013,648.041,0.885071,833.553,648.06,0.906241,856.974,721.584,0.939609,821.613,804.059,0.826145,865.8,648.026,0.850391,880.662,727.528,0.885827,833.404,798.091,0.823781,833.513,503.704,0.893352,842.297,503.65,0.453857,812.998,509.706,0.890456,0,0,0,857.102,815.823,0.648582,857.046,812.801,0.653699,818.789,803.998,0.387629,854.024,824.605,0.760892,836.466,824.615,0.784412,812.758,809.925,0.830344,
839.354,480.359,0.830587,833.548,512.638,0.901573,812.903,524.403,0.866687,854.033,521.464,0.674188,856.926,480.262,0.516359,856.886,506.72,0.868585,880.594,462.696,0.709702,898.168,406.699,0.655042,856.976,621.532,0.923308,839.272,621.597,0.874641,839.269,701.06,0.867805,833.335,789.272,0.895222,868.81,621.474,0.816654,860.066,709.835,0.868726,839.396,789.208,0.825906,833.453,480.189,0.865571,842.319,477.355,0.437261,812.932,486.138,0.880287,0,0,0,857.029,815.777,0.614205,860.022,812.789,0.657653,833.49,792.304,0.436614,851.08,818.686,0.717882,833.527,815.773,0.75229,827.555,798.084,0.667539,
839.361,480.342,0.832182,833.555,512.641,0.901191,812.917,524.401,0.866005,854.021,521.471,0.670902,856.945,480.261,0.520267,856.89,506.727,0.867903,880.594,462.68,0.713216,898.125,409.494,0.649459,856.976,621.53,0.92271,839.27,621.596,0.875335,836.55,701.053,0.868698,833.337,789.279,0.893115,868.816,621.475,0.815695,860.069,709.836,0.868555,839.387,789.213,0.827025,833.46,480.176,0.865701,842.346,477.348,0.425309,812.935,486.136,0.884888,0,0,0,857.039,815.78,0.612386,860.027,812.792,0.653887,833.474,792.308,0.435923,851.108,818.696,0.718848,833.546,815.787,0.750728,827.551,798.088,0.665733,
839.361,480.351,0.83163,833.551,512.633,0.901734,812.913,524.399,0.866437,854.018,521.467,0.667197,856.944,480.254,0.532344,856.889,506.716,0.868289,880.61,462.644,0.723855,898.151,409.474,0.655342,856.977,621.528,0.923132,839.276,621.595,0.874816,836.554,701.047,0.868605,833.335,789.277,0.893028,868.808,621.472,0.816378,860.061,709.843,0.87122,839.387,789.213,0.827605,833.459,480.185,0.865713,842.336,477.352,0.436695,812.936,486.139,0.881212,0,0,0,857.041,815.786,0.614764,860.03,812.795,0.656947,833.474,792.308,0.43692,851.106,818.696,0.715894,833.547,815.787,0.748311,827.551,798.087,0.665599,
839.361,480.353,0.832561,833.545,512.626,0.902786,812.896,524.397,0.867792,854.008,521.483,0.67166,856.948,480.261,0.546205,856.89,506.711,0.870291,880.615,462.629,0.734968,898.162,406.719,0.660028,856.978,621.526,0.923489,839.276,621.593,0.874905,836.552,701.04,0.870049,833.333,789.272,0.893344,868.812,621.468,0.816288,860.061,709.838,0.870903,839.391,789.212,0.827747,833.459,480.187,0.866237,842.316,480.097,0.440964,812.935,486.135,0.881986,0,0,0,857.041,815.782,0.616912,860.031,812.793,0.659603,833.483,792.304,0.437799,851.099,818.687,0.714538,833.54,815.778,0.747734,827.549,798.081,0.665894,
839.291,483.184,0.916563,833.376,524.393,0.938727,809.973,530.34,0.935015,845.211,542.106,0.783545,860.099,489.086,0.782615,853.999,512.64,0.823165,883.343,480.167,0.859736,895.281,424.358,0.732163,854.077,624.593,0.870124,836.454,627.439,0.864838,836.282,715.694,0.96166,821.703,795.206,0.805901,862.899,624.495,0.847341,857.067,715.773,0.951486,833.376,789.336,0.868715,833.375,483.101,0.932861,839.377,480.318,0.43844,812.8,497.924,0.894332,0,0,0,856.853,812.877,0.657663,856.96,809.874,0.688657,821.652,798.147,0.42199,851.067,815.881,0.773578,833.524,815.896,0.800982,812.976,809.771,0.802915,
839.289,483.182,0.916651,833.378,524.39,0.938489,809.976,530.341,0.934837,845.184,544.92,0.783841,860.1,489.086,0.787113,854.001,512.634,0.82363,883.346,480.146,0.858633,895.273,424.343,0.736033,854.074,624.595,0.869747,836.447,627.44,0.865628,836.281,715.69,0.961907,821.7,795.204,0.806037,862.9,624.497,0.8473,857.063,715.771,0.951002,833.377,789.335,0.869865,833.375,483.1,0.932373,839.375,480.314,0.43601,812.801,497.926,0.894331,0,0,0,856.848,812.88,0.65854,856.957,809.878,0.690102,821.659,798.146,0.422928,851.059,815.881,0.77176,833.519,815.893,0.799994,812.977,809.769,0.801335,
839.29,483.182,0.91676,833.377,524.389,0.938047,809.977,530.339,0.935222,845.201,542.104,0.783748,862.814,489.064,0.787423,853.997,512.634,0.822608,883.347,480.149,0.858779,895.273,424.343,0.73575,854.072,624.602,0.867835,836.447,627.448,0.864401,836.282,715.691,0.961818,821.7,795.202,0.806161,862.897,624.503,0.847001,857.061,715.771,0.950415,833.377,789.335,0.869742,833.376,483.099,0.932406,839.38,480.314,0.434045,812.802,497.924,0.894085,0,0,0,856.847,812.88,0.658557,856.957,809.878,0.69005,821.66,798.145,0.423067,851.058,815.88,0.771434,833.519,815.892,0.799744,812.976,809.767,0.80109,
839.29,483.182,0.916758,833.377,524.389,0.938042,809.976,530.339,0.935225,845.201,542.104,0.783764,862.814,489.064,0.787435,853.997,512.634,0.822622,883.347,480.149,0.858789,895.273,424.343,0.735767,854.072,624.601,0.867927,836.447,627.447,0.86448,836.282,715.69,0.961801,821.7,795.202,0.806193,862.898,624.503,0.846989,857.062,715.771,0.950404,833.377,789.335,0.869794,833.376,483.099,0.932405,839.38,480.314,0.43404,812.802,497.924,0.894089,0,0,0,856.847,812.881,0.658645,856.957,809.878,0.69018,821.66,798.145,0.423094,851.057,815.88,0.77139,833.518,815.892,0.79973,812.976,809.767,0.801084,
839.29,483.182,0.916761,833.377,524.39,0.938069,809.977,530.339,0.935223,845.201,542.105,0.783796,862.814,489.064,0.787415,853.997,512.634,0.822591,883.347,480.149,0.858755,895.273,424.343,0.735709,854.073,624.602,0.867762,836.447,627.448,0.864273,836.282,715.689,0.961677,821.7,795.201,0.806159,862.898,624.504,0.846855,857.061,715.77,0.950349,833.378,789.335,0.869601,833.376,483.099,0.932408,839.38,480.314,0.43408,812.802,497.924,0.894082,0,0,0,856.848,812.881,0.658586,856.957,809.878,0.690096,821.66,798.146,0.423036,851.058,815.88,0.77133,833.518,815.892,0.799663,812.976,809.767,0.800883,
839.29,483.181,0.917162,833.375,524.384,0.936737,809.975,530.337,0.935478,845.202,542.09,0.78083,862.82,489.057,0.786025,853.996,512.627,0.823024,883.351,480.149,0.859733,895.276,424.342,0.73521,854.075,624.601,0.868001,836.448,627.449,0.864101,836.282,715.69,0.96162,821.701,795.202,0.806232,862.902,624.503,0.846062,857.061,715.769,0.950293,833.378,789.335,0.86952,833.376,483.098,0.932405,839.378,480.314,0.436049,812.801,497.925,0.894091,0,0,0,856.848,812.88,0.657815,856.957,809.877,0.689393,821.661,798.145,0.422803,851.059,815.879,0.771986,833.52,815.892,0.800162,812.977,809.767,0.801086,
839.29,483.181,0.917162,833.375,524.384,0.936737,809.975,530.337,0.935478,845.202,542.09,0.78083,862.82,489.057,0.786025,853.996,512.627,0.823024,883.351,480.149,0.859733,895.276,424.342,0.73521,854.075,624.601,0.868001,836.448,627.449,0.864101,836.282,715.69,0.96162,821.701,795.202,0.806232,862.902,624.503,0.846062,857.061,715.769,0.950293,833.378,789.335,0.86952,833.376,483.098,0.932405,839.378,480.314,0.436049,812.801,497.925,0.894091,0,0,0,856.848,812.88,0.657815,856.957,809.877,0.689393,821.661,798.145,0.422803,851.059,815.879,0.771986,833.52,815.892,0.800162,812.977,809.767,0.801086,
839.289,483.181,0.917161,833.375,524.384,0.936737,809.975,530.337,0.935478,845.202,542.09,0.78083,862.82,489.057,0.786022,853.996,512.627,0.823025,883.351,480.149,0.859735,895.276,424.342,0.735212,854.075,624.601,0.868001,836.448,627.449,0.864102,836.282,715.689,0.961618,821.701,795.201,0.806233,862.902,624.502,0.846061,857.061,715.769,0.950292,833.378,789.335,0.869518,833.376,483.098,0.932402,839.379,480.314,0.436047,812.801,497.925,0.894091,0,0,0,856.848,812.88,0.657817,856.957,809.877,0.68939,821.661,798.145,0.4228,851.059,815.879,0.771984,833.52,815.892,0.800163,812.976,809.767,0.801084,
839.289,483.181,0.917161,833.375,524.384,0.936737,809.975,530.337,0.935478,845.202,542.09,0.78083,862.82,489.057,0.786022,853.996,512.627,0.823025,883.351,480.149,0.859735,895.276,424.342,0.735212,854.075,624.601,0.868001,836.448,627.449,0.864102,836.282,715.689,0.961618,821.701,795.201,0.806233,862.902,624.502,0.846061,857.061,715.769,0.950292,833.378,789.335,0.869518,833.376,483.098,0.932402,839.379,480.314,0.436047,812.801,497.925,0.894091,0,0,0,856.848,812.88,0.657817,856.957,809.877,0.68939,821.661,798.145,0.4228,851.059,815.879,0.771984,833.52,815.892,0.800163,812.976,809.767,0.801084,
839.289,483.181,0.91716,833.375,524.384,0.936742,809.975,530.337,0.935479,845.202,542.09,0.780834,862.82,489.057,0.786016,853.996,512.627,0.823014,883.352,480.149,0.859739,895.276,424.342,0.735204,854.075,624.601,0.867999,836.448,627.449,0.864096,836.282,715.69,0.961636,821.701,795.202,0.806113,862.901,624.502,0.846073,857.061,715.769,0.950356,833.377,789.334,0.869613,833.376,483.098,0.932396,839.378,480.314,0.436041,812.801,497.925,0.894092,0,0,0,856.848,812.879,0.65774,856.957,809.877,0.689207,821.66,798.145,0.422997,851.059,815.88,0.772227,833.52,815.892,0.800345,812.977,809.768,0.801158,
839.289,483.181,0.917163,833.375,524.384,0.93674,809.975,530.337,0.935485,845.202,542.09,0.780844,862.821,489.057,0.786019,853.996,512.627,0.823024,883.351,480.149,0.85974,895.275,424.342,0.735292,854.075,624.602,0.868028,836.448,627.449,0.864066,836.282,715.69,0.96168,821.701,795.202,0.80621,862.902,624.502,0.846064,857.061,715.769,0.950276,833.378,789.335,0.869751,833.376,483.098,0.932399,839.378,480.314,0.436016,812.802,497.925,0.894089,0,0,0,856.848,812.879,0.657998,856.956,809.876,0.689464,821.66,798.145,0.423137,851.059,815.878,0.772486,833.521,815.891,0.800411,812.977,809.767,0.800907,
839.289,483.181,0.917164,833.376,524.384,0.936738,809.975,530.337,0.935486,845.202,542.09,0.780843,862.82,489.057,0.786021,853.996,512.627,0.823027,883.351,480.149,0.859737,895.276,424.342,0.735325,854.075,624.601,0.868027,836.448,627.449,0.864062,836.282,715.69,0.961687,821.701,795.202,0.806218,862.902,624.502,0.846062,857.061,715.769,0.950293,833.378,789.335,0.869737,833.376,483.099,0.932401,839.378,480.314,0.436006,812.802,497.925,0.894089,0,0,0,856.849,812.879,0.658125,856.956,809.877,0.689554,821.661,798.146,0.423107,851.059,815.878,0.772618,833.521,815.891,0.800489,812.976,809.767,0.800983,
839.289,483.181,0.917166,833.375,524.384,0.936739,809.975,530.337,0.935486,845.202,542.09,0.780839,862.82,489.057,0.786014,853.996,512.627,0.823033,883.351,480.149,0.859733,895.276,424.343,0.735374,854.075,624.601,0.868023,836.448,627.449,0.86407,836.282,715.69,0.961667,821.701,795.201,0.806247,862.902,624.503,0.846065,857.061,715.769,0.950316,833.377,789.335,0.869733,833.376,483.099,0.932401,839.378,480.314,0.435984,812.802,497.925,0.89409,0,0,0,856.848,812.879,0.658245,856.956,809.877,0.689625,821.66,798.146,0.42309,851.059,815.878,0.772502,833.52,815.891,0.800443,812.976,809.767,0.800809,
839.289,483.181,0.917173,833.375,524.384,0.936737,809.975,530.337,0.935483,845.202,542.09,0.780826,862.82,489.056,0.786003,853.996,512.627,0.823042,883.351,480.149,0.859733,895.275,424.343,0.735446,854.075,624.602,0.867989,836.448,627.449,0.864085,836.282,715.69,0.961606,821.7,795.202,0.806139,862.902,624.503,0.846063,857.061,715.769,0.950384,833.377,789.335,0.869654,833.376,483.098,0.932402,839.378,480.313,0.435942,812.801,497.925,0.894092,0,0,0,856.848,812.879,0.658417,856.956,809.877,0.689658,821.66,798.146,0.422957,851.059,815.878,0.772513,833.52,815.892,0.800623,812.977,809.768,0.80125,
839.289,483.181,0.917172,833.376,524.384,0.936744,809.975,530.337,0.935482,845.203,542.09,0.780833,862.82,489.056,0.786004,853.996,512.627,0.823045,883.351,480.149,0.859724,895.275,424.343,0.73542,854.074,624.602,0.867962,836.448,627.449,0.86409,836.282,715.69,0.961512,821.702,795.201,0.806327,862.901,624.503,0.846151,857.06,715.768,0.95037,833.379,789.332,0.870045,833.376,483.098,0.932405,839.379,480.313,0.435963,812.801,497.925,0.894091,0,0,0,856.85,812.876,0.65883,856.956,809.872,0.689192,821.663,798.141,0.423075,851.062,815.875,0.773265,833.524,815.89,0.800278,812.978,809.766,0.800801,
839.289,483.181,0.917203,833.376,524.384,0.936732,809.975,530.337,0.935451,845.202,542.09,0.780739,862.82,489.056,0.785931,853.996,512.626,0.823068,883.351,480.149,0.859717,895.275,424.343,0.73546,854.074,624.602,0.867737,836.448,627.449,0.864297,836.282,715.69,0.961162,821.702,795.201,0.8061,862.901,624.503,0.846128,857.06,715.769,0.95058,833.378,789.331,0.869651,833.376,483.098,0.932412,839.378,480.313,0.435839,812.802,497.925,0.894115,0,0,0,856.849,812.875,0.659237,856.958,809.872,0.688562,821.659,798.139,0.421878,851.064,815.875,0.772742,833.525,815.89,0.800544,812.978,809.767,0.801074,
839.289,483.181,0.917204,833.375,524.384,0.936733,809.975,530.337,0.93545,845.202,542.09,0.780737,862.82,489.056,0.785931,853.996,512.627,0.823058,883.351,480.149,0.859718,895.275,424.342,0.735451,854.074,624.602,0.867713,836.448,627.449,0.864235,836.282,715.691,0.961204,821.7,795.203,0.806138,862.901,624.503,0.846105,857.06,715.769,0.950563,833.378,789.331,0.869801,833.376,483.098,0.932412,839.378,480.313,0.435844,812.802,497.925,0.894112,0,0,0,856.85,812.875,0.659673,856.958,809.872,0.688848,821.658,798.138,0.422061,851.064,815.877,0.772614,833.525,815.891,0.800214,812.977,809.768,0.801898,
839.289,483.181,0.917233,833.375,524.384,0.936731,809.975,530.337,0.935436,845.202,542.09,0.780624,862.82,489.056,0.785849,853.996,512.627,0.823063,883.351,480.149,0.859668,895.275,424.342,0.735379,854.074,624.602,0.867508,836.448,627.449,0.864553,836.282,715.691,0.960851,821.7,795.2,0.805946,862.9,624.503,0.846149,857.06,715.769,0.95047,833.378,789.328,0.869531,833.376,483.098,0.932428,839.378,480.313,0.435757,812.801,497.925,0.894128,0,0,0,856.847,812.874,0.660537,856.959,809.87,0.688802,821.656,798.133,0.421027,851.064,815.873,0.771736,833.524,815.887,0.800235,812.977,809.765,0.801152,
839.283,483.177,0.916727,833.376,524.382,0.937481,809.977,530.334,0.936112,845.223,542.076,0.777949,860.074,489.092,0.784669,853.996,512.63,0.825539,880.669,480.175,0.866452,895.223,424.348,0.732556,854.071,624.599,0.868552,836.447,627.445,0.864664,836.28,715.688,0.962613,821.692,795.198,0.807141,862.896,624.501,0.847591,857.06,715.767,0.949799,833.379,789.332,0.870988,833.372,483.094,0.931563,839.378,480.314,0.426476,812.803,497.913,0.893637,0,0,0,856.852,812.878,0.662687,856.952,809.877,0.6942,821.665,798.134,0.425316,851.061,815.872,0.770206,833.523,815.889,0.79532,812.968,809.759,0.801159,
836.562,491.972,0.888613,833.308,533.286,0.915229,809.781,539.172,0.864399,830.496,577.561,0.904501,880.589,559.674,0.886866,854.053,530.256,0.90203,898.187,536.232,0.744526,936.482,521.374,0.706191,836.462,645.002,0.874404,827.561,645.073,0.838556,827.492,721.686,0.832827,812.911,804.049,0.861698,854.087,642.181,0.819497,842.329,724.493,0.819717,830.438,798.154,0.828802,833.445,483.358,0.950683,836.476,483.303,0.515949,810.024,500.74,0.891755,0,0,0,856.88,815.783,0.788562,856.866,812.737,0.779429,818.767,809.792,0.495605,839.338,815.864,0.675053,830.506,818.764,0.626524,809.944,810.016,0.842298,
836.564,491.97,0.888905,833.307,533.285,0.915092,809.779,539.172,0.86397,830.494,577.563,0.903686,880.588,559.675,0.887173,854.054,530.255,0.902601,898.178,536.243,0.741451,936.474,521.375,0.705454,836.468,645.001,0.873482,827.565,645.072,0.838829,827.489,721.686,0.832528,812.909,804.055,0.862269,854.096,642.181,0.820582,842.335,724.495,0.819429,830.439,798.161,0.828116,833.447,483.358,0.951353,836.476,483.301,0.51335,810.027,500.742,0.892303,0,0,0,856.885,815.786,0.790532,856.87,812.739,0.780671,818.768,809.799,0.496391,839.337,815.869,0.673957,830.504,818.771,0.62502,809.943,810.021,0.841128,
836.567,491.971,0.888985,833.305,533.281,0.915606,809.778,539.167,0.864137,830.482,580.265,0.904021,880.591,559.681,0.887558,854.05,530.251,0.90411,898.176,536.219,0.745932,936.465,521.384,0.71065,836.459,644.996,0.874369,827.565,645.068,0.838526,827.496,721.686,0.833426,812.914,804.058,0.8623,854.078,642.175,0.818775,842.335,724.492,0.820647,830.441,798.162,0.828382,833.451,483.359,0.951975,836.479,483.301,0.509828,810.026,500.747,0.893963,0,0,0,856.886,815.787,0.789872,856.87,812.74,0.7799,818.774,809.8,0.495242,839.342,815.868,0.676375,830.511,818.772,0.627856,809.947,810.023,0.840798,
839.274,489.147,0.88842,833.302,533.281,0.914814,809.777,539.169,0.86365,830.486,580.264,0.904445,880.595,559.675,0.888699,854.047,530.246,0.904735,898.181,536.212,0.747517,936.466,521.384,0.710124,836.461,644.999,0.873783,827.567,645.072,0.838313,827.497,721.688,0.833334,812.916,804.058,0.862262,854.082,642.177,0.818902,842.335,724.495,0.820478,830.441,798.162,0.828273,833.462,483.345,0.955239,836.481,483.287,0.481075,810.026,500.732,0.893638,0,0,0,856.885,815.786,0.789631,856.87,812.74,0.779897,818.772,809.799,0.494205,839.343,815.869,0.676759,830.512,818.773,0.628423,809.948,810.023,0.840649,
839.272,489.147,0.88839,833.303,533.281,0.914899,809.778,539.169,0.863941,830.477,580.269,0.902934,880.594,559.675,0.888631,854.047,530.246,0.904929,898.177,536.212,0.747088,936.458,521.387,0.7103,836.459,645.006,0.874899,827.565,645.078,0.838556,827.495,721.69,0.832795,812.916,804.058,0.86241,854.079,642.186,0.819551,842.335,724.498,0.820757,830.441,798.162,0.828483,833.46,483.346,0.954645,836.48,483.288,0.483133,810.026,500.735,0.893545,0,0,0,856.885,815.787,0.789632,856.869,812.74,0.780097,818.773,809.799,0.494296,839.343,815.869,0.677062,830.511,818.772,0.628684,809.948,810.023,0.840588,
839.271,489.149,0.888257,833.302,533.281,0.914859,809.778,539.169,0.863983,830.477,580.269,0.902901,880.593,559.675,0.888649,854.046,530.246,0.904985,898.175,536.216,0.746941,936.457,521.388,0.711015,836.459,645.006,0.874957,827.565,645.079,0.838523,827.495,721.69,0.832844,812.916,804.056,0.862281,854.078,642.186,0.819564,842.335,724.498,0.820789,830.442,798.16,0.828739,833.459,483.347,0.954119,836.48,483.288,0.482675,810.026,500.736,0.893672,0,0,0,856.881,815.785,0.789586,856.867,812.739,0.780039,818.773,809.797,0.494508,839.34,815.867,0.677359,830.508,818.77,0.628799,809.949,810.021,0.840907,
839.265,489.143,0.889504,833.304,533.282,0.914998,809.779,539.172,0.86366,830.486,580.273,0.904139,880.607,559.69,0.88769,854.049,530.246,0.904985,898.174,536.206,0.745443,936.457,521.391,0.709037,836.455,645.012,0.876349,827.557,645.082,0.83798,827.487,721.699,0.830242,812.914,804.061,0.861902,854.066,644.928,0.820872,842.332,724.51,0.820685,830.44,798.164,0.827944,833.454,483.345,0.954451,836.476,483.285,0.485959,810.023,500.738,0.894683,0,0,0,856.882,815.793,0.788462,856.867,812.745,0.779511,818.774,809.798,0.494893,839.342,815.872,0.67412,830.509,818.775,0.625842,809.948,810.023,0.839747,
839.265,489.147,0.88892,833.306,533.279,0.916163,809.778,539.175,0.863184,830.48,580.276,0.903378,880.603,559.693,0.88752,854.056,530.239,0.907765,898.156,536.204,0.743655,936.431,521.411,0.705829,836.458,645.008,0.875195,827.558,645.079,0.837581,827.49,721.699,0.830784,812.92,806.842,0.863944,854.072,644.923,0.820609,842.339,724.507,0.821369,830.443,798.166,0.82864,833.452,483.347,0.953942,836.477,483.287,0.492442,810.022,500.74,0.895027,0,0,0,856.89,815.788,0.78925,856.871,812.742,0.779561,818.776,809.799,0.494613,839.355,815.871,0.673339,830.524,818.779,0.625786,809.949,812.714,0.841833,
836.569,489.149,0.889184,833.306,533.278,0.916351,809.777,541.997,0.863238,830.481,580.275,0.903315,880.605,559.69,0.888306,854.055,530.235,0.908539,898.148,536.211,0.740683,936.417,521.423,0.705107,836.457,645.006,0.875192,827.557,645.078,0.83777,827.489,721.697,0.830877,812.903,806.832,0.863036,854.082,642.188,0.820618,842.349,724.498,0.821035,830.44,798.155,0.829648,833.45,483.348,0.953662,836.477,483.288,0.495151,810.021,500.74,0.895143,0,0,0,856.88,815.786,0.792104,856.86,812.74,0.780729,818.783,809.792,0.498662,839.322,815.87,0.673735,830.493,818.769,0.622992,809.931,810.022,0.837871,
845.232,495.006,0.841053,833.348,536.175,0.927456,809.884,539.134,0.881062,815.807,589.179,0.833667,857.005,615.686,0.880415,854.019,533.224,0.911989,883.403,574.459,0.954613,915.876,586.242,0.720032,836.418,645.044,0.923323,827.48,645.091,0.863787,824.593,721.626,0.850542,812.903,804.059,0.867946,854.028,644.994,0.858497,842.247,721.675,0.837618,830.447,798.132,0.838648,836.463,486.209,0.930831,842.296,486.176,0.284458,815.796,497.942,0.876514,0,0,0,856.868,815.765,0.809473,856.863,812.727,0.793988,818.768,809.792,0.503251,839.305,815.869,0.68174,830.481,818.774,0.630779,809.947,812.714,0.845535,
845.223,495.007,0.841151,833.347,536.174,0.927595,809.886,539.13,0.881321,815.809,589.173,0.833359,857.002,615.687,0.880278,854.013,533.224,0.911497,883.402,574.461,0.954493,915.886,586.243,0.718665,836.419,645.046,0.923408,827.485,645.092,0.864994,824.601,721.625,0.850882,812.891,806.833,0.867595,854.028,644.998,0.859403,842.253,721.674,0.837373,830.438,798.128,0.838741,836.458,486.21,0.930955,842.291,486.181,0.286102,815.793,497.943,0.87723,0,0,0,856.862,815.773,0.810934,856.858,812.732,0.795922,818.759,809.791,0.505492,839.288,815.879,0.683734,830.461,818.779,0.631431,809.93,812.718,0.839259,
845.219,494.988,0.841518,833.347,536.174,0.927505,809.881,539.132,0.880714,815.81,589.174,0.83298,857.006,615.693,0.879626,854.019,533.224,0.912188,883.403,574.457,0.954664,915.874,586.226,0.729253,836.421,645.047,0.923084,827.487,645.093,0.864874,824.605,721.625,0.850861,812.892,806.833,0.867613,854.033,644.997,0.859536,842.254,721.674,0.837255,830.438,798.128,0.838836,836.453,486.198,0.934037,842.281,486.165,0.290654,815.789,497.942,0.877735,0,0,0,856.863,815.772,0.809822,856.859,812.732,0.795127,818.756,809.792,0.504704,839.294,815.879,0.684474,830.466,818.78,0.632783,809.93,812.718,0.83967,
845.215,494.982,0.84192,833.348,536.167,0.92833,809.882,539.132,0.880746,815.81,589.177,0.832408,857.006,615.691,0.879879,854.024,533.21,0.915146,883.4,574.457,0.955438,915.868,586.225,0.730587,836.421,645.046,0.922996,827.486,645.093,0.864841,824.606,721.625,0.850933,812.889,804.062,0.867479,854.033,644.997,0.859173,842.255,721.673,0.837133,830.438,798.128,0.838787,836.45,486.194,0.935377,842.275,486.161,0.292277,815.788,497.944,0.87837,0,0,0,856.864,815.772,0.809073,856.86,812.731,0.794537,818.754,809.792,0.504328,839.297,815.879,0.684867,830.47,818.781,0.63376,809.93,812.717,0.84052,
845.209,494.983,0.842275,833.348,536.164,0.928693,809.88,539.133,0.880586,815.81,589.178,0.832324,857.007,615.691,0.879929,854.029,533.203,0.91619,883.398,574.457,0.955476,915.868,586.228,0.730552,836.421,645.045,0.922904,827.485,645.092,0.864675,824.608,721.625,0.850983,812.889,804.063,0.867479,854.033,644.995,0.858926,842.254,721.671,0.837332,830.438,798.128,0.838625,836.445,486.195,0.93569,842.273,486.159,0.302687,815.785,497.948,0.878975,0,0,0,856.864,815.772,0.80766,856.86,812.731,0.793311,818.753,809.792,0.503929,839.3,815.88,0.685161,830.473,818.781,0.634461,809.93,812.718,0.840916,
845.21,494.982,0.842602,833.348,536.167,0.928362,809.88,539.135,0.880808,815.807,589.179,0.8331,857.006,615.69,0.879212,854.03,533.208,0.91594,883.401,574.46,0.956433,915.871,586.234,0.729417,836.423,645.043,0.922533,827.488,645.091,0.864846,824.607,721.624,0.851068,812.888,804.059,0.867533,854.034,644.993,0.858548,842.254,721.669,0.837513,830.439,798.124,0.838993,836.447,486.193,0.936063,842.274,486.159,0.300104,815.786,497.943,0.87864,0,0,0,856.863,815.771,0.809031,856.859,812.73,0.79465,818.753,809.789,0.503878,839.298,815.88,0.685176,830.471,818.78,0.634266,809.928,812.714,0.841658,
845.21,494.982,0.842613,833.348,536.168,0.928321,809.88,539.135,0.880814,815.808,589.179,0.833068,857.006,615.69,0.879468,854.029,533.208,0.915898,883.401,574.46,0.956408,915.87,586.233,0.729418,836.423,645.044,0.922456,827.488,645.091,0.864828,824.608,721.625,0.850989,812.887,804.061,0.867778,854.034,644.993,0.858552,842.256,721.67,0.837415,830.438,798.124,0.838686,836.447,486.193,0.93617,842.273,486.159,0.299242,815.786,497.942,0.878639,0,0,0,856.862,815.769,0.80894,856.858,812.729,0.794181,818.752,809.789,0.504133,839.296,815.882,0.685225,830.468,818.782,0.634184,809.927,812.716,0.84193,
845.209,494.982,0.84261,833.348,536.168,0.928317,809.88,539.135,0.880825,815.807,589.179,0.833067,857.007,615.69,0.87943,854.029,533.208,0.915902,883.401,574.459,0.956411,915.871,586.233,0.72942,836.422,645.044,0.922488,827.487,645.091,0.864809,824.608,721.624,0.85104,812.886,804.062,0.867882,854.034,644.993,0.858499,842.256,721.67,0.83734,830.438,798.124,0.83871,836.446,486.193,0.936179,842.273,486.159,0.299619,815.786,497.943,0.878682,0,0,0,856.863,815.769,0.809327,856.858,812.728,0.794415,818.752,809.789,0.504355,839.295,815.883,0.685065,830.467,818.784,0.633971,809.927,812.716,0.841762,
845.209,494.982,0.842623,833.348,536.168,0.928331,809.88,539.135,0.880837,815.807,589.179,0.83305,857.007,615.69,0.879571,854.029,533.208,0.915919,883.402,574.46,0.9565,915.872,586.234,0.729401,836.423,645.043,0.92243,827.488,645.091,0.864828,824.608,721.625,0.850937,812.889,806.835,0.868438,854.034,644.993,0.858587,842.256,721.67,0.837437,830.438,798.125,0.838544,836.446,486.193,0.936284,842.273,486.159,0.299556,815.786,497.942,0.878679,0,0,0,856.865,815.77,0.81023,856.86,812.729,0.79501,818.753,809.791,0.504718,839.294,815.887,0.684216,830.466,818.788,0.63311,809.926,812.719,0.841837,
845.209,494.982,0.842595,833.348,536.168,0.928293,809.88,539.135,0.880832,815.808,589.179,0.832987,857.007,615.69,0.87965,854.029,533.209,0.915859,883.402,574.46,0.956488,915.872,586.234,0.72941,836.422,645.044,0.92254,827.487,645.091,0.864729,824.607,721.624,0.850982,812.89,806.832,0.868154,854.033,644.993,0.858591,842.255,721.67,0.837616,830.439,798.121,0.838762,836.446,486.193,0.936262,842.272,486.159,0.299559,815.786,497.943,0.878693,0,0,0,856.865,815.769,0.81111,856.86,812.728,0.795579,818.754,809.788,0.505278,839.292,815.886,0.684221,830.462,818.786,0.632714,809.927,812.718,0.842572,
845.209,494.982,0.842604,833.348,536.168,0.928291,809.881,539.135,0.880838,815.808,589.179,0.833013,857.007,615.691,0.87963,854.029,533.208,0.915861,883.401,574.46,0.956535,915.872,586.234,0.729465,836.422,645.044,0.922551,827.487,645.092,0.864731,824.604,721.627,0.850831,812.89,806.835,0.868707,854.032,644.994,0.858483,842.252,721.671,0.837929,830.44,798.123,0.839093,836.446,486.193,0.936272,842.272,486.159,0.299549,815.785,497.942,0.878683,0,0,0,856.862,815.77,0.812127,856.857,812.729,0.796279,818.757,809.79,0.506241,839.29,815.887,0.684651,830.46,818.787,0.632798,809.928,812.719,0.843111,
845.209,494.982,0.842608,833.348,536.168,0.928295,809.88,539.135,0.880841,815.807,589.179,0.833046,857.007,615.691,0.879606,854.029,533.208,0.915869,883.402,574.46,0.956519,915.872,586.233,0.729549,836.422,645.043,0.922573,827.487,645.091,0.864791,824.602,721.626,0.850972,812.889,806.834,0.868717,854.033,644.993,0.858437,842.25,721.668,0.838285,830.443,798.122,0.839658,836.446,486.193,0.936274,842.272,486.159,0.299558,815.786,497.943,0.878685,0,0,0,856.86,815.77,0.813673,856.856,812.73,0.798161,818.761,809.789,0.506627,839.286,815.888,0.685701,830.457,818.787,0.633505,809.928,812.717,0.843716,
845.208,494.982,0.84261,833.348,536.168,0.928298,809.88,539.134,0.880846,815.808,589.179,0.833037,857.007,615.691,0.879616,854.029,533.208,0.915869,883.402,574.46,0.956523,915.872,586.233,0.729597,836.422,645.043,0.922553,827.488,645.091,0.864807,824.602,721.627,0.850956,812.888,806.835,0.86886,854.032,644.993,0.8584,842.248,721.669,0.838272,830.441,798.122,0.839551,836.446,486.193,0.936277,842.272,486.159,0.299547,815.786,497.942,0.878683,0,0,0,856.858,815.771,0.814723,856.854,812.73,0.798867,818.762,809.79,0.507442,839.282,815.89,0.685942,830.454,818.79,0.633509,809.927,812.718,0.84328,
845.209,494.982,0.842602,833.348,536.168,0.928322,809.88,539.135,0.880852,815.808,589.179,0.833024,857.008,615.692,0.880092,854.029,533.208,0.915872,883.401,574.46,0.956451,915.871,586.233,0.729773,836.422,645.043,0.92271,827.487,645.091,0.864812,824.602,721.627,0.851002,812.885,804.055,0.867585,854.033,644.993,0.858635,842.246,721.665,0.83922,830.442,798.12,0.839679,836.446,486.193,0.936294,842.272,486.159,0.299515,815.786,497.943,0.878694,0,0,0,856.851,815.77,0.813127,856.849,812.73,0.798383,818.76,809.785,0.506718,839.282,815.882,0.687682,830.455,818.78,0.634821,809.927,812.708,0.843968,
845.186,494.998,0.842019,833.348,536.171,0.929137,809.882,539.137,0.881637,815.811,589.18,0.833484,857.008,618.469,0.881212,854.025,533.214,0.914508,883.415,574.463,0.956931,918.806,589.097,0.726038,836.425,645.041,0.922299,827.489,645.089,0.864876,824.607,721.621,0.851488,812.891,804.033,0.867134,854.039,644.99,0.85889,842.24,721.664,0.838495,830.44,798.106,0.839742,836.433,486.2,0.935573,842.259,486.165,0.314987,815.776,497.934,0.880573,0,0,0,856.837,815.764,0.803277,856.844,812.723,0.791278,818.757,809.773,0.501852,839.275,815.864,0.691863,830.442,818.76,0.637417,809.934,810.012,0.840099,
868.775,497.831,0.845131,839.295,536.202,0.888789,818.766,536.119,0.848279,804.007,589.165,0.849759,786.293,633.304,0.902039,859.944,539.145,0.88996,856.986,594.936,0.59529,862.85,633.324,0.414527,836.297,644.941,0.910356,821.701,644.946,0.841405,824.568,718.689,0.867079,812.832,804.008,0.857459,851.075,644.931,0.837902,836.489,718.72,0.902182,830.4,798.156,0.828842,860.014,486.149,0.92785,865.793,486.22,0.0924206,839.273,494.931,0.873762,0,0,0,856.894,815.775,0.752237,854.094,812.727,0.739234,818.74,809.906,0.511993,836.54,815.853,0.691343,830.408,818.752,0.635276,809.883,812.741,0.815095,
868.775,497.831,0.845132,839.295,536.202,0.888788,818.766,536.119,0.848277,804.007,589.166,0.849759,786.293,633.304,0.902055,859.944,539.145,0.889958,856.986,594.936,0.59529,862.85,633.324,0.414527,836.296,644.941,0.910352,821.701,644.946,0.841405,824.569,718.689,0.867074,812.832,804.008,0.85747,851.075,644.931,0.837909,836.489,718.721,0.902213,830.4,798.156,0.828834,860.015,486.149,0.927849,865.793,486.22,0.0924196,839.272,494.931,0.873762,0,0,0,856.893,815.775,0.752069,854.094,812.726,0.739149,818.74,809.906,0.511991,836.541,815.854,0.691374,830.407,818.752,0.635374,809.883,812.741,0.815091,
868.775,497.831,0.845131,839.295,536.202,0.888791,818.766,536.119,0.848284,804.007,589.166,0.849754,786.293,633.304,0.902025,859.944,539.145,0.889961,856.986,594.936,0.595289,862.851,633.325,0.414539,836.297,644.941,0.91037,821.701,644.946,0.841399,824.569,718.689,0.86709,812.832,804.008,0.857484,851.075,644.931,0.837898,836.489,718.721,0.902121,830.4,798.156,0.82892,860.015,486.149,0.92785,865.793,486.22,0.0924208,839.272,494.931,0.873763,0,0,0,856.894,815.776,0.752121,854.094,812.726,0.739266,818.74,809.906,0.512106,836.54,815.854,0.691375,830.407,818.753,0.635355,809.883,812.741,0.815121,
868.775,497.831,0.845139,839.295,536.202,0.88879,818.766,536.119,0.848252,804.007,589.166,0.849778,786.292,633.304,0.902112,859.944,539.145,0.889953,856.986,594.936,0.595476,862.85,633.324,0.414784,836.297,644.941,0.91029,821.701,644.946,0.841343,824.57,718.689,0.86708,812.832,804.01,0.857605,851.075,644.931,0.837885,836.49,718.721,0.902224,830.4,798.159,0.828676,860.014,486.149,0.92783,865.793,486.22,0.0924146,839.272,494.931,0.873755,0,0,0,856.894,815.774,0.751095,854.094,812.726,0.738142,818.74,809.908,0.511864,836.541,815.854,0.690829,830.408,818.753,0.635088,809.882,812.742,0.814826,
868.776,497.831,0.845084,839.296,536.201,0.888868,818.768,536.119,0.848118,804.004,589.167,0.849336,786.293,633.305,0.902136,859.945,539.141,0.890006,856.989,594.932,0.595264,862.857,633.313,0.413578,836.297,644.944,0.911154,821.702,644.949,0.842067,824.57,718.69,0.86703,812.832,804.009,0.857539,851.075,644.935,0.838688,836.49,718.721,0.902317,830.4,798.158,0.828628,860.015,486.149,0.927796,865.794,486.221,0.0926333,839.273,494.93,0.873645,0,0,0,856.894,815.774,0.751054,854.094,812.726,0.738076,818.74,809.908,0.51176,836.541,815.854,0.690854,830.408,818.752,0.635137,809.882,812.742,0.814842,
868.775,497.831,0.845079,839.296,536.201,0.888871,818.768,536.119,0.848125,804.004,589.167,0.849331,786.293,633.305,0.902111,859.945,539.141,0.890011,856.988,594.932,0.595244,862.856,633.313,0.413569,836.297,644.944,0.911168,821.702,644.949,0.842063,824.57,718.69,0.867041,812.832,804.009,0.857552,851.075,644.935,0.838675,836.49,718.721,0.902257,830.4,798.159,0.828681,860.015,486.149,0.927798,865.794,486.221,0.0926429,839.273,494.93,0.873647,0,0,0,856.895,815.774,0.751053,854.094,812.726,0.738133,818.74,809.908,0.511828,836.541,815.853,0.690888,830.408,818.753,0.635159,809.883,812.742,0.814843,
868.776,497.831,0.845067,839.297,536.201,0.888881,818.768,536.119,0.848164,804.003,589.167,0.849308,786.293,633.305,0.902008,859.945,539.141,0.890038,856.988,594.932,0.595116,862.857,633.314,0.413497,836.297,644.944,0.911247,821.702,644.95,0.842088,824.57,718.69,0.867055,812.831,804.01,0.857683,851.075,644.935,0.838715,836.49,718.721,0.902183,830.399,798.158,0.828704,860.015,486.149,0.927824,865.795,486.221,0.0926498,839.273,494.93,0.873662,0,0,0,856.895,815.775,0.751106,854.094,812.726,0.738363,818.739,809.908,0.511876,836.541,815.855,0.690927,830.408,818.754,0.635168,809.882,812.742,0.815031,
874.576,500.838,0.883976,839.41,536.244,0.87421,824.551,533.336,0.847846,806.929,592.06,0.875178,789.469,636.276,0.857931,859.987,542.018,0.885029,857.085,594.93,0.517245,862.96,630.384,0.337621,836.305,644.976,0.917193,821.677,644.967,0.853353,824.59,718.777,0.856035,812.877,804.004,0.857025,851.131,645,0.852208,836.456,718.778,0.902549,830.39,798.119,0.827767,862.836,489.14,0.889256,871.703,492.034,0.153646,839.409,497.924,0.878648,0,0,0,856.908,815.76,0.742732,854.103,812.711,0.732095,818.721,809.881,0.497843,839.341,815.848,0.695042,830.493,818.754,0.64628,809.916,812.74,0.818987,
874.594,500.863,0.889714,839.412,536.247,0.871854,824.571,533.335,0.849521,806.932,592.056,0.873195,789.465,636.293,0.859956,859.977,542.023,0.884539,857.086,594.946,0.472113,862.897,633.282,0.311755,836.285,644.963,0.914439,821.676,644.953,0.850556,824.644,718.796,0.852492,812.896,804.02,0.853903,851.08,644.991,0.844182,836.433,718.772,0.900407,827.582,798.122,0.816626,862.852,489.156,0.886478,871.725,492.083,0.151923,839.415,497.923,0.877992,0,0,0,856.904,815.745,0.709217,854.076,810.016,0.699435,815.88,809.876,0.474895,839.406,815.843,0.701269,833.315,818.772,0.661818,809.917,812.755,0.813674,
874.592,500.862,0.888929,839.412,536.245,0.871731,824.577,533.332,0.850059,806.941,592.052,0.874672,792.177,636.277,0.858273,859.972,542.019,0.885123,857.08,594.948,0.466125,862.887,633.301,0.31193,836.287,644.966,0.914929,821.674,644.955,0.851076,824.637,718.797,0.85192,812.892,804.023,0.854031,851.09,644.997,0.84632,836.441,718.776,0.90029,827.587,798.123,0.818668,862.851,489.155,0.886393,871.718,492.084,0.150046,839.414,497.923,0.878128,0,0,0,856.91,815.756,0.716304,854.1,812.71,0.706792,815.886,809.882,0.476998,839.4,815.851,0.698917,833.308,818.777,0.658743,809.915,812.759,0.811955,
874.587,500.868,0.888958,839.413,536.244,0.871193,824.585,533.334,0.849871,806.952,592.043,0.874998,792.183,636.263,0.855535,859.97,542.01,0.885208,857.082,594.937,0.454371,862.911,633.267,0.294129,836.284,644.971,0.91538,821.664,644.962,0.851874,824.622,718.803,0.850859,812.888,804.021,0.853628,851.091,645,0.846298,836.445,718.788,0.899339,827.592,798.12,0.820092,862.846,491.971,0.88572,871.712,494.904,0.150699,839.412,497.929,0.879053,0,0,0,856.91,815.767,0.722535,856.835,812.728,0.714106,818.684,809.883,0.479188,839.386,815.859,0.698533,830.54,818.766,0.656527,809.915,812.758,0.809146,
874.624,503.651,0.90713,839.427,539.092,0.873157,821.67,533.344,0.846392,809.902,594.966,0.911058,806.898,642.094,0.868118,860.102,544.927,0.875492,859.908,597.824,0.575458,865.882,636.205,0.327716,836.365,645.086,0.913066,824.644,645.071,0.856846,824.592,721.607,0.837848,812.88,806.835,0.856506,853.935,645.109,0.857066,836.478,721.563,0.89485,827.577,798.176,0.816349,862.908,492.059,0.877905,874.561,497.855,0.147927,842.228,497.885,0.869175,0,0,0,856.913,815.804,0.728845,856.839,812.754,0.71798,818.68,809.93,0.483998,839.364,815.884,0.687782,830.518,818.785,0.646277,809.906,812.793,0.807929,
874.652,503.696,0.914909,839.418,539.099,0.874404,821.639,536.135,0.845013,809.909,594.975,0.912134,806.9,642.094,0.869787,860.098,542.105,0.876323,859.931,597.82,0.572488,868.788,636.2,0.323733,836.378,645.109,0.914989,824.648,645.091,0.859637,821.72,721.605,0.839618,812.867,804.053,0.85879,853.957,645.134,0.864093,836.506,721.584,0.890292,827.595,798.17,0.822367,862.955,494.926,0.868534,874.57,497.96,0.122152,842.282,497.856,0.860907,0,0,0,856.902,815.812,0.742772,856.835,812.757,0.732531,818.709,809.925,0.495635,839.316,815.883,0.69109,830.467,818.772,0.645632,809.905,812.781,0.810529,
874.675,503.689,0.91475,839.436,539.106,0.871004,821.681,536.129,0.84386,809.909,594.967,0.908666,806.874,642.1,0.866216,860.1,542.117,0.874516,859.929,597.839,0.56877,868.782,636.219,0.317018,836.371,645.114,0.917278,824.639,645.094,0.859984,821.696,721.602,0.841322,812.864,806.841,0.862076,853.945,645.141,0.863231,836.499,721.575,0.892735,827.592,801.01,0.821768,862.972,494.911,0.864393,871.751,500.738,0.111984,842.304,497.85,0.857681,0,0,0,856.904,815.817,0.743137,856.835,812.761,0.730909,818.728,809.944,0.501009,839.299,815.899,0.69,830.447,818.79,0.644692,809.905,812.801,0.81228,
874.681,503.694,0.916025,842.219,539.135,0.865428,821.716,536.127,0.841206,809.995,592.129,0.896098,806.86,642.003,0.856951,862.815,544.995,0.878858,859.956,597.82,0.657559,871.744,630.397,0.37222,836.434,645.094,0.906523,827.554,645.081,0.868849,821.682,721.557,0.843982,812.85,804.035,0.860427,853.996,645.12,0.864381,836.471,721.559,0.895551,827.581,798.179,0.819901,862.976,494.908,0.863983,871.714,500.766,0.104552,842.311,497.838,0.854298,0,0,0,856.887,815.803,0.745661,854.092,812.739,0.729992,818.706,809.949,0.498583,836.546,815.874,0.686838,830.406,818.777,0.639737,809.897,812.783,0.811673,
874.682,503.695,0.916599,839.447,539.133,0.865751,821.711,536.127,0.841435,809.992,592.126,0.895641,806.864,639.232,0.85624,862.813,544.99,0.879232,859.957,597.813,0.656297,871.75,630.383,0.370746,836.436,645.09,0.906429,827.556,645.078,0.869004,821.681,721.556,0.844024,812.85,804.032,0.860238,853.999,645.116,0.864591,836.469,721.558,0.895602,827.579,798.178,0.819781,862.977,494.912,0.86422,871.702,500.771,0.103028,842.313,497.85,0.855012,0,0,0,856.881,815.803,0.742745,854.086,812.738,0.727447,818.705,809.949,0.498143,836.541,815.875,0.688509,830.401,818.776,0.641177,809.897,812.782,0.811128,
874.682,503.695,0.916604,839.448,539.132,0.865809,821.711,536.127,0.841486,809.991,592.126,0.895707,806.864,639.232,0.856225,862.813,544.99,0.879311,859.957,597.813,0.656895,871.752,630.382,0.371382,836.436,645.09,0.906453,827.556,645.077,0.869171,821.68,721.556,0.844005,812.85,804.031,0.860036,853.999,645.116,0.86474,836.469,721.558,0.895627,827.58,798.179,0.819922,862.977,494.911,0.864067,871.706,500.771,0.103461,842.314,497.849,0.85489,0,0,0,856.877,815.802,0.741648,854.083,812.738,0.72646,818.708,809.95,0.498355,836.537,815.873,0.688782,827.604,818.764,0.641049,809.898,812.78,0.810464,
874.683,503.696,0.916829,839.448,539.134,0.865652,821.711,536.127,0.841442,809.991,592.125,0.895642,806.863,639.231,0.856113,862.814,544.993,0.879396,859.958,597.814,0.657139,871.752,630.379,0.371449,836.436,645.091,0.906436,827.556,645.078,0.869116,821.68,721.557,0.844006,812.85,804.029,0.860003,853.998,645.117,0.864473,836.466,721.558,0.895709,827.578,798.177,0.819703,862.978,494.911,0.864137,871.707,500.773,0.10307,842.312,497.848,0.854969,0,0,0,856.873,815.801,0.738799,854.078,812.736,0.723768,818.704,809.949,0.497474,836.537,815.873,0.690873,830.398,818.773,0.64327,809.898,812.78,0.810794,
874.682,503.697,0.917002,842.217,539.134,0.865626,821.713,536.131,0.841456,810,592.118,0.89584,806.871,642.004,0.858681,862.817,544.988,0.878959,859.98,597.812,0.670197,874.642,630.328,0.390698,836.439,645.08,0.905556,827.553,645.068,0.867426,821.682,721.55,0.844234,812.85,804.026,0.859573,854.012,645.105,0.866932,836.467,721.551,0.89568,827.576,798.177,0.819426,862.977,494.913,0.86465,871.702,500.773,0.10282,842.313,497.851,0.855412,0,0,0,856.869,815.801,0.737002,854.074,812.736,0.722346,818.701,809.948,0.496399,836.536,815.873,0.691711,827.603,818.762,0.643881,809.897,812.778,0.809857,
874.69,503.708,0.918368,842.219,539.133,0.8656,821.715,536.128,0.841483,810,592.117,0.895689,806.871,642.005,0.858604,862.819,544.991,0.878909,859.98,597.814,0.669133,874.643,630.329,0.390033,836.439,645.081,0.905633,827.552,645.069,0.867379,821.682,721.55,0.844231,812.85,804.026,0.859565,854.012,645.107,0.866931,836.467,721.551,0.895676,827.576,798.176,0.819429,862.989,494.919,0.862356,871.728,500.812,0.0993815,842.324,495.019,0.852086,0,0,0,856.869,815.801,0.736949,854.074,812.737,0.72229,818.701,809.948,0.496425,836.535,815.872,0.691708,827.603,818.762,0.64389,809.897,812.778,0.809883,
874.69,503.708,0.91837,842.218,539.133,0.865632,821.715,536.128,0.841512,810,592.117,0.895685,806.871,642.005,0.858588,862.819,544.991,0.878911,859.98,597.814,0.669116,874.643,630.329,0.39009,836.439,645.081,0.90565,827.552,645.068,0.867377,821.682,721.55,0.844187,812.849,804.027,0.859534,854.012,645.106,0.867016,836.468,721.552,0.895649,827.577,798.178,0.819522,862.989,494.919,0.862328,871.728,500.812,0.099441,842.324,495.019,0.85209,0,0,0,856.869,815.801,0.737712,854.074,812.737,0.722939,818.704,809.949,0.496896,836.534,815.872,0.690952,827.6,818.762,0.643037,809.897,812.778,0.80936,
874.69,503.708,0.918358,842.218,539.133,0.865646,821.715,536.128,0.841538,810,592.117,0.895689,806.871,642.004,0.858601,862.819,544.991,0.878919,859.981,597.814,0.669169,874.643,630.329,0.390121,836.439,645.081,0.905644,827.552,645.068,0.867379,821.682,721.55,0.844178,812.849,804.028,0.859648,854.013,645.106,0.867003,836.467,721.552,0.895636,827.578,798.179,0.819502,862.989,494.919,0.862335,871.728,500.812,0.0994479,842.324,495.019,0.852096,0,0,0,856.87,815.802,0.737765,854.075,812.737,0.723119,818.704,809.949,0.496869,836.534,815.873,0.691012,827.6,818.763,0.643125,809.896,812.779,0.809444,
874.692,503.713,0.919197,839.449,539.133,0.865646,821.711,536.128,0.841648,809.999,592.117,0.895706,806.871,642.004,0.858526,862.819,544.994,0.879048,859.981,597.815,0.669752,874.643,630.332,0.390077,836.439,645.081,0.905753,827.551,645.068,0.867328,821.682,721.55,0.844226,812.849,804.028,0.859698,854.013,645.106,0.867155,836.467,721.552,0.895641,827.578,798.178,0.819557,862.993,494.925,0.861839,871.736,500.82,0.0999745,842.329,497.831,0.851058,0,0,0,856.869,815.802,0.737834,854.075,812.737,0.723252,818.704,809.949,0.496882,836.534,815.873,0.691146,827.6,818.763,0.643182,809.896,812.779,0.80945,
874.685,503.685,0.916544,842.223,539.13,0.865264,824.552,533.347,0.842258,809.998,592.111,0.895484,806.866,642.008,0.859244,862.816,545.002,0.878933,859.973,597.818,0.65164,874.666,627.471,0.377589,836.437,645.082,0.905068,827.553,645.07,0.867548,821.681,721.553,0.844037,812.842,804.016,0.85885,854.004,645.109,0.864686,836.466,721.554,0.895052,827.574,798.164,0.819653,862.978,492.067,0.867039,871.742,500.734,0.108445,842.305,495.018,0.854595,0,0,0,856.872,815.807,0.739279,854.077,812.739,0.723285,818.695,809.943,0.497531,836.539,815.875,0.689571,830.403,818.768,0.642753,809.89,812.772,0.808739,
874.677,503.668,0.914269,842.226,539.129,0.864182,824.565,533.348,0.84183,810.002,592.114,0.89507,806.87,642.01,0.860167,860.107,544.986,0.877894,859.967,597.814,0.637491,874.658,627.454,0.366885,836.434,645.084,0.903909,827.556,645.074,0.866903,821.678,721.557,0.8414,812.846,804.016,0.858216,853.994,645.11,0.861827,836.462,721.562,0.892459,827.571,798.163,0.817973,862.961,492.052,0.871156,871.746,497.917,0.115869,842.279,497.848,0.859817,0,0,0,856.87,815.815,0.736076,854.076,812.743,0.720504,818.691,809.945,0.495129,836.545,815.884,0.691323,830.413,818.775,0.646093,809.894,812.776,0.808825,
874.669,503.643,0.911448,839.448,539.137,0.863475,824.566,536.123,0.839931,809.979,592.114,0.894481,806.871,639.238,0.857927,860.09,544.995,0.880189,859.954,597.816,0.619058,874.621,627.466,0.353591,836.432,645.091,0.904145,827.557,645.082,0.867367,821.666,721.562,0.842006,812.841,804.012,0.859101,853.987,645.114,0.860793,836.461,721.568,0.892685,827.563,798.149,0.819234,862.938,492.024,0.876715,874.572,495.026,0.134691,842.252,497.851,0.862738,0,0,0,856.873,815.832,0.742964,854.083,812.752,0.728,818.672,809.938,0.497443,839.281,818.701,0.688644,830.403,818.797,0.643623,809.887,812.773,0.811557,
874.648,503.641,0.908895,842.281,539.164,0.857115,827.485,536.17,0.840052,812.861,594.962,0.911968,812.793,642.153,0.931781,862.822,544.986,0.880706,862.989,595.078,0.569458,880.403,624.529,0.35737,839.391,645.137,0.869562,833.301,645.125,0.91256,824.591,721.538,0.842915,812.824,801.092,0.860105,856.938,645.152,0.893064,839.288,721.576,0.874116,830.381,795.227,0.832355,862.923,492.028,0.87954,874.558,495.007,0.135352,842.267,497.847,0.861293,0,0,0,854.1,815.825,0.783272,854.075,812.769,0.769378,815.871,809.835,0.509405,836.488,818.695,0.710532,827.5,818.777,0.662826,809.874,809.992,0.834003,
874.649,503.641,0.908625,842.283,539.167,0.856825,827.487,536.171,0.840106,812.866,594.965,0.910877,812.795,642.15,0.93057,862.824,544.99,0.880738,862.983,595.09,0.569982,880.401,627.374,0.358849,839.389,645.139,0.869426,833.3,645.127,0.911911,824.59,721.544,0.842854,812.824,801.093,0.8605,856.938,645.153,0.893097,839.29,721.578,0.874401,830.383,795.223,0.833328,862.925,492.03,0.879041,871.751,495.015,0.132485,842.267,497.849,0.861874,0,0,0,854.1,815.825,0.784007,854.075,812.769,0.769841,815.873,809.831,0.509539,836.489,818.696,0.710989,827.502,818.779,0.663169,809.873,809.992,0.834633,
874.647,503.64,0.908605,842.282,539.167,0.856939,827.487,536.171,0.840083,812.865,594.964,0.910806,812.794,642.149,0.930378,862.823,544.992,0.880898,862.98,595.09,0.572852,880.404,627.372,0.361131,839.389,645.137,0.869578,833.3,645.125,0.911784,824.59,721.543,0.842936,812.824,801.093,0.860475,856.939,645.15,0.893279,839.29,721.576,0.8745,830.384,795.223,0.833345,862.922,492.028,0.879684,874.555,495.005,0.135084,842.263,497.85,0.862219,0,0,0,854.1,815.825,0.784103,854.075,812.769,0.769958,815.873,809.831,0.509481,836.489,818.696,0.711034,827.501,818.778,0.66324,809.873,809.992,0.834583,
874.648,503.639,0.908448,842.283,539.167,0.856904,827.487,536.171,0.840106,812.865,594.965,0.911061,812.795,642.149,0.930398,862.824,544.991,0.880873,862.979,595.088,0.574221,880.409,624.565,0.363004,839.39,645.138,0.869403,833.3,645.126,0.911887,824.591,721.544,0.8429,812.824,801.094,0.860505,856.939,645.152,0.893233,839.29,721.577,0.874443,830.383,795.223,0.833352,862.923,492.028,0.879655,874.555,495.003,0.134969,842.263,497.851,0.862192,0,0,0,854.1,815.824,0.78415,854.075,812.768,0.769983,815.873,809.831,0.50954,836.488,818.696,0.71126,827.501,818.779,0.66348,809.873,809.992,0.834677,
874.647,503.64,0.908907,842.282,539.172,0.856762,827.486,536.177,0.839823,812.858,594.97,0.9118,812.795,642.172,0.93443,862.823,544.993,0.881145,862.969,595.088,0.566867,880.383,627.382,0.351289,839.382,645.139,0.87101,833.289,645.127,0.910152,824.586,721.547,0.842754,812.822,801.1,0.860904,856.936,645.152,0.893336,839.292,721.577,0.874564,830.385,795.224,0.833866,862.921,492.029,0.879973,874.557,495,0.13754,842.261,497.855,0.862864,0,0,0,854.1,815.826,0.785525,854.077,812.769,0.771652,815.876,809.83,0.509951,836.487,818.698,0.711223,827.498,818.781,0.663122,809.872,809.996,0.83462,
874.646,503.639,0.908647,842.281,539.169,0.857213,827.483,536.172,0.840175,812.859,594.968,0.911759,812.796,642.171,0.934333,862.826,544.994,0.881002,862.971,595.087,0.569602,880.386,627.38,0.35198,839.382,645.138,0.871031,833.288,645.126,0.910091,824.586,721.544,0.842911,812.824,801.094,0.86109,856.937,645.152,0.89361,839.292,721.576,0.874629,830.386,795.219,0.834449,862.92,492.029,0.880177,874.556,495.001,0.1376,842.26,497.855,0.86304,0,0,0,854.094,815.818,0.783563,854.072,812.764,0.769804,815.875,809.826,0.509014,836.487,818.693,0.713583,827.498,818.776,0.665624,809.874,809.991,0.83543,
