874.403,633.357,0.754579,850.865,665.607,0.822888,833.174,659.765,0.892233,832.985,698.155,0.883544,877.225,695.009,0.890562,862.62,668.481,0.832101,871.419,701.053,0.290941,889.029,695.116,0.295757,839.069,748.036,0.820275,830.226,745.222,0.832993,809.619,809.88,0.949399,789.193,880.533,0.885478,856.693,748.075,0.849518,850.86,812.872,0.86675,836.12,880.614,0.938329,862.711,624.626,0.780869,877.272,627.363,0.282115,853.726,627.391,0.816088,0,0,0,856.624,892.309,0.749079,856.749,886.408,0.78813,833.014,883.628,0.821975,806.66,898.239,0.794141,789.148,898.171,0.788809,789.151,883.558,0.789372
874.405,633.347,0.762316,853.666,665.612,0.835162,833.21,659.775,0.894679,833.093,698.153,0.908438,877.306,692.233,0.901464,862.644,668.49,0.835644,874.341,703.903,0.341404,892.021,695.078,0.335242,839.068,745.253,0.82351,830.244,745.213,0.839919,809.638,809.892,0.948509,789.182,880.53,0.884947,856.684,748.071,0.853184,853.632,812.908,0.863482,836.119,880.668,0.933607,862.711,624.624,0.787023,877.254,624.638,0.278225,853.737,627.401,0.815646,0,0,0,856.567,895.243,0.731039,856.697,886.509,0.76215,833.021,886.405,0.805504,806.657,901.035,0.805584,789.145,898.194,0.801922,789.14,883.551,0.788675
874.4,633.32,0.762146,853.656,665.563,0.826177,833.222,659.743,0.893669,833.138,698.113,0.931971,877.261,692.209,0.902325,862.623,668.447,0.831539,874.308,701.033,0.334133,889.14,695.053,0.336401,839.076,745.248,0.821248,832.987,745.206,0.844617,809.647,809.891,0.946881,789.188,880.513,0.879535,856.674,748.065,0.849228,850.848,812.915,0.85419,836.128,880.662,0.930284,862.707,624.608,0.785992,877.232,624.629,0.266294,853.75,627.383,0.816761,0,0,0,856.582,895.236,0.725406,856.714,886.489,0.757702,833.024,886.406,0.799737,806.681,901.02,0.800944,791.899,898.183,0.795154,789.135,883.54,0.788348
874.358,636.202,0.768151,853.647,665.59,0.844322,833.23,659.827,0.899384,835.982,701.028,0.925228,877.326,692.1,0.901407,862.595,665.723,0.849722,871.456,703.986,0.483747,892.007,692.218,0.548163,839.074,745.258,0.821559,833.003,745.232,0.846305,809.661,809.861,0.942544,789.193,880.502,0.876951,856.658,748.072,0.846153,850.836,812.91,0.853399,836.12,880.634,0.930182,862.709,627.374,0.790657,877.205,627.418,0.284224,853.742,627.422,0.812243,0,0,0,853.804,895.224,0.729409,856.713,886.467,0.770157,833.008,886.385,0.800494,806.69,898.24,0.800506,791.9,898.166,0.792801,789.132,883.532,0.788948
874.346,639.132,0.772276,850.866,665.611,0.843771,833.255,662.655,0.900955,836.02,701.026,0.924005,880.099,692.046,0.897348,862.545,668.454,0.856382,874.297,706.823,0.49403,892.056,692.237,0.562258,839.072,748.036,0.821936,833.017,745.234,0.850061,809.645,809.829,0.940839,789.192,880.498,0.876248,856.644,748.072,0.843664,850.816,812.878,0.856508,836.098,880.597,0.931934,862.717,627.46,0.782712,877.203,627.509,0.26551,853.775,627.481,0.816294,0,0,0,856.58,895.195,0.741825,856.724,886.43,0.786032,830.256,883.637,0.801376,806.708,898.225,0.798426,791.914,898.156,0.786656,789.118,883.535,0.793546
874.399,633.285,0.771675,850.865,662.769,0.832646,833.262,659.776,0.893614,839.044,703.897,0.870565,880.196,689.112,0.87416,859.802,665.67,0.851459,874.309,706.859,0.539824,889.031,692.099,0.526819,839.089,751.009,0.812324,833.025,748.164,0.837499,809.613,809.889,0.945071,789.191,880.484,0.875671,856.663,751.059,0.834807,850.869,812.95,0.854869,836.121,880.601,0.932206,862.719,624.589,0.785318,874.407,624.624,0.252096,853.768,627.36,0.822603,0,0,0,853.806,895.224,0.749001,856.74,886.46,0.794072,832.997,883.63,0.811623,806.676,898.225,0.806002,789.152,898.145,0.796985,789.134,883.514,0.791056
877.226,633.269,0.771142,853.687,662.723,0.843955,833.298,656.888,0.89539,839.032,701.022,0.87689,880.248,689.131,0.885246,862.577,665.648,0.849241,874.333,703.937,0.540121,889.072,692.025,0.504418,839.087,751.018,0.813907,833.021,748.15,0.838613,809.585,809.895,0.947583,789.194,880.483,0.87715,856.664,753.915,0.835104,850.822,812.971,0.851606,836.127,880.593,0.93432,865.525,624.57,0.776321,877.204,624.622,0.223801,853.817,624.606,0.834934,0,0,0,853.792,895.21,0.760327,856.736,886.458,0.804645,833.01,883.622,0.821125,806.655,898.21,0.798899,789.136,898.124,0.790384,789.152,883.513,0.788285
877.268,633.285,0.776139,853.686,662.697,0.840079,835.986,656.877,0.898187,839.025,701.052,0.875147,880.266,689.156,0.892085,862.552,665.622,0.847923,874.37,698.165,0.497779,891.994,689.243,0.45974,839.068,751.058,0.818121,833.016,751.006,0.842086,809.571,809.912,0.950158,789.197,880.474,0.876646,856.646,753.954,0.833866,850.836,812.981,0.852227,836.138,880.603,0.933509,865.578,624.572,0.776205,877.23,627.386,0.185093,856.575,624.607,0.8561,0,0,0,853.798,895.216,0.761271,856.738,886.46,0.804222,833.019,883.633,0.817371,806.661,898.196,0.793938,789.144,895.298,0.786452,789.157,883.501,0.791614
877.31,639.202,0.763225,853.656,662.756,0.832475,835.999,659.741,0.894394,842.022,698.181,0.844989,883.114,686.26,0.875788,859.8,665.67,0.854927,874.368,698.012,0.470625,900.769,689.122,0.453798,839.03,753.946,0.827008,832.983,751.072,0.837435,809.572,809.906,0.949546,789.198,880.48,0.876377,856.621,754.013,0.836997,850.849,812.987,0.84642,836.148,880.599,0.928737,868.502,627.507,0.714343,877.31,633.262,0.170293,856.653,627.453,0.839552,0,0,0,856.604,895.225,0.780298,856.786,886.456,0.821091,833.012,883.64,0.813554,806.665,898.201,0.784909,789.145,895.294,0.777794,789.149,883.515,0.791959
877.326,633.339,0.752381,853.68,662.762,0.844109,835.999,659.733,0.898136,842.036,700.988,0.847217,883.07,686.233,0.881032,862.546,665.697,0.851081,874.317,698.029,0.426311,894.956,689.15,0.386243,839.015,753.924,0.825154,830.263,751.053,0.836428,809.576,809.922,0.953544,789.194,880.486,0.876678,856.61,753.988,0.833007,850.871,812.967,0.853329,836.162,880.589,0.929118,868.466,624.61,0.727868,877.307,627.438,0.171774,856.605,624.627,0.851146,0,0,0,856.62,895.205,0.784794,856.808,886.436,0.821424,833.025,883.618,0.819561,806.68,898.205,0.784209,791.897,898.124,0.776003,789.135,883.52,0.795071
877.288,633.266,0.753332,850.858,665.571,0.837553,836.002,659.801,0.907717,842.001,701,0.845951,883.09,683.37,0.852097,859.75,668.448,0.871046,865.571,698.137,0.354824,900.796,686.225,0.324954,838.999,751.052,0.824049,830.266,751.018,0.835275,809.561,809.916,0.947489,789.184,880.485,0.87515,856.59,753.931,0.823138,850.866,812.96,0.856075,836.137,880.589,0.932507,865.598,624.545,0.749965,877.271,624.63,0.17689,856.551,624.603,0.853092,0,0,0,856.628,895.194,0.776048,856.795,886.434,0.815609,832.997,883.617,0.817111,806.68,898.201,0.781936,791.898,898.129,0.776249,789.115,883.521,0.793907
874.361,627.506,0.786698,853.708,662.74,0.838554,835.967,656.887,0.890739,844.945,695.262,0.859154,883.163,683.352,0.829585,862.639,665.686,0.847807,880.203,698.145,0.56525,903.774,683.3,0.46824,838.988,748.134,0.833811,830.223,748.084,0.835341,809.584,809.892,0.949996,789.184,880.483,0.876667,856.606,751.008,0.832004,850.853,812.928,0.861151,836.154,880.614,0.928685,862.674,624.413,0.829226,874.418,624.474,0.402816,853.67,624.514,0.845386,0,0,0,856.639,895.195,0.764562,856.804,886.447,0.800332,833.017,886.375,0.808142,806.709,898.189,0.783533,791.922,898.123,0.775139,789.101,883.518,0.796728
871.448,627.396,0.818717,853.753,662.696,0.845964,835.989,656.857,0.889269,844.963,695.216,0.865,883.221,683.376,0.831707,862.7,665.652,0.846384,880.287,698.131,0.591375,903.827,680.434,0.512839,838.999,748.122,0.829929,830.236,748.068,0.837086,809.599,809.887,0.951321,789.171,880.502,0.879363,856.612,750.999,0.82826,850.83,812.924,0.854156,836.151,880.621,0.922583,862.596,621.664,0.879672,874.377,624.443,0.535709,850.828,624.443,0.858097,0,0,0,856.661,895.205,0.757766,856.814,886.445,0.792546,833.014,886.384,0.794612,809.489,898.19,0.778989,791.949,898.139,0.766399,789.069,883.543,0.800089
874.405,627.412,0.820707,853.778,662.743,0.856764,836.029,656.895,0.891113,844.971,695.233,0.865489,883.295,683.353,0.830411,862.692,665.692,0.85788,880.281,700.978,0.597777,906.669,677.435,0.556185,839.012,748.116,0.827882,830.258,748.058,0.837762,809.612,809.893,0.950127,789.165,880.512,0.88029,856.615,750.997,0.828636,850.835,812.927,0.852218,836.157,880.624,0.922375,862.705,621.663,0.851997,877.239,624.418,0.448083,853.702,624.472,0.869343,0,0,0,856.681,895.198,0.759144,856.829,886.442,0.790131,833.021,886.387,0.795781,809.486,898.199,0.777512,791.946,898.149,0.765605,789.061,883.553,0.798174
877.215,627.448,0.820475,853.777,662.763,0.861311,836.03,659.726,0.890928,844.888,695.243,0.868784,883.313,686.204,0.82679,862.686,665.703,0.862742,880.307,700.985,0.620912,906.678,674.54,0.617715,839.023,748.081,0.829083,832.982,745.243,0.842705,809.615,809.896,0.949487,789.164,880.526,0.882858,856.619,748.145,0.831652,850.828,812.919,0.851283,836.153,880.618,0.923657,865.524,624.363,0.84733,877.253,624.441,0.385718,853.749,624.502,0.880185,0,0,0,856.683,892.363,0.765496,856.825,886.433,0.795179,833.02,886.379,0.796285,809.491,898.21,0.778489,791.947,898.164,0.766536,789.056,883.571,0.800651
877.227,627.443,0.819978,853.797,662.737,0.875934,836.048,656.886,0.88823,868.505,692.285,0.835653,903.861,671.562,0.835229,862.709,665.67,0.862655,889.07,701.055,0.725103,906.796,671.653,0.730287,836.281,748.114,0.836006,830.173,748.039,0.832874,809.617,809.908,0.950862,789.161,880.529,0.88562,856.635,751.017,0.834975,850.867,812.929,0.846158,836.143,880.614,0.922811,865.553,624.37,0.845248,877.24,624.439,0.313537,853.748,624.502,0.880437,0,0,0,856.712,892.346,0.769567,856.819,886.415,0.797897,833.004,883.64,0.787666,809.479,898.204,0.776328,791.936,898.16,0.767043,789.057,883.574,0.803089
877.249,627.508,0.81501,856.531,662.761,0.885975,836.091,656.902,0.888856,871.431,692.255,0.855614,903.809,671.571,0.829399,865.478,665.722,0.867643,886.212,701.063,0.738281,906.796,671.69,0.748195,836.268,748.104,0.839606,830.158,745.24,0.833468,809.622,809.903,0.951158,789.171,880.531,0.885052,856.623,751.014,0.83467,850.856,812.923,0.848612,836.128,880.597,0.924217,865.588,624.412,0.844079,877.205,624.482,0.271899,853.78,624.552,0.885776,0,0,0,856.733,892.323,0.777964,856.815,886.392,0.807338,832.987,883.618,0.790869,809.493,898.187,0.769374,791.951,898.149,0.758976,789.057,883.578,0.807617
877.222,627.491,0.819275,856.532,662.735,0.886659,836.101,659.754,0.887637,880.09,692.193,0.89827,906.784,671.501,0.865418,862.702,665.654,0.862095,892.054,700.967,0.701204,915.553,671.701,0.711125,836.274,748.127,0.843101,830.144,745.253,0.835999,809.625,809.903,0.954046,789.169,880.529,0.888085,856.636,751.039,0.841558,853.639,812.908,0.854592,836.127,880.573,0.930147,865.559,624.402,0.856219,877.211,624.498,0.289812,853.782,624.557,0.898005,0,0,0,856.713,892.31,0.795331,856.832,886.371,0.829653,832.983,883.583,0.802246,809.479,898.19,0.77491,791.945,898.15,0.762071,789.06,883.572,0.80966
877.251,627.493,0.818697,856.563,662.728,0.892725,836.128,659.759,0.887857,880.141,692.184,0.889449,906.798,671.535,0.812594,865.513,665.651,0.861881,897.903,701.031,0.76112,915.596,671.665,0.748889,836.268,748.124,0.841891,830.133,745.236,0.837887,809.626,809.897,0.955377,789.172,880.517,0.887492,856.633,751.056,0.83869,850.806,812.925,0.848123,836.098,880.584,0.937094,865.592,624.41,0.851689,877.244,624.502,0.281698,853.796,624.564,0.898862,0,0,0,856.681,892.312,0.793153,856.799,886.367,0.829382,830.243,883.596,0.804556,806.718,898.193,0.77904,791.938,898.139,0.764473,789.066,883.551,0.811611
877.257,627.498,0.819419,856.559,662.698,0.891081,836.13,659.757,0.888611,877.355,692.14,0.882483,906.802,671.555,0.805477,865.508,665.615,0.858324,897.881,701.042,0.761199,915.592,671.653,0.753468,836.274,748.12,0.839052,830.15,745.233,0.838918,809.639,809.893,0.954106,789.175,880.506,0.88264,856.633,751.048,0.838118,850.816,812.91,0.850622,836.097,880.568,0.934831,865.598,624.416,0.851708,877.252,624.485,0.301561,853.795,624.563,0.899838,0,0,0,856.65,892.282,0.787295,856.769,883.625,0.826925,830.247,883.581,0.803534,806.685,898.197,0.779533,791.913,898.13,0.768158,789.076,883.534,0.806914
877.271,630.312,0.817457,856.589,662.757,0.904629,836.148,659.795,0.890738,877.244,692.125,0.874524,906.766,671.587,0.793349,865.569,665.689,0.864075,897.953,701.048,0.78491,918.468,671.638,0.759873,838.996,748.137,0.833604,830.17,745.244,0.83838,809.654,809.894,0.951652,789.173,880.491,0.877606,856.652,751.062,0.838899,850.836,812.885,0.85395,836.096,880.543,0.93053,865.603,624.452,0.850402,877.248,624.487,0.319202,853.822,624.585,0.902691,0,0,0,856.621,889.426,0.78343,856.74,883.603,0.826035,830.252,883.556,0.800266,806.681,898.193,0.775946,791.911,898.128,0.768406,789.072,883.519,0.804622
880.093,636.198,0.80789,856.629,665.574,0.911456,836.184,659.778,0.886762,877.268,692.081,0.866452,906.77,671.486,0.799408,868.466,668.461,0.866893,900.774,698.137,0.811138,921.44,671.556,0.777006,839.01,748.161,0.831302,830.179,745.254,0.840141,809.716,809.94,0.937744,789.166,880.514,0.877756,856.666,753.925,0.841068,850.758,812.922,0.835853,836.1,880.573,0.931266,871.399,627.352,0.806882,880.125,627.407,0.270084,856.652,627.401,0.895802,0,0,0,856.612,889.425,0.746069,856.722,883.594,0.783671,830.254,883.583,0.781216,809.574,898.113,0.759382,792.053,895.286,0.738754,789.023,883.565,0.811417
877.341,630.416,0.793623,856.748,665.581,0.910827,836.242,656.817,0.867208,883.082,683.289,0.810648,927.259,668.497,0.741957,874.316,668.583,0.872334,903.814,698.149,0.84902,930.226,671.467,0.817879,839.094,753.981,0.823334,830.215,751.006,0.838236,809.742,812.953,0.923299,789.159,880.63,0.891509,856.745,756.911,0.855086,850.851,815.837,0.820516,836.108,880.637,0.92395,868.482,624.544,0.810846,880.112,624.62,0.401616,856.6,627.359,0.862038,0,0,0,856.689,892.335,0.73468,856.778,886.362,0.772989,830.232,883.595,0.763486,809.577,898.226,0.764241,792.027,898.208,0.737778,788.997,886.384,0.822841
871.39,630.325,0.787027,856.751,662.693,0.892709,838.99,653.938,0.866878,883.193,674.557,0.822839,930.291,665.619,0.790087,871.438,668.459,0.860597,903.9,695.102,0.813157,933.255,668.695,0.75806,841.935,753.935,0.801542,833.033,748.15,0.848514,812.645,812.9,0.901786,791.935,880.544,0.86907,856.777,756.857,0.846021,853.654,815.757,0.819517,836.113,880.578,0.912143,862.596,624.494,0.868105,874.372,624.575,0.617975,853.772,624.62,0.870546,0,0,0,856.719,892.301,0.730851,856.765,883.609,0.763649,830.243,883.545,0.741628,809.682,898.169,0.736457,794.958,898.14,0.709681,788.999,883.594,0.825935
871.365,630.382,0.797932,856.759,662.704,0.899686,839.012,653.964,0.86465,883.307,674.63,0.825225,930.287,665.634,0.819573,871.432,668.455,0.859283,903.926,695.116,0.843479,933.18,668.714,0.792393,841.947,753.973,0.806342,833.035,751.002,0.850558,812.662,812.955,0.897525,791.975,880.518,0.872671,856.786,756.894,0.857329,853.662,815.796,0.822703,836.081,880.531,0.897863,862.566,624.537,0.88184,874.34,624.609,0.629262,853.765,627.366,0.875798,0,0,0,856.688,889.426,0.738742,856.72,883.58,0.765083,830.201,883.483,0.728016,809.699,895.213,0.736675,797.823,895.226,0.715094,789.02,883.561,0.843834
877.24,636.27,0.794887,856.736,665.68,0.913013,839.065,659.774,0.853298,883.309,674.522,0.812761,930.339,665.667,0.729606,868.505,668.62,0.855942,906.722,695.188,0.883041,939.09,668.665,0.800591,839.151,751.084,0.814774,832.992,748.112,0.849143,818.4,812.738,0.8806,792.013,877.601,0.83301,856.775,756.846,0.858197,856.614,812.92,0.871245,836.19,880.493,0.89539,865.587,627.451,0.811192,877.209,627.471,0.334062,856.596,630.334,0.867074,0,0,0,856.724,892.309,0.732872,859.53,886.366,0.754155,832.995,883.47,0.781833,809.581,892.301,0.73748,794.869,892.259,0.718836,789.071,883.376,0.796664
871.427,636.228,0.805227,856.742,665.69,0.914536,839.148,659.826,0.841761,886.182,674.53,0.79335,930.325,665.668,0.715988,868.472,668.603,0.850614,906.692,695.125,0.880232,936.227,668.642,0.789636,839.163,751.044,0.808212,833.014,748.093,0.845001,821.409,810.003,0.857808,792.059,877.545,0.821706,856.773,753.972,0.854435,856.627,812.875,0.862336,836.2,880.466,0.879217,862.581,627.395,0.87353,877.221,627.46,0.704518,853.766,630.322,0.849361,0,0,0,856.736,895.193,0.718868,859.555,886.415,0.742853,833.009,883.455,0.770893,809.611,889.399,0.728452,794.872,889.339,0.711775,789.098,880.608,0.805172
868.516,636.23,0.81088,856.77,665.691,0.912584,842.008,662.672,0.836406,889.09,677.45,0.765537,930.404,665.672,0.753279,868.487,668.59,0.848027,906.715,695.228,0.865042,939.08,668.652,0.773774,841.97,753.929,0.796963,833.067,748.162,0.840302,821.422,812.744,0.854231,794.869,877.538,0.815249,856.786,754.019,0.851465,856.626,812.907,0.856633,836.172,880.429,0.875995,859.817,627.383,0.888108,877.22,627.469,0.788381,853.743,630.311,0.84646,880.131,627.44,0.0814233,856.727,892.331,0.73224,859.529,886.376,0.761117,832.995,883.412,0.762369,809.672,889.357,0.709468,794.94,886.52,0.692444,789.115,880.611,0.812365
868.434,639.219,0.837366,859.544,668.545,0.943051,842.048,665.549,0.846846,894.954,677.474,0.783407,930.402,665.627,0.790808,874.397,671.449,0.868674,906.802,698.085,0.875999,933.286,668.669,0.784825,844.969,756.876,0.806135,833.187,751.067,0.856092,830.115,812.724,0.848611,794.968,877.504,0.811585,859.576,759.756,0.869164,859.567,812.854,0.896587,836.24,880.393,0.883537,859.787,627.517,0.888983,877.254,630.418,0.843736,853.8,633.243,0.827957,880.319,639.195,0.23823,856.719,895.231,0.756697,856.831,886.451,0.780075,833.06,883.375,0.800832,809.652,889.344,0.726844,794.935,886.483,0.71533,791.971,880.558,0.805913
874.385,645.161,0.869227,859.56,668.723,0.954178,844.894,668.516,0.874601,900.779,680.435,0.794937,933.309,665.651,0.774667,874.39,671.615,0.84738,906.823,695.223,0.868268,933.324,668.582,0.775619,842.006,759.812,0.848282,833.144,756.893,0.882395,833.061,812.787,0.9161,794.874,880.366,0.841362,856.764,762.634,0.905159,859.681,812.926,0.902516,836.265,880.486,0.911101,865.495,642.115,0.834432,880.104,642.155,0.776006,856.65,642.166,0.863403,883.1,644.952,0.068505,859.562,895.266,0.785248,859.578,886.49,0.787116,833.047,883.462,0.822427,812.568,892.283,0.740994,800.828,889.431,0.724059,789.076,883.368,0.869328
874.396,645.182,0.872741,859.521,668.698,0.954518,842.059,668.489,0.871847,900.803,680.421,0.798494,933.308,665.636,0.777793,874.309,671.581,0.846794,906.797,695.18,0.868019,933.305,668.582,0.772214,842.017,759.841,0.851032,833.172,756.929,0.890073,833.077,812.757,0.922887,794.925,877.597,0.831707,856.757,762.659,0.904389,859.681,812.924,0.901625,839.015,880.477,0.90502,865.513,642.131,0.835038,880.101,642.18,0.761822,856.664,642.157,0.861219,880.238,644.957,0.0512548,859.577,895.232,0.77314,859.591,886.481,0.778507,833.095,883.453,0.833942,812.579,892.258,0.737338,800.822,889.409,0.724105,789.117,880.633,0.855134
874.378,645.183,0.87681,859.52,668.696,0.953655,842.068,668.489,0.871048,900.799,680.411,0.800036,933.321,665.639,0.777831,874.308,671.573,0.849098,906.796,695.174,0.868521,933.315,668.577,0.770283,842.013,759.824,0.84544,833.175,756.904,0.88674,833.074,812.756,0.920683,794.889,877.642,0.839319,856.753,762.651,0.900992,859.673,812.926,0.900964,839.005,880.486,0.903134,865.496,642.135,0.840294,880.097,642.179,0.77927,856.661,642.165,0.862481,880.269,644.95,0.0590572,859.583,895.228,0.769607,859.589,886.479,0.774303,833.079,883.454,0.825725,812.597,892.278,0.735838,803.677,892.255,0.721157,789.075,883.365,0.861759
874.362,645.183,0.881119,859.536,668.705,0.952401,844.901,668.499,0.871657,900.826,680.421,0.802274,933.329,665.635,0.774879,874.328,671.589,0.847606,906.803,695.174,0.867188,933.33,668.575,0.771164,842.037,759.897,0.85064,833.193,759.753,0.896918,833.047,812.806,0.91041,794.87,880.39,0.846406,856.764,762.71,0.907894,859.663,812.975,0.894892,839.004,880.487,0.901661,862.715,642.134,0.845757,880.091,642.174,0.79338,856.655,642.172,0.862557,880.29,644.919,0.0674217,859.571,895.213,0.765395,859.584,886.466,0.774063,833.076,883.439,0.817527,812.603,892.295,0.73925,803.695,892.277,0.724223,789.067,883.391,0.862022
874.364,645.19,0.880654,859.535,668.708,0.951989,844.902,668.503,0.871651,900.824,680.421,0.801177,933.326,665.634,0.774731,874.324,671.592,0.846716,906.803,695.167,0.866843,933.332,668.574,0.770478,842.033,759.898,0.851272,833.193,759.755,0.897364,833.052,812.802,0.911707,794.871,880.387,0.845817,856.759,762.71,0.907991,859.664,812.976,0.894261,839.002,880.485,0.901396,862.717,642.142,0.845735,880.092,642.182,0.791447,856.658,642.178,0.862117,880.289,644.926,0.0662509,859.573,895.211,0.764582,859.584,886.464,0.773872,833.074,883.438,0.816788,812.604,892.295,0.739311,803.695,892.276,0.724063,789.067,883.389,0.86242
874.364,645.194,0.88143,859.535,668.709,0.951858,844.905,668.505,0.871567,900.826,680.425,0.80045,933.324,665.629,0.774564,874.322,671.592,0.84652,906.803,695.161,0.865731,933.331,668.574,0.769869,842.028,759.899,0.851847,833.19,759.756,0.89785,833.051,812.806,0.911179,794.873,880.387,0.84551,856.755,762.71,0.907826,859.665,812.972,0.894764,839.001,880.484,0.901416,862.717,642.146,0.846653,880.092,642.185,0.793151,856.66,642.182,0.862351,880.3,644.925,0.0674658,859.573,895.211,0.76392,859.583,886.464,0.773082,833.072,883.436,0.81591,812.606,892.294,0.739805,803.698,892.275,0.724677,789.067,883.389,0.862122
874.369,645.194,0.882193,859.535,668.711,0.951652,844.907,668.505,0.871366,900.822,680.424,0.799723,933.322,665.624,0.774661,874.32,671.594,0.845917,906.803,695.163,0.865822,933.329,668.576,0.770399,842.026,759.9,0.852226,833.189,759.759,0.898449,833.05,812.809,0.910729,794.873,880.388,0.845432,856.754,762.71,0.907986,859.666,812.974,0.894204,839,880.485,0.901471,865.484,642.148,0.846764,880.095,642.183,0.79466,856.66,642.184,0.862773,880.308,644.923,0.0670659,859.573,895.213,0.763441,859.581,886.465,0.772305,833.072,883.436,0.815332,812.606,892.295,0.740359,803.699,892.276,0.725194,789.067,883.389,0.861817
874.369,645.193,0.88246,859.534,668.711,0.951471,844.907,668.506,0.871321,900.822,680.424,0.799642,933.32,665.622,0.775147,874.316,671.594,0.845477,906.805,695.165,0.864924,933.327,668.579,0.770642,842.025,759.904,0.852668,833.189,759.764,0.899683,833.046,812.819,0.909089,794.876,880.392,0.845914,856.753,762.712,0.90861,859.662,812.978,0.893264,839,880.486,0.901316,865.484,642.147,0.846776,880.096,642.182,0.795208,856.659,642.183,0.863061,880.312,644.922,0.0674156,859.571,895.214,0.763027,859.58,886.466,0.771347,833.071,883.436,0.814092,812.609,892.296,0.740897,803.703,892.278,0.726206,789.068,883.393,0.861831
868.529,662.674,0.84737,859.689,689.199,0.906039,853.659,686.21,0.85131,900.79,703.89,0.804272,915.577,668.66,0.794813,874.387,692.103,0.84735,906.866,715.762,0.760771,924.436,674.465,0.75556,839.133,768.638,0.88009,833.078,765.792,0.940582,839.056,824.593,0.831931,797.869,880.38,0.848072,856.664,768.754,0.897338,874.397,824.655,0.842992,839.02,880.402,0.899422,859.788,651.058,0.892666,877.192,653.895,0.836261,856.616,659.798,0.810792,883.066,665.559,0.233187,856.788,895.269,0.791709,856.835,889.331,0.787316,833.119,880.533,0.838475,812.697,895.281,0.763573,806.593,892.326,0.761379,789.142,880.588,0.888158
871.364,662.684,0.846714,859.695,689.203,0.905309,853.667,686.22,0.853753,897.949,701.02,0.805544,915.518,668.643,0.795719,874.392,692.109,0.846823,906.86,715.756,0.761652,924.434,674.46,0.756624,839.131,768.636,0.880612,833.072,765.787,0.940865,839.03,824.601,0.835361,797.849,880.401,0.850134,856.662,768.753,0.896243,874.394,824.63,0.841782,838.996,880.43,0.904364,859.794,651.062,0.888031,877.203,653.901,0.83592,856.624,659.814,0.810035,883.066,665.569,0.226664,859.547,895.261,0.799743,859.526,889.312,0.785777,833.086,880.57,0.836179,815.511,895.289,0.75014,806.649,892.338,0.759103,789.116,880.615,0.894233
874.289,662.768,0.857888,859.648,689.209,0.91212,850.851,686.199,0.846053,897.944,700.974,0.804282,915.581,668.657,0.792865,874.302,692.129,0.846475,906.815,715.707,0.734349,924.4,671.659,0.749406,839.119,768.639,0.884815,833.053,765.783,0.939326,839.112,821.709,0.833562,797.887,880.378,0.84172,856.648,768.768,0.893386,877.18,824.605,0.843189,836.268,880.463,0.911434,862.596,653.896,0.868242,877.263,656.838,0.784486,856.671,662.671,0.831288,880.378,665.676,0.129336,859.555,895.289,0.806379,859.539,889.335,0.792973,833.083,880.614,0.83023,815.575,895.281,0.736263,806.667,892.306,0.759215,789.12,880.616,0.895812
877.25,668.504,0.875112,859.586,692.087,0.929398,850.802,689.131,0.859466,889.158,698.088,0.804821,906.806,668.564,0.850777,868.479,694.989,0.830173,906.746,715.761,0.777532,921.478,674.563,0.742185,839.166,771.685,0.841893,833.123,768.736,0.9059,844.885,827.476,0.820071,800.732,877.609,0.847533,856.684,777.482,0.873562,877.185,830.465,0.859776,838.994,880.364,0.901534,868.489,662.657,0.796148,880.103,665.561,0.575531,859.518,662.733,0.846078,0,0,0,859.539,892.314,0.817469,856.822,886.388,0.82092,833.113,880.473,0.833834,815.509,895.191,0.739027,806.638,892.247,0.758396,789.121,880.536,0.878323
877.255,668.507,0.876092,859.583,692.086,0.929106,850.8,689.131,0.858884,889.154,698.089,0.805094,906.804,668.564,0.851147,868.474,694.988,0.829895,906.743,715.757,0.77644,921.474,674.559,0.742675,839.165,771.685,0.842161,833.123,768.736,0.905817,844.885,827.477,0.820093,800.73,877.609,0.847341,856.684,777.483,0.873622,877.185,830.466,0.859543,838.993,880.365,0.902311,868.497,662.66,0.795936,880.108,665.566,0.568781,859.519,662.731,0.847104,0,0,0,859.54,892.314,0.817708,856.821,886.388,0.821348,833.113,880.472,0.832506,815.506,895.19,0.739703,806.638,892.249,0.758688,789.12,880.536,0.87813
877.253,668.506,0.875961,859.583,692.087,0.929664,850.8,689.13,0.858671,889.156,698.092,0.805309,906.807,668.564,0.851813,868.476,694.991,0.830039,906.751,715.761,0.778573,921.476,674.562,0.743428,839.165,771.685,0.842337,833.124,768.735,0.90571,844.884,827.476,0.819912,800.73,877.609,0.847036,856.684,777.486,0.873862,877.185,830.467,0.859242,838.991,880.366,0.903126,868.495,662.658,0.795906,880.107,665.567,0.569699,859.513,662.732,0.846974,0,0,0,859.539,892.314,0.817788,856.818,886.388,0.821813,833.113,880.471,0.830948,815.5,895.189,0.740797,806.638,892.25,0.759213,789.121,880.535,0.878179
877.248,668.507,0.875615,859.582,692.09,0.930969,850.799,689.13,0.858393,889.157,698.09,0.806398,906.808,668.561,0.85271,868.481,694.996,0.830487,906.764,715.767,0.783756,921.476,674.564,0.746846,839.164,771.687,0.842404,833.123,768.734,0.905456,844.883,827.477,0.819884,800.729,877.609,0.846751,856.683,777.488,0.873852,877.185,830.467,0.859113,838.991,880.366,0.903389,868.484,662.659,0.796289,880.103,665.571,0.576165,859.508,662.735,0.845633,0,0,0,859.539,892.314,0.817722,856.817,886.388,0.821849,833.112,880.471,0.830568,815.498,895.189,0.741234,806.638,892.25,0.759408,789.12,880.535,0.878082
877.245,668.505,0.875374,859.583,692.092,0.932201,850.798,689.128,0.858187,889.16,698.092,0.806774,906.809,668.56,0.852762,868.489,695,0.831009,906.78,715.774,0.788193,921.477,674.566,0.749928,839.163,771.686,0.842465,833.122,768.733,0.905343,844.883,827.476,0.8198,800.729,877.61,0.846441,856.683,777.49,0.873848,877.185,830.468,0.858964,838.99,880.366,0.90378,868.476,662.655,0.796408,880.102,665.57,0.583812,856.84,662.735,0.84516,0,0,0,859.538,892.315,0.817678,856.815,886.388,0.822079,833.113,880.47,0.829672,815.494,895.187,0.741906,806.638,892.25,0.75968,789.12,880.534,0.878028
877.242,668.482,0.872207,859.58,692.086,0.932126,850.795,689.115,0.856424,889.16,698.095,0.806974,906.794,668.58,0.853206,868.482,694.997,0.830752,906.766,715.767,0.783737,921.453,674.569,0.751612,839.138,771.682,0.849218,833.099,768.74,0.904542,842.055,827.491,0.821285,800.742,877.609,0.848813,856.657,777.476,0.871836,877.186,830.44,0.858538,839.008,877.642,0.898971,868.458,659.804,0.797823,880.099,662.767,0.592796,856.834,662.708,0.844145,0,0,0,859.539,892.318,0.813604,856.827,886.387,0.817564,833.119,880.454,0.842923,815.533,895.199,0.741143,806.654,892.253,0.760952,789.125,880.529,0.881849
877.235,668.466,0.867351,859.581,692.077,0.930407,850.8,689.104,0.854747,889.163,698.097,0.808004,906.782,668.591,0.856096,868.475,694.996,0.830023,906.759,715.765,0.779213,921.418,674.568,0.754096,839.138,771.689,0.849058,833.086,768.759,0.899124,842.057,827.49,0.821486,797.885,877.615,0.849265,856.654,777.464,0.869817,877.202,830.404,0.859405,839.036,877.62,0.892018,868.441,659.78,0.797138,880.096,662.753,0.603322,856.833,662.699,0.84088,0,0,0,859.557,892.302,0.814305,859.531,886.39,0.81897,833.145,880.442,0.860065,815.519,895.222,0.746005,806.619,892.26,0.756571,789.098,880.524,0.893465
874.313,665.626,0.843488,859.724,692.04,0.93131,853.68,686.223,0.852442,897.892,698.102,0.78791,906.799,668.546,0.830433,877.241,692.263,0.872287,915.554,715.749,0.792628,918.463,671.568,0.784327,847.847,771.659,0.833784,833.253,768.735,0.916429,850.753,824.662,0.834025,797.874,877.556,0.851769,859.592,774.589,0.897967,877.293,827.521,0.856376,839.092,877.647,0.907252,862.701,656.835,0.819222,877.292,659.75,0.735265,856.739,662.772,0.800514,880.376,665.63,0.157691,859.546,892.263,0.818209,859.555,886.381,0.81208,833.188,880.426,0.893924,815.453,895.221,0.770268,806.6,892.282,0.762758,789.103,880.448,0.906903
871.412,665.623,0.845015,859.687,692.056,0.936482,853.678,686.273,0.854679,897.914,698.075,0.783534,906.808,668.529,0.827351,874.385,692.271,0.87046,915.58,715.717,0.774467,918.487,671.55,0.775143,847.857,771.673,0.832701,833.284,768.77,0.906986,847.901,827.489,0.830451,797.833,877.594,0.857995,859.573,774.57,0.901124,877.303,824.64,0.857305,839.084,880.354,0.912666,862.624,656.853,0.834898,877.23,659.748,0.760889,856.695,665.568,0.792841,880.329,665.662,0.187703,859.558,889.431,0.823637,859.553,886.381,0.814143,833.184,880.439,0.907982,812.681,895.281,0.785313,806.584,892.334,0.766423,789.082,880.474,0.913473
871.394,665.605,0.844537,859.673,692.044,0.933887,853.672,686.275,0.854292,900.776,698.154,0.784508,906.827,668.542,0.821064,874.361,692.244,0.870853,912.662,715.691,0.764157,918.464,671.55,0.765427,847.853,771.661,0.831845,833.278,768.765,0.904697,847.907,827.483,0.830988,797.826,877.618,0.859209,859.572,774.558,0.900305,877.296,824.656,0.855588,839.095,880.367,0.915218,862.61,656.821,0.840036,877.225,656.897,0.771517,856.669,665.545,0.782881,880.338,665.638,0.199627,859.585,889.424,0.83779,859.578,886.378,0.824707,833.196,880.457,0.917497,812.685,895.282,0.777276,806.583,892.337,0.762606,789.066,880.505,0.925079
877.29,648.023,0.847895,859.677,671.636,0.938383,853.674,668.691,0.901629,886.135,671.631,0.791591,906.72,645.183,0.78655,877.234,677.438,0.818952,921.374,695.107,0.837167,918.561,656.87,0.770034,853.817,762.903,0.944259,838.998,762.819,0.9178,838.995,815.85,0.872977,797.894,877.585,0.851258,862.535,765.645,0.915632,877.248,815.842,0.883893,839.117,877.508,0.872345,871.384,645.089,0.825109,877.36,645.131,0.460174,856.833,645.163,0.856943,0,0,0,859.632,898.11,0.824372,859.648,889.329,0.802215,833.194,880.374,0.869659,815.599,895.231,0.785726,806.686,892.351,0.790761,789.114,880.531,0.929147
877.286,648.021,0.848176,859.681,671.646,0.936237,853.681,668.698,0.903087,886.126,671.612,0.794683,906.731,645.174,0.784331,877.239,677.449,0.818639,921.376,695.111,0.836894,918.561,656.864,0.769814,853.816,762.906,0.943756,838.999,762.82,0.916903,838.997,815.856,0.872414,797.862,877.614,0.855239,862.535,765.649,0.915003,877.257,815.844,0.883194,839.117,877.502,0.870293,871.381,645.086,0.824157,877.359,645.128,0.463179,856.828,645.165,0.855065,0,0,0,859.627,895.295,0.824816,859.649,889.324,0.802063,833.188,880.368,0.871325,815.562,895.259,0.791862,806.683,895.209,0.791807,789.096,880.55,0.932841
877.291,648.029,0.851211,859.686,671.659,0.935212,853.685,668.705,0.904795,886.127,671.6,0.796547,906.741,645.169,0.787963,877.245,677.473,0.817418,921.396,695.118,0.841191,918.56,656.864,0.771028,853.814,762.908,0.942949,839,762.82,0.916961,838.995,815.859,0.872618,797.849,877.627,0.85764,859.812,765.65,0.914372,877.251,815.838,0.881753,839.123,877.501,0.868714,871.387,645.09,0.826434,880.08,645.138,0.470053,856.827,645.172,0.854739,0,0,0,859.633,895.272,0.823519,859.642,886.524,0.802654,833.188,877.646,0.872856,815.539,895.282,0.794606,806.669,895.232,0.791503,789.09,880.553,0.935146
877.296,648.031,0.850467,859.685,671.659,0.935301,853.686,668.703,0.904482,886.12,671.592,0.795813,906.742,645.17,0.785899,877.244,677.475,0.817489,921.393,695.118,0.841035,921.372,656.852,0.771235,853.812,762.906,0.942818,839.001,762.818,0.916965,838.994,815.858,0.872608,797.848,877.628,0.857699,859.809,765.648,0.914792,877.251,815.836,0.881826,839.123,877.501,0.868558,871.395,645.091,0.826177,880.082,645.138,0.461932,856.831,645.171,0.854322,0,0,0,859.635,895.27,0.823157,859.642,886.522,0.802291,833.188,877.646,0.872575,815.539,895.283,0.794902,806.67,895.234,0.792087,789.09,880.553,0.935628
877.296,648.03,0.850593,859.687,671.659,0.935549,853.686,668.703,0.904618,886.117,671.589,0.797145,906.742,645.168,0.786215,877.247,677.474,0.818145,921.396,695.118,0.842508,921.375,656.852,0.772057,853.813,762.903,0.943084,839.002,762.815,0.91671,838.996,815.852,0.872854,797.846,877.629,0.858171,859.81,765.645,0.914744,877.25,815.835,0.882104,839.12,877.5,0.868798,871.396,645.091,0.826247,880.083,645.138,0.462121,856.832,645.171,0.854049,0,0,0,859.634,895.271,0.82354,859.642,886.523,0.802552,833.186,877.644,0.872008,815.541,895.281,0.793671,806.672,895.232,0.791409,789.089,880.554,0.936741
877.297,648.031,0.85042,859.687,671.657,0.935756,853.686,668.702,0.904315,886.117,671.589,0.796797,906.744,645.168,0.785398,877.247,677.471,0.818366,921.394,695.12,0.842839,921.375,656.852,0.772142,853.813,762.901,0.942901,839.003,762.814,0.916507,838.996,815.851,0.872904,797.845,877.63,0.858129,859.809,765.644,0.914629,877.25,815.834,0.882163,839.12,877.5,0.868712,871.398,645.091,0.826111,880.083,645.138,0.460022,856.832,645.169,0.853702,0,0,0,859.635,895.269,0.823387,859.641,886.523,0.802289,833.186,877.644,0.871912,815.541,895.281,0.793573,806.672,895.233,0.791298,789.088,880.555,0.937009
877.298,648.029,0.850472,859.686,671.656,0.936321,853.684,668.702,0.903815,886.116,671.592,0.796648,906.742,645.168,0.785318,877.248,677.469,0.818619,921.395,695.119,0.843415,921.375,656.849,0.772535,853.814,762.901,0.94296,839.003,762.812,0.916553,838.999,815.846,0.872985,797.842,877.631,0.858389,859.81,765.643,0.914599,877.25,815.832,0.882258,839.118,877.5,0.868722,871.398,645.09,0.825773,880.083,645.137,0.459552,856.832,645.168,0.853498,0,0,0,859.636,895.268,0.823139,859.64,886.522,0.801969,833.184,877.644,0.871362,815.54,895.281,0.79279,806.673,895.232,0.790318,789.087,880.555,0.937883
877.295,648.024,0.850563,859.683,671.645,0.937718,853.68,668.696,0.903313,886.117,671.609,0.795757,906.744,645.173,0.784903,877.244,677.454,0.819486,921.394,695.115,0.844044,918.56,656.858,0.77175,853.814,762.899,0.942975,839.002,762.81,0.91631,838.994,815.845,0.872847,797.844,877.629,0.858156,859.81,765.64,0.914416,877.25,815.835,0.882037,839.12,877.501,0.869073,871.397,645.085,0.825781,880.08,645.134,0.459647,856.833,645.16,0.854039,0,0,0,859.641,895.273,0.823038,859.654,889.307,0.800959,833.185,877.645,0.872104,815.549,895.269,0.791563,806.676,895.222,0.789778,789.087,880.553,0.937935
877.298,648.022,0.850503,859.676,671.638,0.939294,853.674,668.693,0.902887,886.119,671.628,0.793137,906.743,645.182,0.784532,877.235,677.443,0.819255,921.391,695.109,0.843894,918.551,656.857,0.771153,853.809,762.891,0.942567,838.997,762.803,0.916286,838.994,815.841,0.873358,797.839,877.63,0.858574,859.805,765.632,0.915302,877.247,815.835,0.882289,839.119,877.503,0.86959,871.402,645.084,0.826166,880.082,645.134,0.453489,856.833,645.154,0.855737,0,0,0,859.641,895.273,0.822598,859.655,889.309,0.800865,833.188,880.365,0.872989,815.549,895.266,0.792027,806.676,895.219,0.790019,789.083,880.554,0.938751
877.306,648.028,0.848776,859.682,671.647,0.937855,853.678,668.703,0.903481,886.117,671.628,0.795273,906.746,645.182,0.786667,877.245,677.452,0.820149,921.388,695.104,0.843749,918.542,656.846,0.771522,853.809,762.89,0.9431,838.996,762.801,0.916361,838.996,815.84,0.874302,797.85,877.641,0.859366,859.807,765.633,0.915929,877.247,815.838,0.882019,839.119,877.507,0.870881,871.415,645.087,0.824884,880.087,645.137,0.445571,859.512,645.158,0.855301,0,0,0,859.644,895.268,0.823204,859.655,889.306,0.801544,833.187,880.37,0.874894,815.529,895.264,0.790331,806.667,895.217,0.786751,789.098,880.568,0.933132
871.445,621.635,0.766093,859.773,645.092,0.909015,847.851,645.016,0.82829,856.803,651.048,0.743395,880.149,627.379,0.693076,880.282,645.157,0.8742,900.884,642.039,0.604427,897.908,621.494,0.501897,859.558,736.362,0.912261,844.978,736.289,0.844362,827.269,792.292,0.836863,806.684,860.03,0.88918,874.381,739.18,0.842011,862.699,798.117,0.839409,853.791,859.981,0.91708,862.585,621.354,0.800234,877.236,618.643,0.694373,856.595,621.449,0.724842,880.209,618.626,0.162523,859.552,883.557,0.879403,865.546,880.609,0.856742,842.026,862.85,0.762463,812.516,886.419,0.863486,797.887,883.508,0.819566,806.584,865.85,0.723873
871.385,615.621,0.822287,862.551,644.932,0.895301,847.833,642.142,0.834567,883.296,624.47,0.770058,930.355,597.973,0.63914,880.355,644.988,0.900415,909.751,618.533,0.679367,945.015,592.04,0.642468,859.628,733.303,0.87185,847.895,730.401,0.822055,830.215,786.39,0.892085,809.65,853.978,0.81832,877.241,733.405,0.815722,865.5,789.418,0.879787,856.732,856.964,0.923259,859.802,606.836,0.885955,877.256,603.989,0.827422,853.774,615.673,0.792741,883.073,612.689,0.170128,859.635,877.628,0.806008,868.461,874.623,0.750315,850.796,859.907,0.756725,812.566,880.423,0.727409,803.737,874.676,0.671568,809.684,857.019,0.669602
868.484,615.623,0.825334,862.565,642.169,0.881932,844.949,642.091,0.825804,883.175,624.557,0.735005,930.288,598.021,0.596445,883.13,644.952,0.896636,909.742,618.511,0.706659,945.011,589.2,0.656362,859.631,730.431,0.868963,847.849,727.509,0.819526,830.177,786.441,0.891291,809.61,854.08,0.839732,877.284,733.357,0.821296,865.521,789.441,0.875231,856.726,856.992,0.924756,859.769,606.828,0.894123,877.229,606.77,0.845656,853.776,615.634,0.773566,883.077,615.559,0.247404,859.66,880.387,0.81787,868.499,874.656,0.75951,850.784,859.924,0.75487,812.525,880.485,0.773001,803.661,877.554,0.706718,809.635,859.849,0.686612
868.474,615.617,0.824382,862.571,642.155,0.87712,844.948,642.075,0.822652,883.195,624.522,0.759052,930.276,598.01,0.620059,883.138,644.942,0.888688,909.758,618.525,0.708728,944.991,592.025,0.65747,859.63,730.408,0.868434,847.841,727.477,0.818508,830.169,786.445,0.889197,809.588,856.858,0.844683,877.283,733.337,0.820598,865.52,789.443,0.875926,856.716,857.004,0.926033,859.76,606.823,0.895194,877.23,603.992,0.845099,853.767,615.626,0.770239,883.077,612.735,0.250581,859.649,880.419,0.823537,868.49,874.691,0.767581,850.772,859.924,0.752865,812.519,880.515,0.784529,800.829,877.592,0.717256,809.617,859.873,0.691943
868.47,615.607,0.823643,862.567,642.131,0.875661,844.933,642.056,0.821985,883.158,624.55,0.74923,930.235,598.029,0.612585,883.148,644.92,0.884068,909.752,618.501,0.710266,944.978,589.203,0.660952,859.632,730.403,0.870351,847.839,727.473,0.818725,830.162,786.46,0.887603,809.574,856.887,0.849169,877.29,733.333,0.823499,865.499,792.181,0.875549,856.688,857.013,0.923575,859.758,606.814,0.896239,877.226,603.981,0.843771,853.766,615.617,0.774371,880.377,612.723,0.241657,859.63,880.446,0.825759,868.465,877.491,0.771535,847.919,859.929,0.747835,812.509,880.542,0.788884,800.813,877.618,0.719321,809.597,859.901,0.695928
868.472,615.608,0.823913,862.568,642.131,0.875588,844.934,642.058,0.822492,883.163,624.542,0.752602,930.241,598.027,0.616269,883.149,644.919,0.883557,909.758,618.497,0.708437,944.987,589.195,0.660739,859.633,730.402,0.870415,847.838,727.472,0.818749,830.163,786.459,0.887954,809.577,856.884,0.848264,877.291,733.332,0.82349,865.501,792.18,0.875456,856.687,857.011,0.923852,859.759,606.816,0.896629,877.226,603.982,0.843835,853.768,615.621,0.776197,880.379,612.722,0.241229,859.635,880.444,0.827028,868.469,877.488,0.772326,847.916,859.928,0.749333,812.509,880.542,0.787659,800.811,877.616,0.717941,809.601,859.898,0.695011
868.479,615.605,0.824709,862.565,642.127,0.876464,844.938,642.056,0.822819,883.16,624.562,0.743872,930.235,598.026,0.605674,883.147,644.915,0.884769,909.766,618.494,0.709241,944.985,589.196,0.661186,859.633,730.4,0.870644,847.841,727.471,0.819054,830.165,786.456,0.888524,809.581,856.869,0.845754,877.291,733.33,0.823553,865.501,792.179,0.875479,856.687,857.01,0.923445,859.763,606.814,0.897706,877.227,603.98,0.844189,853.772,615.619,0.782277,880.372,612.717,0.233641,859.634,880.44,0.827226,868.466,877.485,0.77215,847.915,859.927,0.749583,812.505,880.517,0.783109,800.811,877.588,0.71415,809.605,859.885,0.693999
868.473,615.597,0.823414,862.567,642.12,0.874663,844.943,642.049,0.821419,883.172,624.534,0.754635,930.242,598.017,0.617838,883.149,644.91,0.881181,909.781,618.494,0.701612,944.998,589.185,0.65767,859.634,730.399,0.870328,847.84,727.469,0.818983,830.164,786.456,0.888494,809.581,856.872,0.846245,877.293,733.33,0.823687,865.502,792.179,0.875453,856.686,857.01,0.923692,859.76,606.809,0.898106,877.221,603.974,0.843734,853.77,615.616,0.781385,880.373,612.706,0.238742,859.634,880.443,0.829039,868.467,877.487,0.773838,847.915,859.928,0.749839,812.505,880.523,0.784209,800.806,877.593,0.714876,809.607,859.888,0.694074
868.479,615.594,0.824119,862.562,642.114,0.875264,844.946,642.044,0.821464,883.173,624.549,0.751226,930.236,598.018,0.613558,883.143,644.907,0.881024,909.791,618.492,0.697564,945.005,589.186,0.65511,859.634,730.397,0.870321,847.844,727.468,0.819146,830.167,786.451,0.889303,809.601,854.094,0.842329,877.293,733.328,0.823533,865.498,789.461,0.875734,856.685,857.005,0.923082,859.764,606.806,0.89922,877.222,603.971,0.843784,853.772,615.61,0.786316,880.365,612.701,0.228477,859.634,880.431,0.82865,868.456,874.694,0.772577,847.913,859.926,0.749614,812.506,880.488,0.775482,800.815,877.551,0.707118,809.616,859.865,0.691663
868.484,615.6,0.82393,862.56,642.123,0.876227,844.938,642.053,0.822243,883.17,624.561,0.741298,930.244,598.02,0.606165,883.142,644.913,0.883405,909.787,618.491,0.698432,944.997,589.191,0.654926,859.634,730.403,0.869931,847.844,727.473,0.818707,830.165,786.454,0.88755,809.602,854.09,0.843529,877.293,733.334,0.823773,865.503,792.187,0.874322,856.684,857.016,0.924001,859.765,606.81,0.898088,877.226,603.975,0.843438,853.768,615.615,0.78488,880.371,612.703,0.227303,859.645,880.447,0.834919,868.478,877.49,0.778671,847.91,859.933,0.749909,812.502,880.484,0.783571,800.808,877.551,0.71585,809.617,859.862,0.694785
868.484,615.603,0.823058,862.56,642.134,0.876133,844.935,642.063,0.822307,883.169,624.564,0.733917,930.253,598.018,0.599018,883.143,644.92,0.88488,909.791,618.487,0.696944,945.002,589.195,0.655558,859.633,730.406,0.869659,847.844,727.477,0.818034,830.161,786.458,0.886549,809.604,854.089,0.844267,877.291,733.338,0.823687,865.5,792.197,0.873547,856.68,857.032,0.924899,859.765,606.812,0.896634,877.229,603.978,0.842964,853.767,615.618,0.781393,880.377,612.708,0.230878,859.647,880.476,0.841615,868.483,877.516,0.785866,847.903,859.944,0.750208,812.502,880.488,0.786125,800.816,877.556,0.719014,809.618,859.859,0.695506
868.473,621.378,0.833324,859.752,644.991,0.94286,839.081,645.012,0.882504,853.769,659.803,0.724092,865.556,636.224,0.644148,883.132,644.984,0.935933,906.715,615.603,0.854027,930.336,592.049,0.813675,859.682,733.338,0.881205,847.902,730.434,0.820097,830.136,789.223,0.901066,809.566,856.894,0.898054,877.344,736.202,0.84084,865.585,792.347,0.848024,856.63,859.891,0.959036,859.677,615.624,0.887753,874.353,612.722,0.776852,850.824,621.44,0.801047,880.19,615.588,0.121363,859.635,883.425,0.886629,868.512,880.505,0.848345,847.82,860.042,0.799431,812.5,880.552,0.804576,797.903,877.609,0.748744,809.567,859.819,0.778065
868.452,621.38,0.834421,859.747,644.98,0.941434,839.076,645.005,0.883082,853.771,659.803,0.720104,865.57,636.241,0.642259,883.127,644.974,0.934456,906.709,615.602,0.850801,930.319,592.055,0.811317,859.681,733.335,0.881676,847.9,730.433,0.820003,830.138,789.222,0.901466,809.562,856.893,0.896339,877.345,733.424,0.839822,865.58,792.351,0.848032,856.628,859.905,0.956814,859.663,615.629,0.889008,874.338,612.723,0.778894,850.818,621.441,0.799732,880.172,615.591,0.128061,859.621,883.472,0.885571,868.506,880.548,0.851371,844.989,860.047,0.796551,812.489,880.558,0.801589,797.893,877.605,0.747741,809.566,857.101,0.775904
868.506,621.367,0.830429,859.75,644.998,0.946161,839.097,645.017,0.880923,853.785,659.789,0.717268,865.566,636.211,0.631916,883.115,645.003,0.939551,906.708,615.63,0.852391,930.324,592.06,0.810831,859.668,733.362,0.883533,847.901,730.463,0.821114,830.135,789.239,0.898878,809.546,856.907,0.895483,877.314,736.224,0.838702,865.567,792.357,0.846452,856.625,859.906,0.955965,859.699,615.612,0.883293,874.373,612.709,0.769177,850.838,621.436,0.802594,880.189,615.568,0.106027,859.628,883.472,0.883428,868.504,880.545,0.848631,844.982,860.045,0.79741,812.494,880.585,0.80154,797.888,877.636,0.749883,809.534,859.827,0.774717
871.367,621.36,0.827895,859.752,645.002,0.946856,839.117,645.017,0.877623,853.8,659.763,0.713556,868.436,633.321,0.620373,883.099,645.015,0.941478,906.695,615.668,0.849531,930.315,592.084,0.808846,859.657,733.396,0.884954,847.899,733.307,0.822828,830.134,789.247,0.896989,809.534,856.916,0.893599,877.288,736.264,0.83842,865.556,795.141,0.844692,856.623,859.912,0.954567,859.726,615.607,0.878048,874.397,612.7,0.756404,850.852,621.432,0.804463,880.164,612.736,0.0874463,859.634,883.483,0.878611,868.5,880.551,0.846298,844.978,860.049,0.796211,812.499,880.621,0.799506,797.879,880.436,0.753162,809.516,859.835,0.770636
871.382,621.363,0.828033,859.75,645.003,0.947922,839.117,645.02,0.877455,853.788,659.774,0.715922,865.57,636.194,0.62802,883.096,645.013,0.942736,906.696,615.663,0.853531,930.319,592.09,0.814688,859.659,733.393,0.884728,847.9,733.305,0.822828,830.135,789.244,0.897623,809.549,856.918,0.896837,877.29,736.26,0.838455,865.557,795.136,0.844823,856.617,859.911,0.953235,859.737,615.612,0.875428,874.406,612.706,0.752536,850.862,621.432,0.806146,880.155,612.747,0.0829287,859.627,883.485,0.877255,868.493,880.555,0.846885,844.966,860.05,0.798765,812.495,880.608,0.806225,797.885,880.424,0.756655,809.541,859.84,0.77368
871.431,624.336,0.731242,859.798,647.919,0.958091,841.963,648.015,0.875807,844.936,668.522,0.665008,862.574,630.35,0.641559,883.163,647.897,0.929187,906.81,621.627,0.854739,930.396,597.953,0.789409,859.741,739.175,0.91528,850.758,739.1,0.851263,827.209,795.156,0.84077,806.662,862.959,0.865465,880.131,739.272,0.889312,865.615,806.893,0.840934,853.658,865.765,0.87192,859.804,621.411,0.781753,874.294,621.362,0.567161,853.798,621.666,0.744828,880.099,621.364,0.0875953,856.792,889.338,0.881108,865.546,883.556,0.873419,839.128,871.725,0.775421,809.725,889.375,0.840507,794.884,886.418,0.838813,806.566,874.68,0.753506
868.525,624.436,0.776184,859.747,648.039,0.958639,839.114,650.926,0.863146,856.753,636.291,0.657389,874.332,603.85,0.601255,883.177,647.95,0.922608,906.793,621.579,0.858719,936.161,598.094,0.804273,859.686,739.357,0.924161,847.823,739.281,0.8652,827.223,801.033,0.822102,806.551,865.804,0.839766,880.096,742.141,0.884065,868.491,806.955,0.849736,853.697,865.773,0.869231,859.752,621.473,0.835793,871.445,621.488,0.560207,850.798,624.397,0.719009,0,0,0,859.55,889.334,0.884618,865.558,883.539,0.874346,839.147,871.743,0.755631,812.554,892.288,0.812789,797.837,889.325,0.792375,800.789,877.532,0.723743
871.373,624.446,0.780706,859.746,648.027,0.963792,839.129,650.92,0.864377,856.747,636.268,0.667032,874.33,603.837,0.617008,883.162,647.939,0.925696,906.787,621.567,0.865762,936.162,598.092,0.805822,859.717,739.295,0.929057,847.89,739.22,0.871609,827.306,798.082,0.836195,806.556,862.987,0.844068,880.119,742.075,0.893521,868.534,806.908,0.846874,853.693,862.982,0.872694,859.767,621.469,0.836864,871.462,621.493,0.551717,850.806,624.401,0.727328,0,0,0,856.824,889.35,0.881224,865.542,883.55,0.871235,839.142,871.724,0.75402,812.584,892.318,0.822388,797.857,889.346,0.799044,800.777,877.495,0.724604
868.53,624.419,0.770041,859.747,647.996,0.964068,839.117,648.154,0.87284,856.615,642.125,0.623819,871.412,606.814,0.582134,883.166,647.908,0.927095,906.794,621.562,0.860131,936.167,598.086,0.803139,859.758,739.263,0.925001,850.757,739.19,0.876104,830.124,795.233,0.847896,806.555,862.989,0.844403,880.161,739.355,0.904398,871.393,806.883,0.845944,853.691,862.98,0.87358,859.755,621.456,0.827187,871.444,621.474,0.542538,850.818,624.374,0.73165,0,0,0,856.817,889.351,0.883273,865.533,883.554,0.872977,839.141,871.722,0.754721,812.585,892.32,0.823943,797.858,889.348,0.798823,800.775,877.501,0.725896
868.472,624.42,0.766436,859.751,647.99,0.960405,839.11,648.15,0.872699,853.765,644.991,0.619124,871.423,606.816,0.582896,883.183,647.895,0.925151,906.802,621.561,0.856214,936.167,598.084,0.799192,859.761,739.261,0.923932,850.76,739.184,0.874213,830.118,795.228,0.847728,803.777,865.782,0.844595,880.168,739.359,0.905979,871.389,806.877,0.845413,853.688,862.973,0.875184,859.721,621.465,0.825943,871.39,621.477,0.549884,850.795,624.383,0.716978,0,0,0,856.806,889.346,0.884707,865.518,883.555,0.874121,839.145,871.71,0.752625,812.563,892.315,0.822559,797.847,889.347,0.797628,800.782,877.519,0.728992
868.475,624.421,0.767054,859.75,647.991,0.960794,839.11,648.151,0.872583,856.606,642.133,0.621272,871.425,606.813,0.585219,883.181,647.897,0.925329,906.8,621.56,0.856628,936.168,598.084,0.79897,859.762,739.263,0.924027,850.759,739.186,0.874611,830.117,795.228,0.848103,803.777,865.784,0.844812,880.169,739.36,0.905895,871.394,806.878,0.845502,853.69,862.978,0.874866,859.721,621.465,0.826422,871.392,621.476,0.550287,850.793,624.384,0.717237,0,0,0,856.807,889.347,0.885001,865.519,883.556,0.874614,839.148,871.717,0.752045,812.562,892.319,0.822609,797.844,889.349,0.798049,800.78,877.521,0.729296
868.465,624.425,0.76796,859.75,647.993,0.960551,839.109,648.155,0.871731,856.619,642.092,0.628084,874.314,603.926,0.594006,883.183,647.897,0.925,906.807,621.555,0.855655,936.17,598.084,0.798019,859.761,739.265,0.924078,850.758,739.188,0.874424,830.112,795.232,0.846986,803.774,865.787,0.844929,880.169,739.361,0.905739,871.389,806.877,0.844928,853.691,862.98,0.874806,859.715,621.47,0.827987,871.383,621.48,0.551928,850.784,624.388,0.714756,0,0,0,856.807,889.349,0.884533,865.519,883.559,0.874187,839.15,871.721,0.752424,812.558,892.322,0.82328,797.838,889.349,0.798424,800.778,877.522,0.729743
868.468,624.424,0.769878,859.747,647.993,0.961641,839.108,648.155,0.872344,856.621,642.095,0.628817,874.316,603.928,0.595456,883.178,647.898,0.925587,906.803,621.553,0.856786,936.17,598.082,0.797491,859.761,739.265,0.924576,850.757,739.188,0.874738,830.108,795.234,0.846482,806.548,865.787,0.845348,880.168,739.36,0.905901,871.389,806.874,0.844302,853.694,862.985,0.875143,859.717,621.468,0.829613,871.386,621.478,0.553117,850.783,624.387,0.716769,0,0,0,856.807,889.349,0.884155,865.521,883.56,0.873741,839.155,871.727,0.751928,812.557,892.324,0.824391,797.836,889.35,0.799613,800.782,877.525,0.730848
868.465,624.426,0.770886,859.747,647.993,0.961811,839.108,648.157,0.872103,856.629,642.069,0.63342,874.324,603.909,0.602146,883.179,647.898,0.925819,906.808,621.549,0.856331,936.172,598.081,0.79666,859.761,739.266,0.924538,850.757,739.191,0.87469,830.108,795.234,0.846031,806.549,865.786,0.84545,880.169,739.361,0.905768,871.385,806.872,0.843461,853.693,862.984,0.875291,859.714,621.47,0.830552,871.383,621.479,0.554795,850.778,624.389,0.716178,0,0,0,856.808,889.348,0.883919,865.518,883.561,0.873795,839.152,871.726,0.7541,812.556,892.322,0.823421,797.833,889.347,0.798669,800.782,877.522,0.73031
868.465,624.427,0.770939,859.747,647.994,0.961927,839.107,648.157,0.871947,856.673,639.24,0.634246,874.325,603.906,0.602905,883.178,647.899,0.925909,906.808,621.549,0.856486,936.172,598.082,0.796679,859.76,739.267,0.924991,850.757,739.191,0.874981,830.11,795.233,0.846829,806.548,865.787,0.845207,880.167,739.361,0.905503,871.382,806.873,0.843802,853.695,862.984,0.875322,859.714,621.47,0.830616,871.384,621.48,0.554411,850.778,624.389,0.716039,0,0,0,856.809,889.347,0.883873,865.519,883.559,0.873791,839.155,871.728,0.753011,812.555,892.324,0.823466,797.832,889.348,0.798414,800.781,877.524,0.730614
868.467,624.427,0.771265,859.746,647.995,0.962161,839.107,648.158,0.871853,856.674,639.236,0.634614,874.326,603.904,0.603171,883.177,647.899,0.926087,906.808,621.549,0.856791,936.172,598.082,0.796828,859.76,739.27,0.924984,850.758,739.194,0.875354,830.111,795.236,0.845999,806.547,865.787,0.845373,880.167,739.363,0.905362,871.384,806.875,0.844255,853.696,862.984,0.875287,859.716,621.471,0.830869,871.385,621.481,0.554217,850.778,624.389,0.716638,0,0,0,856.809,889.346,0.883991,865.519,883.558,0.874063,839.156,871.727,0.752701,812.555,892.324,0.823411,797.831,889.348,0.798445,800.78,877.524,0.730708
868.468,624.427,0.771475,859.746,647.996,0.962346,839.107,648.16,0.871677,856.676,639.231,0.635405,874.327,603.901,0.60391,883.176,647.901,0.926193,906.808,621.549,0.856993,936.173,598.082,0.796891,859.761,739.271,0.924968,850.76,739.195,0.875793,830.113,795.236,0.846185,806.547,865.789,0.84532,880.167,739.364,0.905268,871.385,806.877,0.844641,853.697,862.985,0.875146,859.716,621.47,0.831056,871.386,621.481,0.553894,850.778,624.39,0.716866,0,0,0,856.811,889.345,0.884123,865.52,883.557,0.87439,839.158,871.729,0.752113,812.554,892.325,0.823476,797.831,889.349,0.798193,800.781,877.526,0.730726
868.467,624.427,0.771514,859.745,647.995,0.962472,839.107,648.159,0.871801,856.675,639.232,0.634809,874.326,603.902,0.603448,883.175,647.901,0.926298,906.807,621.55,0.857292,936.172,598.082,0.797161,859.76,739.268,0.925132,850.76,739.192,0.875546,830.116,795.233,0.846727,806.548,865.785,0.845579,880.165,739.362,0.905116,871.387,806.875,0.844281,853.698,862.984,0.875187,859.716,621.471,0.831079,871.385,621.482,0.554146,850.779,624.39,0.717073,0,0,0,856.81,889.344,0.884183,865.52,883.557,0.874595,839.158,871.729,0.751341,812.555,892.321,0.822682,797.832,889.345,0.797689,800.781,877.523,0.730101
868.505,624.44,0.777801,859.746,648,0.963818,839.109,648.17,0.869873,856.734,636.287,0.657098,874.403,601.049,0.636655,883.18,647.906,0.925524,906.811,621.539,0.863652,936.17,598.079,0.801671,859.762,739.279,0.923719,850.744,739.199,0.875507,827.314,798.078,0.841924,803.769,865.794,0.845082,880.174,739.374,0.905533,871.396,806.886,0.846151,853.692,862.984,0.874222,859.739,621.475,0.835456,871.42,621.497,0.553471,850.784,624.395,0.720666,0,0,0,856.81,889.354,0.885872,865.522,883.562,0.876119,839.153,871.717,0.75395,812.55,892.328,0.825671,797.832,889.354,0.798636,800.783,877.524,0.728358
868.518,624.457,0.789868,859.741,648.035,0.963167,839.113,650.941,0.862528,859.596,630.416,0.710135,877.254,600.906,0.695022,883.168,647.937,0.922759,906.808,621.531,0.87266,936.168,598.075,0.805588,859.736,739.315,0.926144,847.887,739.238,0.874553,827.305,798.143,0.835115,803.772,865.81,0.843281,880.147,742.093,0.89939,871.368,806.91,0.84695,853.684,862.987,0.873418,859.753,621.492,0.844834,871.438,621.523,0.557598,850.778,624.419,0.717203,0,0,0,856.806,889.349,0.886704,865.512,883.561,0.878952,839.144,871.716,0.756677,812.553,892.323,0.823713,797.842,889.358,0.797068,800.794,877.53,0.72698
871.378,624.522,0.721105,859.579,653.925,0.91147,836.245,659.754,0.850769,859.705,627.451,0.791384,874.311,597.846,0.780199,880.269,653.883,0.859049,909.774,636.257,0.791761,936.221,612.647,0.73817,856.83,748.049,0.885397,839.148,745.163,0.856919,824.369,809.865,0.884188,797.877,880.423,0.861904,874.365,750.993,0.800577,862.581,812.8,0.916046,842.058,877.475,0.87411,862.541,621.621,0.757727,868.514,621.624,0.280088,853.658,627.458,0.693121,0,0,0,856.813,892.339,0.849867,859.795,886.399,0.855788,836.112,880.454,0.877286,812.449,898.138,0.81611,797.815,895.255,0.783262,794.869,883.461,0.836545
871.378,624.522,0.721105,859.579,653.925,0.91147,836.245,659.754,0.850769,859.705,627.451,0.791384,874.311,597.846,0.780199,880.269,653.883,0.85905,909.774,636.257,0.791761,936.221,612.647,0.73817,856.83,748.049,0.885397,839.148,745.163,0.856919,824.369,809.865,0.884188,797.877,880.423,0.861904,874.365,750.992,0.800577,862.581,812.8,0.916046,842.058,877.475,0.87411,862.541,621.621,0.757727,868.514,621.624,0.280088,853.658,627.458,0.693121,0,0,0,856.813,892.339,0.849867,859.795,886.399,0.855789,836.112,880.454,0.877285,812.449,898.138,0.81611,797.815,895.255,0.783262,794.869,883.461,0.836545
871.38,624.519,0.720996,859.58,653.926,0.911444,836.244,659.755,0.851159,859.706,627.451,0.791144,874.314,597.845,0.781136,880.273,653.88,0.859599,909.787,636.256,0.789081,936.229,612.64,0.73534,856.832,748.05,0.885331,839.146,745.162,0.857252,824.364,809.869,0.885261,797.885,880.417,0.860457,874.369,750.994,0.800777,862.577,812.802,0.916874,842.061,877.482,0.875509,862.542,621.62,0.757432,868.514,621.623,0.279525,853.657,627.457,0.693542,0,0,0,856.808,892.352,0.851911,859.8,886.409,0.856464,836.116,880.462,0.87917,809.718,898.132,0.815526,797.798,895.24,0.784256,794.885,883.455,0.834302
871.381,624.518,0.721937,859.581,653.927,0.911173,836.243,659.755,0.851452,859.706,627.453,0.791783,874.311,597.848,0.782588,880.275,653.882,0.85882,912.58,636.268,0.785932,936.229,612.636,0.731959,856.833,748.051,0.885155,839.147,745.163,0.856856,824.369,809.872,0.886196,797.888,880.41,0.859081,874.373,750.997,0.80099,862.581,812.805,0.9168,842.064,877.48,0.874936,862.54,621.618,0.758112,868.517,621.62,0.28231,853.653,627.455,0.693745,0,0,0,856.816,892.354,0.852481,859.806,886.407,0.856723,836.118,880.462,0.879215,809.719,898.129,0.815775,797.796,895.235,0.784661,794.888,883.448,0.833834
871.378,624.516,0.721507,859.58,653.924,0.911721,836.24,659.755,0.851908,859.706,627.452,0.791981,874.313,597.848,0.782607,880.277,653.878,0.859497,912.587,636.265,0.785295,936.231,612.634,0.731973,856.836,748.058,0.884592,839.146,745.17,0.856097,824.362,809.877,0.886737,797.894,880.404,0.858377,874.381,751.003,0.801544,862.587,812.809,0.916651,842.07,877.479,0.873683,862.538,621.617,0.757643,868.512,621.618,0.281712,853.651,627.455,0.692928,0,0,0,856.813,895.184,0.853087,859.809,886.414,0.856327,836.124,880.459,0.878538,809.706,898.128,0.817951,794.966,895.237,0.7876,794.901,883.441,0.832828
871.381,624.515,0.722477,859.581,653.927,0.911554,836.238,659.755,0.852278,859.704,627.458,0.791395,874.311,597.855,0.78338,880.28,653.882,0.8589,912.603,636.271,0.783243,936.241,609.807,0.729375,856.836,748.059,0.884487,839.145,745.172,0.85599,824.366,809.88,0.887689,797.89,880.404,0.858194,874.384,751.004,0.801858,862.588,812.81,0.916835,842.07,877.478,0.873953,862.538,621.614,0.758079,868.519,621.613,0.285439,853.649,627.451,0.691804,0,0,0,859.539,895.188,0.853344,859.812,886.412,0.855566,836.124,880.459,0.878739,809.714,898.126,0.816706,794.975,895.236,0.786114,794.893,883.442,0.832856
871.376,624.517,0.721466,859.579,653.927,0.911353,836.238,659.756,0.85238,859.703,627.453,0.792227,874.311,597.855,0.782702,880.277,653.883,0.85855,912.591,636.27,0.784248,936.227,612.637,0.730538,856.836,748.06,0.884459,839.145,745.171,0.855842,824.365,809.88,0.887812,797.891,880.395,0.856803,874.383,751.005,0.801671,862.588,812.811,0.916953,842.071,877.478,0.873897,862.536,621.617,0.757608,868.51,621.617,0.283547,853.649,627.453,0.691486,0,0,0,859.549,895.187,0.852262,862.537,886.412,0.85407,836.123,880.462,0.881815,809.715,895.298,0.81623,794.972,895.221,0.785607,794.896,883.431,0.833516
871.371,624.52,0.721244,859.577,653.93,0.911162,836.237,659.759,0.852654,859.707,627.457,0.791615,874.31,597.86,0.783764,880.274,653.886,0.857888,912.582,636.273,0.78546,936.225,612.641,0.731329,856.836,748.061,0.884383,839.146,745.173,0.855516,824.364,809.88,0.887765,797.893,880.393,0.856453,874.382,751.006,0.801527,862.589,812.812,0.916892,844.879,877.477,0.874164,862.534,621.619,0.757789,868.507,621.617,0.284638,853.648,627.455,0.690569,0,0,0,859.555,895.186,0.85226,862.541,886.411,0.853641,836.124,880.463,0.881949,809.719,895.295,0.81586,794.977,895.218,0.785024,794.894,883.431,0.833379
871.372,624.521,0.721095,859.576,653.931,0.910804,836.236,659.76,0.852742,859.707,627.46,0.790908,874.306,597.866,0.783827,880.271,653.887,0.857439,909.794,636.263,0.785802,936.224,612.642,0.731924,856.835,748.063,0.884241,839.146,745.175,0.855207,824.363,809.88,0.887774,797.893,880.395,0.856607,874.38,751.007,0.801296,862.589,812.813,0.916836,844.88,877.48,0.874565,862.534,621.62,0.758021,868.508,621.618,0.284338,853.649,627.454,0.691381,0,0,0,859.557,895.19,0.852325,862.544,886.413,0.852815,836.124,880.465,0.882006,809.719,895.299,0.8169,797.791,895.215,0.785831,794.895,883.432,0.833085
871.373,624.526,0.721807,859.573,653.94,0.909647,836.237,659.766,0.853031,859.709,627.468,0.789929,874.303,597.873,0.786666,880.266,653.9,0.855312,909.781,636.275,0.788857,936.221,612.651,0.733448,856.835,748.065,0.88407,839.146,745.177,0.854804,824.362,809.881,0.887555,797.889,880.399,0.857179,874.378,751.009,0.801034,862.589,812.813,0.916662,844.882,877.483,0.874809,862.536,621.623,0.759091,868.515,621.622,0.283562,853.651,627.456,0.692411,0,0,0,859.565,895.189,0.851925,862.548,886.412,0.852064,836.125,880.468,0.881338,809.719,895.296,0.815556,797.796,895.215,0.785598,794.888,883.438,0.832662
871.37,624.533,0.718208,859.573,653.936,0.909278,836.238,659.76,0.851978,859.716,627.466,0.788233,874.296,597.867,0.780541,880.264,653.891,0.856188,909.774,636.27,0.79286,936.228,612.648,0.736358,856.833,748.064,0.883977,839.147,745.177,0.85448,824.363,809.88,0.887432,797.89,880.4,0.857541,874.373,751.01,0.800264,862.59,812.812,0.915901,844.883,877.487,0.875498,862.536,621.631,0.756936,868.508,621.626,0.282608,853.66,627.462,0.690393,0,0,0,859.556,895.186,0.852713,862.541,886.414,0.852905,836.127,880.471,0.880269,809.723,895.294,0.81381,797.801,895.216,0.784439,794.886,883.439,0.833136
871.382,624.529,0.722441,859.571,653.946,0.908719,836.24,659.771,0.852262,859.708,627.474,0.787057,874.307,597.864,0.78103,880.26,653.905,0.854965,909.767,636.274,0.795957,936.244,612.641,0.734497,856.832,748.067,0.883855,839.147,745.179,0.854329,824.361,809.881,0.887372,797.89,880.403,0.85818,874.372,751.013,0.800168,862.586,812.811,0.916427,844.882,877.49,0.875729,862.543,621.626,0.760714,868.516,621.622,0.282139,853.664,627.461,0.695999,0,0,0,859.554,895.191,0.853207,862.54,886.417,0.852312,836.126,880.472,0.880236,809.72,895.299,0.814284,797.798,895.219,0.78488,794.886,883.441,0.833472
871.436,624.525,0.726678,859.577,653.942,0.908827,836.245,659.763,0.851407,859.705,627.48,0.781825,874.302,597.857,0.774603,880.267,653.9,0.857285,909.783,636.266,0.7926,939.073,609.787,0.73111,856.833,748.065,0.884067,839.146,745.177,0.855076,824.361,809.88,0.887602,797.885,880.405,0.859425,874.375,751.013,0.800585,862.582,812.805,0.915649,842.068,877.501,0.877161,862.583,621.617,0.762574,871.38,621.619,0.272462,853.691,627.43,0.709983,0,0,0,859.542,892.337,0.849582,859.804,886.392,0.851141,836.124,880.486,0.87758,809.716,898.117,0.817733,797.801,895.227,0.787614,794.881,883.442,0.836416
874.398,624.552,0.866649,856.773,659.777,0.90004,833.271,653.951,0.924261,827.313,695.283,0.887196,862.621,695.157,0.771055,880.263,662.721,0.884532,903.692,692.152,0.521882,930.403,695.219,0.548318,856.572,745.226,0.85511,836.051,745.159,0.89037,815.549,809.848,0.903821,797.87,877.624,0.851651,868.529,748.094,0.802755,859.57,812.814,0.946167,841.96,880.488,0.909118,865.495,621.604,0.887107,877.226,624.335,0.595195,853.794,624.446,0.907309,0,0,0,859.549,895.188,0.815845,859.759,886.412,0.821518,836.012,883.484,0.875292,809.672,895.216,0.793601,794.974,892.3,0.775115,794.918,883.409,0.816276
874.397,624.553,0.865424,856.775,659.785,0.900086,833.272,653.959,0.923402,827.313,695.285,0.886105,862.621,695.141,0.770967,880.269,662.726,0.884764,903.707,692.151,0.519159,930.415,695.22,0.547292,856.574,745.236,0.853882,836.052,745.168,0.889163,815.547,809.847,0.903916,797.873,877.623,0.852241,868.531,748.107,0.801973,859.563,812.823,0.94588,841.96,880.489,0.908894,865.493,621.605,0.886766,877.228,624.336,0.595894,853.792,624.449,0.906723,0,0,0,859.544,895.192,0.815937,859.756,886.415,0.822156,836.012,883.486,0.874088,809.674,895.215,0.795123,794.973,892.299,0.77692,794.922,883.408,0.817124
874.408,624.555,0.865838,856.776,659.794,0.899872,833.273,653.965,0.92249,827.316,695.285,0.885308,862.62,695.136,0.766049,880.268,662.737,0.885345,903.703,692.172,0.509515,930.42,695.225,0.535046,856.577,745.238,0.853748,836.055,745.171,0.88819,815.545,809.847,0.903819,797.871,877.628,0.853023,868.533,748.109,0.801421,859.561,812.824,0.94483,841.959,880.49,0.909002,865.504,621.605,0.88612,877.234,624.338,0.591837,853.795,624.453,0.906371,0,0,0,859.545,895.195,0.81596,859.755,886.418,0.821698,836.012,883.485,0.874761,809.671,895.216,0.795276,794.972,892.301,0.776889,794.921,883.41,0.818419
874.412,624.558,0.865561,856.777,659.797,0.899879,833.274,653.971,0.921439,827.321,695.285,0.884733,862.623,695.117,0.76391,880.27,662.738,0.884662,903.728,692.158,0.507147,930.436,695.222,0.537522,856.581,745.24,0.853759,836.062,745.176,0.887029,815.547,809.842,0.902903,797.87,877.63,0.853499,868.535,748.109,0.800983,859.562,812.822,0.944327,841.957,880.489,0.909071,865.506,621.607,0.886071,877.238,624.341,0.591526,853.794,624.456,0.906028,0,0,0,859.547,895.194,0.815828,859.756,886.417,0.821619,836.01,883.484,0.874582,809.673,895.215,0.796182,794.974,892.301,0.777537,794.918,883.411,0.819532
877.195,624.559,0.866779,856.777,659.8,0.899625,833.275,653.973,0.920753,830.089,695.281,0.885312,862.635,695.108,0.761549,880.269,662.742,0.884263,903.725,692.173,0.501753,933.179,695.229,0.531889,856.581,745.241,0.853336,836.063,745.178,0.886002,815.543,809.849,0.904107,797.87,877.64,0.854446,868.533,748.107,0.800506,859.561,812.825,0.942694,841.955,880.49,0.908995,865.52,621.604,0.884738,877.248,624.34,0.579981,853.797,624.455,0.906883,0,0,0,859.547,895.198,0.815943,859.755,886.422,0.820987,836.008,883.482,0.875383,809.671,895.221,0.795417,794.974,892.306,0.77635,794.918,883.417,0.820559
877.194,624.554,0.868507,856.776,659.798,0.900324,833.275,653.975,0.920614,830.105,695.275,0.888645,862.657,695.086,0.759896,880.267,662.732,0.884332,903.736,692.141,0.518872,933.185,695.224,0.552952,856.581,745.226,0.856306,836.066,745.167,0.887493,815.545,809.847,0.903446,797.873,877.635,0.853844,868.533,748.087,0.802804,859.56,812.818,0.942439,841.954,880.492,0.909402,865.516,621.601,0.886028,877.247,624.337,0.576556,853.792,624.453,0.906429,0,0,0,859.54,895.2,0.816688,859.752,886.426,0.822306,836.009,883.486,0.874451,809.67,895.221,0.794624,794.973,892.304,0.776907,794.923,883.414,0.818978
877.197,624.557,0.869216,856.777,659.797,0.899781,833.277,653.973,0.9206,830.114,695.273,0.889955,862.66,695.078,0.759229,880.267,662.732,0.883894,903.722,692.157,0.511226,930.435,695.218,0.544727,856.581,745.225,0.856266,836.066,745.166,0.887268,815.545,809.849,0.903623,797.872,877.638,0.853827,868.533,748.087,0.802755,859.563,812.817,0.942735,841.955,880.49,0.909237,865.52,621.605,0.886529,877.247,624.339,0.573623,853.791,624.456,0.90707,0,0,0,859.539,895.198,0.815997,859.754,886.423,0.821785,836.01,883.485,0.874416,809.671,895.223,0.794563,794.974,892.306,0.776386,794.922,883.417,0.818883
877.193,624.553,0.869368,856.781,659.794,0.899971,833.278,653.973,0.920809,830.123,695.27,0.891908,862.667,695.071,0.759182,880.274,662.723,0.883864,903.752,692.112,0.530234,933.192,695.218,0.568824,856.582,745.224,0.856536,836.067,745.164,0.887307,815.545,809.849,0.904115,797.879,877.636,0.853433,868.535,748.087,0.802964,859.56,812.819,0.94197,841.951,880.492,0.909722,865.515,621.602,0.887183,877.245,624.336,0.573713,853.789,624.454,0.906728,0,0,0,856.81,895.195,0.816786,859.749,886.425,0.823097,836.008,883.488,0.873727,809.669,895.224,0.794606,794.971,892.305,0.777113,794.93,883.417,0.817348
877.195,624.555,0.869774,856.785,659.792,0.899693,833.282,653.971,0.921103,830.134,695.272,0.893116,862.682,695.062,0.758806,880.28,662.72,0.88389,903.755,692.108,0.53454,933.19,695.211,0.575102,856.585,745.224,0.857008,836.071,745.164,0.886799,815.55,809.842,0.902839,797.877,877.626,0.852174,868.537,748.086,0.803219,859.565,812.818,0.942696,841.956,880.489,0.91005,865.516,621.606,0.887847,877.245,624.338,0.5772,853.787,624.456,0.90702,0,0,0,856.815,895.193,0.817482,859.753,886.423,0.822999,836.01,883.487,0.875787,809.674,895.217,0.793334,797.79,892.298,0.775805,794.926,883.409,0.81721
877.193,624.554,0.86965,856.785,659.791,0.89953,833.283,653.972,0.920782,830.134,695.276,0.892469,862.689,695.062,0.758735,880.28,662.719,0.883994,903.749,692.113,0.531739,933.186,695.211,0.574119,856.582,745.225,0.856536,836.068,745.165,0.886927,815.545,809.844,0.904934,797.879,877.632,0.853016,868.534,748.088,0.803201,859.562,812.82,0.94366,841.961,880.491,0.91054,865.514,621.605,0.888004,877.244,624.338,0.578152,853.787,624.456,0.906576,0,0,0,856.813,895.199,0.817243,859.757,886.425,0.821045,836.014,883.489,0.876554,809.666,895.223,0.795494,794.969,892.306,0.777604,794.932,883.414,0.81718
877.198,624.554,0.870686,856.787,659.789,0.898967,833.283,653.97,0.920432,830.133,695.277,0.891935,862.687,695.063,0.758566,880.283,662.718,0.883353,903.754,692.113,0.531127,933.187,695.211,0.573132,856.584,745.22,0.857602,836.07,745.161,0.887571,815.547,809.837,0.903081,797.88,877.626,0.852372,868.536,748.082,0.803532,859.567,812.813,0.943792,841.961,880.489,0.910369,865.518,621.603,0.888005,877.248,624.336,0.577531,853.786,624.454,0.907323,0,0,0,856.815,895.197,0.817451,859.757,886.423,0.821374,836.014,883.488,0.876382,809.67,895.22,0.795402,794.97,892.303,0.777311,794.932,883.411,0.816963
877.194,624.553,0.869779,856.785,659.791,0.89911,833.282,653.972,0.919998,830.132,695.28,0.89292,862.674,695.062,0.765782,880.281,662.718,0.883656,903.76,692.105,0.538116,933.195,695.211,0.582737,856.583,745.228,0.856649,836.069,745.169,0.886622,815.544,809.841,0.904211,797.882,877.63,0.852699,868.534,748.092,0.803253,859.565,812.815,0.944117,841.964,880.49,0.91053,865.515,621.603,0.887986,877.244,624.336,0.577616,853.785,624.453,0.906669,0,0,0,859.538,895.202,0.817657,859.76,886.422,0.821042,836.016,883.487,0.877073,809.667,895.219,0.795147,794.968,892.303,0.776836,794.936,883.415,0.816538
877.2,624.554,0.871011,856.786,659.79,0.898937,833.282,653.971,0.919863,830.133,695.28,0.89318,862.673,695.062,0.765664,880.284,662.719,0.883485,903.767,692.102,0.540502,933.202,695.213,0.584787,856.584,745.225,0.857344,836.07,745.165,0.886849,815.547,809.831,0.902274,797.883,877.625,0.852348,868.534,748.088,0.803701,859.565,812.815,0.943614,841.963,880.489,0.910358,865.521,621.603,0.88816,877.25,624.336,0.578119,853.784,624.453,0.907459,0,0,0,856.816,895.195,0.817771,859.758,886.42,0.821916,836.016,883.487,0.877169,809.665,895.216,0.795518,794.966,892.299,0.777479,794.938,883.41,0.816219
877.221,624.548,0.877402,856.789,659.794,0.899085,833.283,653.972,0.919107,830.134,695.283,0.891898,862.678,695.055,0.76412,880.289,662.725,0.883828,903.753,692.135,0.52699,933.19,695.218,0.568804,856.586,745.227,0.857021,836.072,745.167,0.886147,815.546,809.83,0.902377,797.876,877.622,0.852326,871.358,748.083,0.803242,859.563,812.818,0.942935,841.964,880.486,0.909932,865.54,621.595,0.888145,877.275,624.331,0.581055,853.792,624.443,0.909486,0,0,0,859.54,895.203,0.818538,859.76,886.421,0.822486,836.015,883.483,0.877871,809.661,895.213,0.794096,794.957,892.293,0.777534,794.93,883.404,0.817934
877.222,624.549,0.877701,856.79,659.797,0.899205,833.284,653.974,0.918629,830.136,695.285,0.891622,862.678,695.054,0.764435,880.289,662.729,0.884449,903.751,692.14,0.527326,933.19,695.221,0.568381,856.585,745.231,0.856647,836.071,745.17,0.885466,815.545,809.832,0.902654,797.875,877.623,0.852519,868.537,748.095,0.803115,859.561,812.82,0.943063,841.959,880.484,0.909718,865.541,621.595,0.888335,877.277,624.332,0.584375,853.792,624.444,0.909502,0,0,0,859.545,895.202,0.81929,859.76,886.421,0.823124,836.011,883.48,0.878478,809.657,895.214,0.793747,794.952,892.293,0.7776,794.929,883.405,0.818536
877.247,624.541,0.883707,856.792,659.799,0.89959,833.285,653.975,0.918105,830.139,695.285,0.891538,862.682,695.047,0.76348,880.295,662.731,0.88434,903.755,692.145,0.528042,933.189,695.222,0.568902,856.587,745.236,0.855814,836.072,745.175,0.88466,815.544,809.832,0.902484,797.869,877.623,0.8527,871.361,748.093,0.802601,859.56,812.822,0.942866,841.955,880.482,0.909835,865.566,621.585,0.886448,877.303,624.323,0.573741,853.8,624.432,0.911917,0,0,0,859.549,895.201,0.819723,859.76,886.421,0.823516,836.007,883.478,0.879712,809.65,895.217,0.79353,794.945,892.295,0.777799,794.923,883.406,0.819009
877.251,624.543,0.883884,856.791,659.8,0.899786,833.283,653.977,0.917771,830.136,695.286,0.891425,862.676,695.05,0.765314,880.292,662.732,0.88482,903.759,692.132,0.533749,933.195,695.222,0.575706,856.583,745.233,0.856165,836.068,745.173,0.88572,815.545,809.83,0.902624,797.879,877.612,0.852698,868.536,748.096,0.80311,859.561,812.817,0.944073,841.953,880.478,0.910368,865.57,621.586,0.886204,877.305,624.323,0.571157,853.801,624.434,0.912415,0,0,0,859.553,895.211,0.822772,859.764,886.427,0.824079,836.004,883.473,0.88274,809.651,895.207,0.795286,794.945,892.284,0.779662,794.935,883.396,0.82026
877.251,624.542,0.883759,856.791,659.802,0.899628,833.284,653.979,0.917465,830.131,695.287,0.890504,862.673,695.05,0.766215,880.293,662.733,0.884768,903.76,692.132,0.533732,933.196,695.223,0.575725,856.583,745.235,0.856056,836.068,745.176,0.88525,815.543,809.832,0.903008,797.873,877.616,0.852717,868.536,748.098,0.802748,859.56,812.818,0.943315,841.952,880.482,0.910608,865.57,621.586,0.885844,877.306,624.323,0.57074,853.801,624.434,0.912124,0,0,0,859.553,895.217,0.824116,859.765,886.432,0.824652,836.003,883.475,0.881899,809.65,895.206,0.793588,794.945,892.284,0.778732,794.928,883.398,0.819982
877.252,624.543,0.883725,856.792,659.803,0.899666,833.284,653.981,0.916889,830.132,695.287,0.890611,862.67,695.051,0.766882,880.292,662.735,0.884827,903.761,692.132,0.534776,933.197,695.223,0.576107,856.583,745.237,0.855878,836.069,745.177,0.885017,815.541,809.833,0.903013,797.872,877.617,0.852861,868.535,748.098,0.802583,859.56,812.818,0.942858,841.952,880.482,0.910643,865.571,621.586,0.885703,877.307,624.323,0.570738,853.801,624.435,0.911995,0,0,0,859.553,895.22,0.824496,859.766,886.436,0.824787,836.003,883.474,0.881724,809.656,895.203,0.79202,794.952,892.281,0.777121,794.925,883.397,0.819737
880.131,624.58,0.932043,856.813,665.656,0.94799,833.294,662.701,0.933834,809.59,697.996,0.900526,788.972,727.464,0.824302,880.28,668.526,0.909577,880.135,712.697,0.105618,0,0,0,853.685,751.058,0.833125,833.249,748.123,0.875172,812.674,809.861,0.926352,800.79,880.451,0.865348,862.687,754.014,0.822441,856.724,812.818,0.952542,839.046,880.397,0.915307,868.525,621.6,0.904513,880.226,621.637,0.785298,856.607,624.513,0.949228,0,0,0,859.543,892.343,0.838832,859.701,886.366,0.870638,833.242,883.41,0.851346,812.493,895.276,0.789411,800.766,892.361,0.758027,797.801,883.519,0.78778
880.146,624.555,0.939681,856.84,665.695,0.949699,833.291,665.544,0.942164,809.462,695.257,0.896722,785.983,730.46,0.859187,880.333,668.536,0.901844,880.188,712.741,0.0712656,0,0,0,853.65,753.958,0.83308,833.239,751.015,0.873123,812.651,809.885,0.927645,800.778,880.454,0.872099,862.652,756.892,0.836196,856.682,812.821,0.948218,836.274,880.457,0.921284,871.358,621.58,0.905104,880.25,621.609,0.803839,856.613,624.507,0.954004,0,0,0,856.724,895.187,0.810667,859.594,886.427,0.851879,833.188,883.473,0.836558,812.478,898.114,0.804412,800.752,895.199,0.769731,797.812,883.498,0.804872
880.146,624.554,0.940134,856.838,665.695,0.949713,833.29,665.542,0.941611,809.465,695.256,0.898128,785.991,730.449,0.86092,880.331,668.537,0.901814,880.188,712.74,0.0713223,0,0,0,853.651,753.958,0.833287,833.239,751.014,0.872922,812.648,809.883,0.928099,800.785,880.446,0.87062,862.653,756.893,0.836157,856.681,812.822,0.948095,836.273,880.46,0.921484,868.538,621.577,0.905226,880.249,621.608,0.803652,856.612,624.508,0.953882,0,0,0,856.725,895.189,0.809902,859.594,886.428,0.851248,833.187,883.478,0.835439,812.468,898.113,0.803015,800.74,895.192,0.768956,797.823,883.491,0.803213
880.147,624.556,0.940001,856.838,665.695,0.949869,833.29,665.541,0.941479,809.467,695.254,0.899011,785.998,730.448,0.861703,880.33,668.538,0.902116,880.184,712.74,0.0717161,0,0,0,853.648,753.963,0.833259,833.238,751.019,0.872798,812.644,809.887,0.929453,800.784,880.444,0.870121,862.649,756.898,0.837195,856.682,812.823,0.948042,836.274,880.458,0.921113,871.359,621.581,0.905129,880.25,621.61,0.803914,856.613,624.51,0.953705,0,0,0,856.725,895.187,0.810245,859.594,886.426,0.851358,833.188,883.475,0.836163,812.469,898.111,0.802533,800.742,895.192,0.768371,797.823,883.488,0.803147
880.147,624.556,0.940252,856.838,665.694,0.949756,833.289,662.778,0.941204,809.473,695.254,0.900649,786.012,730.44,0.863116,880.33,668.537,0.901877,880.189,712.741,0.0714622,0,0,0,853.65,753.963,0.833605,833.238,751.016,0.872537,812.64,809.885,0.93061,800.788,880.437,0.868314,862.651,756.898,0.837127,856.683,812.823,0.948716,836.272,880.461,0.921767,871.359,621.581,0.905313,880.25,621.61,0.804441,856.613,624.511,0.953907,0,0,0,856.726,895.186,0.809809,859.592,886.426,0.851834,833.185,883.479,0.835254,812.467,895.297,0.801108,800.735,892.361,0.767535,797.827,883.481,0.801447
880.147,624.557,0.939778,856.837,665.695,0.950084,833.289,662.778,0.941472,809.473,695.252,0.901497,786.016,730.435,0.864245,880.327,668.537,0.902037,880.179,712.74,0.0711651,0,0,0,853.646,753.968,0.833447,833.236,751.021,0.872727,812.636,809.888,0.931787,800.79,880.435,0.86819,862.646,756.903,0.838259,856.683,812.824,0.948983,836.274,880.458,0.921439,871.359,621.582,0.905144,880.25,621.611,0.80474,856.614,624.512,0.953558,0,0,0,856.721,892.366,0.810522,859.592,886.424,0.852777,833.187,883.476,0.835811,812.469,895.296,0.801209,800.737,892.361,0.767423,797.829,883.479,0.801673
880.147,624.557,0.939778,856.837,665.695,0.950083,833.289,662.778,0.941472,809.473,695.252,0.901497,786.016,730.435,0.864245,880.327,668.537,0.902037,880.179,712.74,0.071165,0,0,0,853.646,753.968,0.833447,833.236,751.022,0.872727,812.636,809.888,0.931787,800.79,880.435,0.86819,862.646,756.903,0.838258,856.683,812.824,0.948983,836.274,880.458,0.921439,871.359,621.582,0.905144,880.25,621.611,0.80474,856.614,624.512,0.953558,0,0,0,856.721,892.366,0.810522,859.592,886.424,0.852777,833.187,883.476,0.835811,812.469,895.295,0.801209,800.737,892.361,0.767423,797.829,883.479,0.801673
880.147,624.557,0.939778,856.837,665.695,0.950083,833.289,662.778,0.941472,809.473,695.252,0.901497,786.016,730.435,0.864245,880.327,668.537,0.902037,880.179,712.74,0.071165,0,0,0,853.646,753.968,0.833447,833.236,751.022,0.872727,812.636,809.888,0.931787,800.79,880.435,0.86819,862.646,756.903,0.838258,856.683,812.824,0.948983,836.274,880.458,0.921439,871.359,621.582,0.905144,880.25,621.611,0.80474,856.614,624.512,0.953558,0,0,0,856.721,892.366,0.810522,859.592,886.424,0.852777,833.187,883.476,0.835811,812.469,895.295,0.801209,800.737,892.361,0.767423,797.829,883.479,0.801673
880.147,624.557,0.939778,856.837,665.695,0.950083,833.289,662.778,0.941472,809.473,695.252,0.901497,786.016,730.435,0.864245,880.327,668.537,0.902037,880.179,712.74,0.071165,0,0,0,853.646,753.968,0.833447,833.236,751.022,0.872727,812.636,809.888,0.931787,800.79,880.435,0.86819,862.646,756.903,0.838258,856.683,812.824,0.948983,836.274,880.458,0.921439,871.359,621.582,0.905144,880.25,621.611,0.80474,856.614,624.512,0.953558,0,0,0,856.721,892.366,0.810522,859.592,886.424,0.852777,833.187,883.476,0.835811,812.469,895.295,0.801209,800.737,892.361,0.767423,797.829,883.479,0.801673
880.147,624.557,0.93978,856.837,665.695,0.950081,833.289,662.779,0.941479,809.473,695.252,0.901468,786.016,730.435,0.864217,880.327,668.537,0.902041,880.179,712.74,0.0711693,0,0,0,853.646,753.968,0.833475,833.236,751.021,0.872726,812.636,809.888,0.93176,800.79,880.435,0.868192,862.646,756.903,0.838267,856.683,812.825,0.948971,836.274,880.458,0.921417,871.359,621.582,0.905148,880.25,621.611,0.804757,856.614,624.512,0.953564,0,0,0,856.721,892.366,0.810504,859.592,886.424,0.852761,833.187,883.476,0.835848,812.469,895.295,0.80127,800.737,892.361,0.767487,797.829,883.479,0.801699
880.147,624.557,0.93978,856.837,665.695,0.950081,833.289,662.779,0.941479,809.473,695.252,0.901468,786.016,730.435,0.864217,880.327,668.537,0.902041,880.179,712.74,0.0711693,0,0,0,853.646,753.968,0.833475,833.236,751.021,0.872726,812.636,809.888,0.93176,800.79,880.435,0.868192,862.646,756.903,0.838267,856.683,812.825,0.948971,836.274,880.458,0.921417,871.359,621.582,0.905148,880.25,621.611,0.804757,856.614,624.512,0.953564,0,0,0,856.721,892.366,0.810504,859.592,886.424,0.852761,833.187,883.476,0.835848,812.469,895.295,0.80127,800.737,892.361,0.767487,797.829,883.479,0.801699
880.147,624.557,0.93978,856.837,665.695,0.950081,833.289,662.779,0.941479,809.473,695.252,0.901468,786.016,730.435,0.864217,880.327,668.537,0.902041,880.179,712.74,0.0711693,0,0,0,853.646,753.968,0.833475,833.236,751.021,0.872726,812.636,809.888,0.93176,800.79,880.435,0.868192,862.646,756.903,0.838267,856.683,812.825,0.948971,836.274,880.458,0.921417,871.359,621.582,0.905148,880.25,621.611,0.804757,856.614,624.512,0.953564,0,0,0,856.721,892.366,0.810504,859.592,886.424,0.852761,833.187,883.476,0.835848,812.469,895.295,0.80127,800.737,892.361,0.767487,797.829,883.479,0.801699
880.147,624.557,0.93978,856.837,665.695,0.950081,833.289,662.779,0.941479,809.473,695.252,0.901468,786.016,730.435,0.864217,880.327,668.537,0.902041,880.179,712.74,0.0711693,0,0,0,853.646,753.968,0.833475,833.236,751.021,0.872726,812.636,809.888,0.93176,800.79,880.435,0.868192,862.646,756.903,0.838267,856.683,812.825,0.948971,836.274,880.458,0.921417,871.359,621.582,0.905148,880.25,621.611,0.804757,856.614,624.512,0.953564,0,0,0,856.721,892.366,0.810504,859.592,886.424,0.852761,833.187,883.476,0.835848,812.469,895.295,0.80127,800.737,892.361,0.767487,797.829,883.479,0.801699
880.147,624.557,0.93978,856.837,665.695,0.950081,833.289,662.779,0.941479,809.473,695.252,0.901468,786.016,730.435,0.864217,880.327,668.537,0.902041,880.179,712.74,0.0711693,0,0,0,853.646,753.968,0.833475,833.236,751.021,0.872726,812.636,809.888,0.93176,800.79,880.435,0.868192,862.646,756.903,0.838267,856.683,812.825,0.948971,836.274,880.458,0.921417,871.359,621.582,0.905148,880.25,621.611,0.804757,856.614,624.512,0.953564,0,0,0,856.721,892.366,0.810504,859.592,886.424,0.852761,833.187,883.476,0.835848,812.469,895.295,0.80127,800.737,892.361,0.767487,797.829,883.479,0.801699
880.119,624.527,0.938803,859.52,665.685,0.949088,835.972,662.742,0.939039,809.506,695.242,0.909783,785.975,730.452,0.859235,880.353,668.548,0.901554,880.225,712.745,0.0724407,0,0,0,853.675,754.002,0.837346,833.261,751.042,0.870685,812.668,809.9,0.925929,800.771,880.436,0.863701,862.671,756.944,0.838371,856.684,812.838,0.94617,836.277,880.461,0.926999,868.502,621.551,0.905828,880.238,621.58,0.8234,856.622,624.483,0.954563,0,0,0,856.736,892.354,0.812002,859.593,886.414,0.854078,833.19,883.478,0.850847,809.693,898.122,0.793295,797.866,892.358,0.757134,797.837,883.478,0.796932
877.354,624.53,0.923938,856.841,665.674,0.943467,835.975,662.716,0.933552,809.687,697.998,0.902153,792.055,727.493,0.780004,880.311,668.544,0.890951,880.329,712.698,0.0670103,0,0,0,850.852,753.923,0.819958,833.224,748.129,0.869033,812.648,809.838,0.921336,794.938,877.602,0.822903,862.621,756.879,0.830745,856.657,812.798,0.951043,836.191,880.42,0.925351,868.434,621.549,0.902726,880.201,621.587,0.832816,856.608,624.482,0.950281,0,0,0,856.751,889.393,0.820689,859.539,883.588,0.868913,833.093,883.438,0.831671,809.702,895.206,0.751443,797.836,892.314,0.717765,792.005,883.417,0.77274
880.099,624.582,0.925801,856.84,665.605,0.93277,836.242,662.689,0.894254,824.37,703.923,0.820992,827.228,742.135,0.852051,880.082,668.491,0.886101,877.304,709.756,0.704544,883.214,739.389,0.831537,853.712,748.12,0.84457,836.112,748.049,0.880965,815.579,809.821,0.892392,797.813,871.689,0.792382,862.538,751.031,0.852213,856.692,812.832,0.941497,836.235,877.593,0.903159,868.469,621.635,0.905363,880.151,621.647,0.735931,856.618,624.58,0.94631,0,0,0,859.578,886.497,0.844584,859.616,883.483,0.89512,833.15,880.63,0.838368,812.543,889.417,0.697881,800.783,889.35,0.687961,791.997,880.48,0.757414
877.363,624.576,0.922852,859.521,665.592,0.931446,836.238,662.656,0.891852,824.357,703.929,0.824404,827.27,742.187,0.866379,880.111,668.499,0.894976,877.327,709.775,0.683533,883.212,742.099,0.807474,853.746,748.119,0.846656,836.14,748.052,0.876877,815.565,809.826,0.898583,794.93,874.577,0.807088,862.574,751.034,0.846184,856.679,812.819,0.947331,836.221,877.575,0.903444,868.437,621.632,0.909599,880.143,621.65,0.767625,856.627,624.572,0.949462,0,0,0,859.566,886.524,0.84634,859.609,883.499,0.894691,833.11,880.62,0.852234,812.457,892.318,0.728809,797.872,889.431,0.711988,791.95,880.521,0.788606
880.078,624.586,0.92254,859.519,665.596,0.932154,836.239,662.66,0.892216,824.361,703.929,0.824384,827.27,742.188,0.865458,880.105,668.505,0.894313,877.325,709.782,0.684348,883.213,742.099,0.807742,853.749,748.123,0.846494,836.142,748.055,0.876373,815.563,809.828,0.898613,794.925,871.75,0.806523,862.575,751.039,0.845887,856.682,812.817,0.9468,836.221,877.573,0.90253,868.444,621.639,0.908913,880.145,621.657,0.759828,856.626,624.579,0.948217,0,0,0,859.572,886.516,0.846032,859.613,883.494,0.893525,833.108,880.617,0.852402,812.455,892.308,0.727015,797.869,889.422,0.710641,791.943,880.512,0.786966
880.077,624.589,0.922485,859.516,665.597,0.932073,836.238,662.66,0.891644,824.368,703.927,0.824311,827.268,742.185,0.864464,880.102,668.506,0.894698,877.327,709.787,0.684873,883.216,742.101,0.808722,853.746,748.124,0.845978,836.139,748.057,0.876629,815.56,809.831,0.89959,794.933,871.749,0.806064,862.573,751.042,0.84603,856.681,812.821,0.946495,836.222,877.571,0.902509,868.442,621.643,0.909282,880.144,621.66,0.761564,856.626,624.582,0.948113,0,0,0,859.571,886.517,0.84588,859.615,883.494,0.893157,833.108,880.614,0.850477,812.453,892.305,0.727244,797.868,889.419,0.711187,791.952,880.513,0.783392
877.368,624.586,0.922705,859.515,665.596,0.931896,836.237,662.659,0.891925,824.366,703.928,0.824303,827.265,742.185,0.863651,880.1,668.507,0.894351,877.328,709.789,0.684401,883.219,742.102,0.807909,853.746,748.124,0.845873,836.138,748.057,0.876749,815.557,809.831,0.899755,794.928,871.752,0.805695,862.574,751.042,0.845946,856.684,812.822,0.946064,836.221,877.573,0.902773,868.44,621.642,0.909222,880.142,621.658,0.758608,856.624,624.583,0.947118,0,0,0,859.574,886.512,0.845337,859.615,883.492,0.892063,833.106,880.614,0.852136,809.708,892.304,0.726263,797.86,889.415,0.710284,791.95,880.514,0.781663
877.359,624.585,0.921898,859.515,665.596,0.931811,836.235,662.658,0.891595,824.367,703.926,0.824544,827.265,742.182,0.863735,880.099,668.507,0.894863,877.335,709.789,0.688773,883.223,742.104,0.811564,853.742,748.128,0.844878,836.135,748.061,0.876775,815.551,809.84,0.902188,794.931,874.585,0.806007,862.572,751.047,0.845838,856.682,812.829,0.945717,836.223,877.572,0.902979,868.43,621.641,0.909552,880.137,621.656,0.763347,856.622,624.583,0.945912,0,0,0,859.575,886.518,0.845175,859.618,883.495,0.892021,833.108,880.611,0.851,809.711,892.312,0.726658,797.866,889.423,0.710278,791.953,880.525,0.781738
877.356,624.584,0.921772,859.516,665.596,0.931786,836.236,662.66,0.891808,824.368,703.927,0.824597,827.266,742.181,0.86347,880.101,668.507,0.894799,877.34,709.788,0.691994,883.224,742.105,0.814127,853.744,748.129,0.844965,836.135,748.062,0.876627,815.552,809.841,0.90216,794.931,874.586,0.806013,862.574,751.047,0.845582,856.681,812.829,0.945439,836.223,877.573,0.903191,865.62,621.635,0.909555,880.136,621.655,0.765623,856.623,624.583,0.945624,0,0,0,859.575,886.519,0.845205,859.618,883.495,0.892265,833.107,880.612,0.8513,812.45,892.309,0.727223,797.866,889.423,0.710856,791.952,880.525,0.782747
877.355,624.582,0.922312,859.521,665.595,0.931556,836.237,662.657,0.891174,824.367,703.926,0.825071,827.264,742.182,0.86399,880.111,668.507,0.896319,877.348,709.783,0.694259,883.226,742.105,0.81407,853.744,748.126,0.845287,836.134,748.059,0.877322,815.551,809.84,0.902458,794.93,874.586,0.806415,862.575,751.044,0.845705,856.682,812.828,0.945988,836.222,877.573,0.903412,865.618,621.636,0.910274,880.136,621.655,0.771139,856.624,624.584,0.94577,0,0,0,859.575,886.518,0.84545,859.619,883.495,0.892199,833.106,880.612,0.851039,812.45,892.311,0.728076,797.866,889.425,0.711369,791.952,880.525,0.782403
877.354,624.582,0.922321,859.521,665.596,0.931575,836.237,662.658,0.891432,824.367,703.927,0.825255,827.264,742.18,0.863977,880.112,668.507,0.896271,877.352,709.781,0.697548,883.228,742.106,0.816449,853.744,748.127,0.845312,836.134,748.059,0.877275,815.551,809.84,0.902459,794.931,874.586,0.806126,862.577,751.045,0.845589,856.681,812.828,0.945768,836.222,877.573,0.903433,865.617,621.635,0.910445,880.136,621.655,0.773935,856.624,624.585,0.94553,0,0,0,859.575,886.518,0.845475,859.618,883.495,0.892572,833.106,880.613,0.85148,812.451,892.313,0.728022,797.867,889.426,0.711359,791.953,880.526,0.782853
877.35,624.581,0.922463,859.525,665.595,0.931492,836.239,662.656,0.890963,824.367,703.926,0.825587,827.263,742.18,0.864221,880.119,668.507,0.89736,877.354,709.779,0.697324,883.228,742.105,0.814984,853.744,748.125,0.8455,836.132,748.057,0.87778,815.551,809.84,0.90275,794.928,874.588,0.80648,862.577,751.043,0.845667,856.682,812.828,0.946149,836.222,877.573,0.903398,865.613,621.635,0.911293,880.136,621.654,0.779997,856.624,624.586,0.945589,0,0,0,859.575,886.519,0.845774,859.617,883.495,0.892538,833.104,880.613,0.851068,812.453,892.318,0.72894,797.868,889.431,0.711571,791.949,880.527,0.782934
877.35,624.581,0.922456,859.525,665.594,0.931473,836.239,662.656,0.890971,824.367,703.926,0.825589,827.263,742.181,0.864254,880.119,668.507,0.897347,877.354,709.779,0.697399,883.228,742.105,0.815069,853.744,748.126,0.845455,836.132,748.058,0.877747,815.551,809.84,0.902716,794.928,874.588,0.806423,862.577,751.043,0.845698,856.682,812.828,0.946235,836.222,877.573,0.90354,865.613,621.635,0.911272,880.136,621.655,0.779863,856.624,624.586,0.945584,0,0,0,859.575,886.519,0.845699,859.618,883.495,0.892716,833.105,880.613,0.851283,812.454,892.317,0.72876,797.868,889.432,0.711522,791.949,880.527,0.782957
,,,,,,,,,,,,,,,,,,,,,,,,,,,,,,,,,,,,,,,,,,,,,,,,,,,,,,,,,,,,,,,,,,,,,,,,,,
,,,,,,,,,,,,,,,,,,,,,,,,,,,,,,,,,,,,,,,,,,,,,,,,,,,,,,,,,,,,,,,,,,,,,,,,,,
,,,,,,,,,,,,,,,,,,,,,,,,,,,,,,,,,,,,,,,,,,,,,,,,,,,,,,,,,,,,,,,,,,,,,,,,,,
,,,,,,,,,,,,,,,,,,,,,,,,,,,,,,,,,,,,,,,,,,,,,,,,,,,,,,,,,,,,,,,,,,,,,,,,,,
,,,,,,,,,,,,,,,,,,,,,,,,,,,,,,,,,,,,,,,,,,,,,,,,,,,,,,,,,,,,,,,,,,,,,,,,,,
,,,,,,,,,,,,,,,,,,,,,,,,,,,,,,,,,,,,,,,,,,,,,,,,,,,,,,,,,,,,,,,,,,,,,,,,,,
,,,,,,,,,,,,,,,,,,,,,,,,,,,,,,,,,,,,,,,,,,,,,,,,,,,,,,,,,,,,,,,,,,,,,,,,,,
,,,,,,,,,,,,,,,,,,,,,,,,,,,,,,,,,,,,,,,,,,,,,,,,,,,,,,,,,,,,,,,,,,,,,,,,,,
,,,,,,,,,,,,,,,,,,,,,,,,,,,,,,,,,,,,,,,,,,,,,,,,,,,,,,,,,,,,,,,,,,,,,,,,,,
 ,,,,,,,,,,,,,,,,,,,,,,,,,,,,,,,,,,,,,,,,,,,,,,,,,,,,,,,,,,,,,,,,,,,,,,,,,,
