877.598,527.247,0.874306,836.438,556.725,0.95394,812.994,550.999,0.940445,809.847,612.671,0.860407,845.204,651.038,0.82462,859.873,565.612,0.883468,851.03,621.456,0.883361,859.914,651.052,0.893085,801.02,650.955,0.823072,786.175,648.081,0.856505,783.403,733.295,0.86387,783.281,803.988,0.839277,815.729,653.887,0.832453,821.722,724.523,0.822438,833.28,809.777,0.931898,871.645,515.521,0.798295,0,0,0,853.936,515.518,0.853103,0,0,0,856.992,821.66,0.837584,856.985,812.912,0.882781,818.789,812.927,0.904424,795.141,818.794,0.845332,783.429,821.64,0.862794,780.394,809.816,0.792326,
877.523,527.34,0.874334,836.417,553.998,0.952836,812.967,550.998,0.94362,806.986,609.744,0.839514,839.417,648.153,0.85284,859.86,565.563,0.880484,851.065,621.423,0.85926,859.954,648.141,0.882444,801.073,650.957,0.823968,786.197,648.077,0.854602,783.39,733.309,0.858801,783.271,803.972,0.837173,815.789,653.884,0.829574,824.633,727.436,0.814923,833.285,809.772,0.930962,868.752,518.477,0.796439,0,0,0,851.075,515.538,0.840985,0,0,0,856.991,821.667,0.83546,856.983,812.912,0.881719,818.791,812.922,0.903664,795.142,818.793,0.845714,783.431,821.64,0.86214,780.388,809.805,0.789709,
874.681,530.162,0.865719,836.396,553.992,0.95267,812.956,551.012,0.944329,807.004,609.779,0.837973,839.415,648.139,0.856367,859.821,562.71,0.881677,851.096,621.36,0.84916,859.924,648.103,0.877357,801.07,650.968,0.824257,786.196,648.091,0.852598,783.409,733.354,0.865236,780.506,803.961,0.835835,815.789,653.885,0.829665,824.634,727.514,0.813896,833.296,809.773,0.931447,865.898,521.473,0.808648,0,0,0,851.039,515.569,0.831285,0,0,0,856.996,821.674,0.831617,856.994,812.914,0.878592,821.612,812.919,0.898775,795.149,821.612,0.846334,783.437,821.651,0.863491,780.367,809.796,0.788693,
874.695,530.175,0.864093,836.379,556.731,0.948617,812.939,553.718,0.944958,809.786,615.622,0.84087,851.045,651.006,0.823599,859.806,562.718,0.883113,853.959,621.444,0.868841,862.821,648.143,0.818321,801.044,650.984,0.823261,786.185,648.115,0.85096,783.44,733.389,0.872645,780.504,803.946,0.83504,815.759,653.901,0.832609,824.651,727.465,0.813998,833.3,809.763,0.928705,868.726,521.483,0.80761,0,0,0,851.061,515.601,0.832706,0,0,0,857.008,821.663,0.829978,856.998,812.909,0.876433,821.617,812.914,0.896795,795.136,821.625,0.85049,783.434,821.652,0.866106,777.557,809.778,0.787726,
877.485,527.381,0.872351,836.379,556.726,0.948453,812.934,553.74,0.946783,809.845,615.635,0.851547,851.054,651.012,0.816728,859.806,562.667,0.884846,853.982,621.386,0.864752,860.078,648.139,0.826236,801.038,650.963,0.824655,786.18,648.101,0.851773,783.445,733.393,0.874165,780.5,803.947,0.833916,815.758,653.877,0.833441,824.66,727.434,0.813043,833.302,809.759,0.927562,868.732,518.537,0.803464,0,0,0,851.085,515.559,0.841506,0,0,0,857.021,821.661,0.832619,857.002,812.911,0.880273,821.618,812.913,0.893884,795.128,821.63,0.853024,783.431,821.651,0.866357,777.553,809.776,0.785132,
874.59,527.453,0.871774,836.372,553.991,0.951241,812.909,553.722,0.950747,809.763,615.564,0.834665,851.149,653.881,0.826476,859.809,562.625,0.888536,851.143,621.389,0.856051,859.994,648.14,0.8073,801.015,650.973,0.823254,783.464,648.11,0.850851,786.172,733.377,0.880008,780.47,801.102,0.827889,815.736,653.898,0.834136,824.645,727.52,0.808742,833.299,809.775,0.931872,865.796,521.489,0.830014,0,0,0,848.111,515.628,0.828599,0,0,0,857.039,821.662,0.834469,857.004,812.912,0.87762,821.613,812.919,0.898022,795.151,821.621,0.848383,783.449,821.645,0.86403,777.507,809.75,0.775596,
874.568,527.393,0.868508,836.365,553.973,0.954238,812.894,553.714,0.954884,806.923,609.783,0.821668,851.075,650.949,0.813518,859.801,559.775,0.890569,851.137,621.395,0.861523,859.993,650.946,0.819454,801.026,650.959,0.823303,783.464,648.098,0.849455,786.19,733.296,0.875281,780.484,801.097,0.827937,815.751,653.877,0.834314,827.479,727.464,0.80741,833.299,809.771,0.930722,862.992,521.436,0.827135,0,0,0,845.258,515.623,0.828197,0,0,0,857.035,821.658,0.833806,856.993,812.912,0.874354,821.615,812.916,0.902406,795.164,818.752,0.845228,783.462,818.787,0.857572,777.517,809.747,0.772302,
1554.47,789.514,0.266539,1563.48,798.115,0.227029,1563.17,792.435,0.166537,0,0,0,0,0,0,1566.25,801.097,0.235333,1566.13,806.997,0.0785278,1563.27,807.022,0.0586456,0,0,0,0,0,0,0,0,0,0,0,0,0,0,0,0,0,0,0,0,0,1554.49,789.263,0.13998,1560.26,789.297,0.349232,0,0,0,1563.45,789.417,0.488106,0,0,0,0,0,0,0,0,0,0,0,0,0,0,0,0,0,0,
874.573,527.348,0.865701,836.373,553.981,0.952331,812.906,553.692,0.953184,806.932,606.826,0.830605,854.006,645.165,0.846666,859.823,562.64,0.891529,851.026,621.419,0.847821,859.939,650.976,0.804542,801.079,650.963,0.822892,786.199,648.087,0.855273,786.216,730.432,0.882118,780.498,801.073,0.830828,815.785,653.902,0.828792,827.505,724.546,0.812694,833.305,809.786,0.934407,862.993,521.38,0.824566,0,0,0,845.268,515.618,0.832393,0,0,0,857.021,821.686,0.833767,856.982,812.933,0.871713,821.631,812.93,0.902988,795.152,818.713,0.848168,783.445,818.746,0.856779,777.532,809.73,0.7689,
1554.52,789.478,0.266353,1563.52,798.112,0.236443,1563.23,795.157,0.177525,0,0,0,0,0,0,1566.25,801.086,0.244777,1563.48,807.035,0.0868487,1563.27,807.03,0.0625745,0,0,0,0,0,0,0,0,0,0,0,0,0,0,0,0,0,0,0,0,0,1557.37,789.205,0.133636,1560.28,789.268,0.351628,0,0,0,1563.46,789.388,0.497927,0,0,0,0,0,0,0,0,0,0,0,0,0,0,0,0,0,0,
871.746,527.347,0.857961,836.375,553.966,0.951699,812.908,551.017,0.954452,809.754,606.863,0.835046,854.076,647.902,0.864567,859.827,562.643,0.886574,851.06,621.431,0.840127,859.955,650.978,0.762319,803.929,651,0.820911,786.222,648.126,0.857064,786.22,733.301,0.886942,780.494,801.086,0.83109,815.823,653.939,0.820703,827.565,724.543,0.822984,833.303,809.808,0.93698,862.988,518.56,0.823325,0,0,0,848.095,515.603,0.83533,0,0,0,857.012,821.714,0.837498,856.98,812.947,0.872887,821.62,812.952,0.900955,795.147,818.701,0.847442,783.436,818.737,0.855986,777.527,809.743,0.759994,
1554.54,789.443,0.267479,1563.55,798.087,0.24315,1563.27,792.424,0.184102,0,0,0,0,0,0,1566.24,801.06,0.251412,1563.44,807.025,0.0917821,1563.25,807.027,0.0645698,0,0,0,0,0,0,0,0,0,0,0,0,0,0,0,0,0,0,0,0,0,1557.39,789.166,0.128604,1560.29,789.238,0.352737,0,0,0,1563.46,789.362,0.508873,0,0,0,0,0,0,0,0,0,0,0,0,0,0,0,0,0,0,
871.72,527.307,0.856502,836.362,553.952,0.955107,812.902,551.027,0.959514,809.854,609.711,0.843528,856.854,647.989,0.872753,859.795,559.785,0.888853,851.077,621.408,0.837118,859.943,650.984,0.747771,801.094,650.94,0.823493,786.218,648.075,0.860667,786.222,730.367,0.885163,780.47,798.124,0.831186,815.774,653.872,0.828791,827.547,721.663,0.833434,833.289,809.768,0.930572,862.962,518.514,0.827482,0,0,0,845.267,515.599,0.834565,0,0,0,856.983,821.675,0.833034,856.96,812.922,0.874127,821.625,812.917,0.896871,795.155,815.9,0.850661,783.432,818.69,0.860742,777.505,806.914,0.751096,
1554.55,789.431,0.261388,1563.52,795.278,0.240073,1563.26,792.39,0.18104,0,0,0,0,0,0,1566.21,798.22,0.247264,1563.45,806.97,0.0907458,1563.26,807,0.065181,0,0,0,0,0,0,0,0,0,0,0,0,0,0,0,0,0,0,0,0,0,1557.41,789.158,0.128346,1560.3,789.231,0.345082,0,0,0,1563.46,789.361,0.499184,0,0,0,0,0,0,0,0,0,0,0,0,0,0,0,0,0,0,
871.686,527.271,0.855665,836.361,553.943,0.957179,812.906,551.029,0.961806,809.935,609.719,0.851866,856.895,647.987,0.878918,859.789,559.767,0.891634,851.106,621.4,0.832298,859.973,650.979,0.727872,801.078,648.172,0.826121,786.21,648.037,0.861464,786.241,724.614,0.893725,780.448,795.241,0.830631,815.746,651.05,0.835699,827.586,721.543,0.844943,833.287,809.761,0.926238,862.928,518.472,0.834434,0,0,0,845.239,515.583,0.837423,0,0,0,857.02,821.662,0.829762,856.977,812.919,0.870197,821.634,812.914,0.892171,795.147,815.891,0.8468,783.43,818.675,0.858832,777.486,806.86,0.741246,
1554.56,789.42,0.255174,1563.52,795.258,0.237002,1563.25,792.365,0.17823,0,0,0,0,0,0,1566.21,798.195,0.243078,1563.45,806.938,0.0902845,1563.26,806.988,0.0654098,0,0,0,0,0,0,0,0,0,0,0,0,0,0,0,0,0,0,0,0,0,1557.42,789.148,0.125623,1560.3,789.225,0.337368,0,0,0,1563.46,789.358,0.489756,0,0,0,0,0,0,0,0,0,0,0,0,0,0,0,0,0,0,
868.811,527.328,0.875398,836.333,556.723,0.951892,812.88,553.751,0.956927,812.727,615.601,0.854072,860.06,645.092,0.876717,857.117,562.663,0.891367,845.232,621.495,0.827233,865.85,648.044,0.718861,801.064,650.941,0.826299,783.457,648.105,0.856329,786.319,724.576,0.901304,780.467,795.177,0.846028,815.747,653.857,0.829529,833.267,721.545,0.879561,833.272,809.743,0.9059,862.874,518.555,0.849603,860.006,527.135,0.0806748,842.337,521.374,0.830985,0,0,0,857.001,821.673,0.840142,856.978,812.915,0.890438,818.741,812.897,0.884238,795.147,815.894,0.859314,783.429,815.897,0.867735,777.479,804.022,0.741044,
871.679,527.24,0.870669,836.327,556.728,0.95076,812.883,553.735,0.957976,812.733,615.623,0.855897,862.839,645.139,0.873202,857.108,562.709,0.894614,845.211,621.531,0.836481,862.936,648.069,0.705405,801.03,650.943,0.825187,783.437,648.107,0.855614,786.322,724.542,0.909719,780.469,795.137,0.848656,813.004,653.867,0.835665,833.292,718.721,0.909499,833.277,807.007,0.898717,862.893,518.453,0.853384,0,0,0,845.16,518.522,0.840922,0,0,0,856.99,821.665,0.834622,856.982,812.908,0.890286,818.744,812.882,0.878132,795.147,815.901,0.860119,783.416,815.89,0.868927,777.485,803.979,0.735272,
868.71,527.304,0.882842,836.294,556.726,0.952203,812.866,553.787,0.960152,812.816,615.615,0.868715,865.812,644.947,0.844342,857.065,562.623,0.895698,845.18,621.438,0.788295,868.748,647.921,0.585025,804.046,653.876,0.829063,786.353,651.011,0.860207,789.154,721.698,0.915875,783.293,795.182,0.864729,815.833,656.812,0.816655,833.373,721.622,0.904181,833.275,809.756,0.901843,860.091,518.544,0.872736,859.849,527.155,0.0646598,839.436,521.431,0.856722,0,0,0,857.012,821.626,0.827108,856.985,812.9,0.883286,818.733,812.912,0.884168,795.188,818.702,0.851502,783.461,815.909,0.871755,777.553,804.024,0.756931,
865.854,527.27,0.880952,836.279,556.719,0.951521,812.857,553.791,0.959933,812.814,615.563,0.865483,865.795,644.921,0.836308,857.043,559.777,0.894722,842.354,621.42,0.790015,868.765,647.903,0.604766,806.84,653.893,0.831536,786.374,651.03,0.860571,789.165,721.689,0.913739,783.293,795.19,0.86043,815.869,656.821,0.810406,833.362,721.592,0.892515,833.301,809.731,0.898843,860.031,518.508,0.877122,859.993,524.336,0.0804885,839.348,521.449,0.865256,0,0,0,857.041,818.806,0.822226,857.026,812.89,0.879715,818.749,812.914,0.878305,795.187,818.701,0.852465,783.455,815.903,0.870319,777.554,804.042,0.749886,
865.834,527.261,0.876849,836.261,553.996,0.956736,812.837,553.803,0.962018,812.857,615.571,0.865822,865.791,644.957,0.845591,857.031,559.72,0.89793,845.202,621.391,0.779636,868.784,647.888,0.592652,806.836,653.9,0.830647,786.375,651.045,0.858434,789.171,721.691,0.913694,783.294,795.179,0.861264,815.867,656.819,0.811431,833.37,721.537,0.897359,833.302,809.729,0.898203,860.011,518.504,0.874519,859.936,524.304,0.0735558,839.31,521.446,0.866837,0,0,0,857.055,818.796,0.816948,857.028,812.887,0.873208,818.755,812.91,0.875993,795.198,818.681,0.851508,786.204,815.892,0.872244,777.547,804.03,0.748587,
865.792,527.233,0.871438,836.26,553.987,0.958926,812.84,553.794,0.963951,812.832,612.727,0.866271,862.968,644.928,0.847562,857.022,559.712,0.895727,845.221,621.387,0.775838,871.693,647.888,0.591563,806.848,653.882,0.83322,786.391,651.039,0.860734,789.17,721.681,0.916105,783.31,795.166,0.862711,815.876,653.975,0.80995,833.371,718.759,0.904675,833.302,807.006,0.894881,859.988,518.479,0.873115,859.811,524.32,0.0536715,839.32,521.443,0.868915,0,0,0,857.053,818.799,0.810674,857.028,812.888,0.866465,818.755,812.896,0.87059,795.241,815.877,0.845282,786.241,815.867,0.873976,777.556,804.013,0.744723,
865.78,527.259,0.871363,836.259,553.987,0.957778,812.838,553.788,0.966136,812.865,612.701,0.867474,862.978,644.931,0.854107,857.009,559.72,0.891671,845.259,621.377,0.769554,871.665,647.895,0.587013,806.858,653.896,0.833214,786.402,651.049,0.859555,789.174,721.686,0.915048,783.301,795.185,0.859489,815.883,656.803,0.80721,833.372,718.767,0.902177,833.303,809.723,0.897075,859.983,518.511,0.870531,859.812,527.133,0.0657125,839.322,521.451,0.867823,0,0,0,857.03,821.62,0.817844,857.006,812.891,0.874302,818.764,812.9,0.869776,795.243,818.685,0.838551,786.235,815.894,0.864259,777.545,804.036,0.746048,
865.765,527.302,0.873508,836.252,553.989,0.957525,812.831,553.79,0.9669,812.893,612.719,0.866347,862.979,644.932,0.857813,856.996,559.72,0.889515,845.271,621.371,0.765113,868.791,645.196,0.592926,806.875,653.914,0.834098,786.42,651.063,0.857655,789.171,721.692,0.914745,783.3,795.205,0.858371,815.893,656.82,0.805307,833.375,718.778,0.899306,833.3,809.731,0.899309,859.975,518.552,0.868138,859.862,527.183,0.0787157,839.312,521.446,0.866324,0,0,0,857.001,818.803,0.823108,856.991,812.886,0.881046,818.76,812.906,0.86972,798.076,818.702,0.834418,786.248,815.907,0.860003,777.542,804.056,0.747005,
856.894,536.151,0.866415,833.421,556.766,0.949033,809.966,554.002,0.923054,830.451,618.458,0.848219,880.625,630.314,0.795812,856.866,556.849,0.897283,853.991,615.667,0.74766,883.522,636.264,0.646233,809.902,665.645,0.915918,789.365,665.592,0.87924,801.042,721.632,0.881013,783.397,798.113,0.876683,827.557,665.702,0.870647,839.368,727.455,0.858889,833.402,809.757,0.947168,848.204,530.178,0.845681,857.061,530.172,0.817242,830.458,524.446,0.865897,0,0,0,859.854,821.69,0.858077,857.102,813.005,0.898058,821.621,812.876,0.915397,795.256,815.893,0.826862,786.315,815.855,0.875222,780.374,806.91,0.780167,
856.903,533.265,0.8702,833.403,556.776,0.947594,809.922,553.984,0.927172,830.432,615.685,0.850879,880.628,630.326,0.798994,856.869,559.662,0.896555,854.054,615.683,0.760414,883.55,636.248,0.644336,809.912,665.633,0.914549,789.364,665.582,0.879048,801.043,721.625,0.882494,783.397,798.136,0.878498,827.589,665.693,0.870863,839.373,727.449,0.859376,833.404,809.765,0.950209,848.207,527.38,0.837794,857.033,527.416,0.760523,830.458,524.406,0.865434,0,0,0,859.848,821.673,0.859841,857.097,812.997,0.902001,821.622,812.88,0.918315,798.083,815.895,0.826845,786.326,815.858,0.873711,780.378,806.93,0.786891,
856.9,536.161,0.866311,833.384,556.8,0.940189,809.895,556.72,0.921372,830.466,618.468,0.855646,880.611,630.321,0.802189,856.858,559.702,0.895869,856.848,615.679,0.785289,883.571,636.236,0.647845,809.915,665.629,0.915597,789.366,665.579,0.878771,801.036,721.626,0.882864,783.416,798.146,0.882052,827.593,665.687,0.870793,839.368,727.452,0.859244,833.388,809.758,0.950554,851.043,530.221,0.850152,857.027,530.224,0.753695,830.486,527.18,0.866539,0,0,0,859.885,821.655,0.859343,857.114,812.99,0.900886,818.785,812.888,0.927397,798.099,815.882,0.820629,786.33,815.85,0.865237,780.406,806.951,0.795441,
856.911,533.311,0.888019,833.284,556.826,0.915904,809.813,556.764,0.904934,833.352,618.478,0.864603,883.556,624.557,0.873562,853.989,559.662,0.87967,857.01,615.646,0.794316,886.476,624.606,0.603703,809.962,665.716,0.932297,789.446,665.654,0.883469,806.853,721.599,0.910735,783.41,798.08,0.869308,830.395,668.494,0.88033,845.209,727.496,0.840659,833.408,806.938,0.932233,851.084,527.463,0.87148,856.988,530.206,0.633985,827.602,524.396,0.848915,0,0,0,859.917,818.741,0.872343,859.831,812.926,0.912272,818.781,812.782,0.8984,798.102,815.869,0.819691,786.328,815.823,0.869546,777.56,806.848,0.783499,
856.989,536.181,0.870693,833.283,556.856,0.913207,809.827,556.758,0.909758,833.408,615.671,0.87465,883.462,624.539,0.888708,853.976,562.615,0.862254,856.988,615.623,0.75953,883.543,624.584,0.549592,809.99,665.71,0.930708,789.457,665.64,0.87905,806.841,721.62,0.908256,783.412,798.127,0.870789,830.441,668.495,0.88728,845.205,727.505,0.839232,833.392,806.923,0.930865,853.97,530.205,0.874094,857.021,530.263,0.464871,830.415,524.429,0.862806,0,0,0,859.912,818.728,0.874439,859.84,812.919,0.917287,818.756,812.773,0.903888,798.138,815.842,0.812562,786.335,815.819,0.860317,777.536,806.909,0.790218,
857.002,527.274,0.900533,830.498,556.882,0.899216,809.818,556.784,0.904044,833.325,612.666,0.864759,883.551,621.521,0.873638,851.054,559.793,0.842073,857.048,615.595,0.805654,889.397,624.499,0.649529,812.762,665.659,0.918416,795.155,665.608,0.841636,809.821,718.811,0.963766,786.173,798.125,0.869913,830.508,665.72,0.874556,853.935,727.458,0.851541,833.386,806.883,0.911541,851.105,518.516,0.803627,856.816,527.207,0.0677829,830.422,524.279,0.865415,0,0,0,859.924,815.898,0.864898,859.817,812.878,0.896805,818.787,812.716,0.88617,798.098,815.759,0.790988,786.359,815.753,0.839516,780.385,806.916,0.798664,
856.87,530.273,0.879995,830.484,556.885,0.900508,809.831,556.799,0.903796,833.316,612.669,0.872177,883.472,621.577,0.896763,848.173,559.783,0.84053,857.054,615.583,0.80175,889.323,624.408,0.671375,812.747,665.659,0.916452,795.17,665.618,0.840388,809.819,718.77,0.970015,786.182,798.139,0.871734,830.469,665.718,0.867678,853.933,727.451,0.848016,833.394,806.91,0.913358,848.161,527.179,0.818471,853.969,527.287,0.171977,827.537,524.392,0.854662,0,0,0,859.995,818.706,0.859966,859.855,812.907,0.889276,818.775,812.74,0.891443,795.242,815.766,0.786377,786.328,815.757,0.832166,780.39,806.942,0.801359,
848.164,527.376,0.874832,830.423,559.754,0.880048,809.773,559.749,0.876891,836.27,615.625,0.875489,886.432,618.496,0.80917,845.241,559.734,0.843429,859.928,621.445,0.852955,892.295,615.591,0.681864,812.845,665.701,0.905645,798.177,665.693,0.835959,809.932,724.512,0.939165,786.217,801.037,0.878247,833.282,668.457,0.857444,856.847,730.418,0.884557,833.394,806.878,0.895601,836.559,524.281,0.86229,845.174,524.329,0.374696,815.795,527.23,0.909615,0,0,0,859.947,818.774,0.860207,859.818,812.947,0.883675,818.744,810,0.846729,795.255,815.841,0.777502,786.329,815.807,0.825451,780.382,806.977,0.813949,
845.203,527.468,0.866685,830.412,559.747,0.876133,809.781,559.746,0.880138,836.302,615.636,0.879956,886.446,618.49,0.809388,845.211,559.712,0.846263,859.93,621.412,0.848499,892.276,615.573,0.687298,812.844,665.708,0.906031,801.006,665.711,0.836758,809.93,724.521,0.937152,786.222,801.036,0.879668,833.275,668.461,0.856665,856.849,730.422,0.885037,833.396,806.861,0.892467,836.48,524.373,0.881663,845.195,524.444,0.532772,815.747,527.257,0.914892,0,0,0,859.939,818.768,0.859843,859.817,812.939,0.886294,818.751,809.98,0.841996,798.089,815.834,0.771884,786.334,815.803,0.818043,780.381,806.976,0.810814,
842.307,530.19,0.86821,830.394,559.732,0.873254,809.776,559.73,0.882077,836.306,615.627,0.882001,886.452,618.489,0.810832,845.188,559.685,0.849263,859.936,621.383,0.843021,892.261,615.572,0.691022,812.836,665.705,0.906159,798.17,665.702,0.836272,809.928,724.519,0.936256,786.227,801.039,0.880266,830.553,668.457,0.855309,856.851,730.426,0.886429,833.394,806.866,0.892486,836.429,524.406,0.889521,845.168,527.23,0.609489,813.01,527.261,0.91521,0,0,0,859.935,818.774,0.856775,859.818,812.941,0.88535,818.75,809.99,0.838744,798.106,815.832,0.764437,786.341,815.804,0.811821,780.382,806.977,0.810139,
842.305,530.183,0.86861,830.394,559.735,0.873134,809.776,559.732,0.881877,836.306,615.631,0.882262,886.452,618.49,0.810857,845.189,559.691,0.84918,859.937,621.383,0.843238,892.26,615.569,0.690951,812.835,665.705,0.906225,798.168,665.702,0.836431,809.928,724.52,0.936203,786.226,801.036,0.880217,830.552,668.456,0.855148,856.851,730.426,0.886319,833.394,806.868,0.892699,836.426,524.401,0.889467,845.166,527.224,0.609106,813.009,527.261,0.915565,0,0,0,859.934,818.772,0.856494,859.817,812.941,0.884866,818.749,809.99,0.838761,798.105,815.83,0.764769,786.342,815.801,0.812105,777.566,806.973,0.810274,
842.3,530.191,0.86878,830.394,559.737,0.872986,809.776,559.733,0.881791,836.306,615.633,0.882425,886.452,618.491,0.810936,845.189,559.693,0.849045,859.937,621.383,0.843151,892.26,615.568,0.690767,812.835,665.705,0.906295,798.167,665.702,0.836562,809.928,724.52,0.936162,786.226,801.034,0.880273,830.551,668.456,0.855095,856.851,730.425,0.886308,833.394,806.867,0.8927,836.423,524.407,0.889753,845.165,527.231,0.616742,813.007,527.262,0.915871,0,0,0,859.934,818.773,0.856551,859.817,812.941,0.88495,818.749,809.99,0.838743,798.106,815.829,0.765016,786.343,815.8,0.812461,777.566,806.971,0.810151,
842.294,530.199,0.869182,830.393,559.739,0.872704,809.777,559.735,0.881757,836.306,615.64,0.882922,886.452,618.495,0.811508,845.188,559.698,0.848794,859.939,621.381,0.842723,892.262,612.747,0.690015,812.834,665.703,0.906104,798.166,665.702,0.836677,809.928,724.52,0.936143,786.226,801.033,0.880335,830.549,668.454,0.854565,856.85,730.424,0.886259,833.394,806.867,0.892733,836.42,524.413,0.89012,845.168,527.237,0.625042,813.005,527.264,0.916218,0,0,0,859.933,818.772,0.856699,859.817,812.941,0.88508,818.749,809.989,0.838898,798.107,815.828,0.765083,786.345,815.8,0.812828,780.38,806.971,0.810162,
842.288,530.21,0.869635,830.393,559.743,0.872333,809.778,559.738,0.881557,836.308,615.643,0.883427,886.454,618.494,0.811254,845.188,559.702,0.848566,859.935,618.642,0.841872,892.259,612.746,0.689585,812.834,665.701,0.90591,798.165,665.699,0.836445,809.928,724.52,0.93616,786.227,801.032,0.880483,830.548,668.451,0.854044,856.85,730.423,0.886144,833.394,806.867,0.892817,836.417,524.422,0.890663,845.173,527.243,0.634541,813.002,527.267,0.916818,0,0,0,859.933,818.773,0.856623,859.817,812.941,0.884986,818.749,809.989,0.839061,798.108,815.828,0.764996,786.345,815.799,0.812782,780.381,806.971,0.81024,
833.412,530.333,0.878506,818.688,571.404,0.865782,806.894,568.522,0.866881,851.105,600.922,0.845172,886.453,583.284,0.786426,836.33,571.551,0.870604,880.418,621.504,0.925222,895.224,592.021,0.760773,818.717,671.591,0.861921,809.832,671.585,0.917638,818.716,736.365,0.839121,786.388,801.085,0.836402,833.511,671.629,0.878262,862.961,739.084,0.870183,833.523,809.833,0.899807,827.489,527.341,0.852821,830.519,527.359,0.378017,809.876,530.308,0.904814,0,0,0,862.924,821.661,0.773311,859.922,815.788,0.742284,821.672,812.831,0.802464,798.136,818.727,0.62116,789.249,815.851,0.697452,783.308,806.97,0.79026,
833.446,530.295,0.93281,815.768,571.493,0.896285,804.025,571.504,0.882378,854.025,597.999,0.900903,889.409,574.315,0.83124,833.542,571.53,0.873096,880.488,621.416,0.905828,898.137,580.286,0.790367,818.712,671.641,0.857841,809.866,671.647,0.918853,824.649,739.112,0.723613,789.175,801.093,0.682752,833.479,671.666,0.87199,868.71,739.086,0.800781,833.573,809.838,0.806648,827.478,527.325,0.87537,833.355,527.383,0.358248,806.989,530.405,0.904633,0,0,0,862.945,821.624,0.696877,859.969,815.792,0.64998,827.496,812.874,0.635396,792.335,818.777,0.530382,789.263,815.866,0.585472,783.419,806.973,0.68355,
833.446,530.295,0.933335,815.769,571.493,0.896144,804.025,571.503,0.882364,854.025,597.999,0.900962,889.409,574.315,0.83136,833.543,571.529,0.872981,880.488,621.417,0.905849,898.137,580.286,0.790353,818.712,671.641,0.857868,809.868,671.647,0.918907,824.656,739.111,0.716886,789.18,801.094,0.676398,833.478,671.666,0.871843,868.713,739.086,0.797248,833.572,809.838,0.803481,827.479,527.325,0.875782,833.357,527.382,0.361444,806.988,530.405,0.90475,0,0,0,862.931,818.807,0.694238,859.97,815.789,0.647279,827.497,812.875,0.630201,792.333,818.777,0.526853,789.267,815.866,0.580531,783.424,806.974,0.679065,
833.447,530.294,0.933601,815.769,571.493,0.896093,804.025,571.503,0.882406,854.026,597.999,0.901014,889.409,574.316,0.831207,833.543,571.528,0.872994,880.488,621.417,0.905869,898.137,580.286,0.790434,818.712,671.641,0.857871,809.868,671.647,0.918903,824.657,739.111,0.715924,789.18,801.094,0.675536,833.478,671.666,0.871834,868.713,739.086,0.796785,833.571,809.837,0.803064,827.479,527.324,0.875903,833.358,527.381,0.361535,806.988,530.404,0.90486,0,0,0,862.932,818.806,0.693955,859.971,815.788,0.646973,827.497,812.875,0.62947,792.334,818.777,0.526248,789.267,815.866,0.579801,783.424,806.974,0.678529,
833.447,530.291,0.933826,815.769,571.492,0.896064,804.026,571.503,0.882491,854.026,597.999,0.90106,889.409,574.317,0.831196,833.543,571.527,0.87302,880.488,621.417,0.905893,898.138,580.286,0.790447,818.712,671.641,0.857885,809.868,671.647,0.918932,824.659,739.111,0.71488,789.182,801.095,0.674624,833.478,671.665,0.871774,868.714,739.086,0.796284,833.571,809.837,0.802552,827.478,527.322,0.875742,833.357,527.38,0.360746,806.989,530.404,0.905091,0,0,0,862.934,818.806,0.69351,859.973,815.788,0.646627,827.497,812.874,0.628676,792.334,818.777,0.525372,789.268,815.865,0.578775,783.426,806.975,0.67789,
833.448,530.288,0.933842,815.769,571.492,0.895934,804.025,571.503,0.882485,854.026,598,0.901134,889.41,574.316,0.830842,833.543,571.526,0.872839,880.488,621.416,0.905906,898.138,580.286,0.790555,818.712,671.64,0.857905,809.869,671.646,0.918949,824.667,739.111,0.708067,789.187,801.096,0.668338,833.477,671.665,0.871595,868.712,739.086,0.792174,833.569,809.836,0.799322,827.482,527.319,0.875545,833.355,527.377,0.354306,806.992,530.404,0.905287,0,0,0,862.939,818.802,0.690534,859.977,815.784,0.643645,827.498,812.876,0.622594,792.336,818.777,0.520525,789.273,815.865,0.573262,783.43,806.977,0.673427,
830.544,530.288,0.875771,815.844,574.325,0.911983,806.894,574.505,0.920165,859.907,592.104,0.84769,883.566,550.917,0.888026,833.526,574.277,0.853887,889.314,600.861,0.866699,886.5,553.807,0.821641,827.549,680.362,0.815573,812.745,680.368,0.867944,824.64,742.089,0.894792,789.169,801.078,0.87321,836.469,677.435,0.850599,877.542,739.264,0.955384,836.38,809.77,0.921134,818.719,530.176,0.854313,818.76,527.299,0.215742,806.958,539.159,0.857673,0,0,0,862.842,818.778,0.785777,859.868,815.736,0.765686,830.372,812.71,0.88561,798.124,818.752,0.720937,789.175,815.784,0.783433,786.203,806.878,0.82473,
830.487,530.407,0.859401,815.823,574.341,0.91569,806.839,574.49,0.909361,859.919,592.056,0.848436,883.565,550.898,0.888084,833.534,574.319,0.859456,886.515,600.859,0.873154,886.517,553.79,0.812664,827.562,680.382,0.815382,812.745,680.38,0.866644,824.637,742.09,0.894438,789.171,801.065,0.873374,836.482,677.458,0.848381,877.539,739.269,0.953979,836.379,809.766,0.919594,815.865,530.27,0.8736,821.726,527.391,0.418325,806.831,542.023,0.845899,0,0,0,862.863,818.755,0.783737,859.882,812.989,0.764212,830.37,810.028,0.876394,798.098,818.773,0.723397,786.463,815.792,0.789572,786.209,806.873,0.830129,
830.487,530.407,0.859401,815.823,574.341,0.91569,806.839,574.49,0.909361,859.919,592.056,0.848436,883.565,550.898,0.888084,833.534,574.319,0.859456,886.515,600.859,0.873154,886.517,553.79,0.812664,827.562,680.382,0.815382,812.745,680.38,0.866644,824.637,742.09,0.894438,789.171,801.065,0.873374,836.482,677.458,0.848381,877.539,739.269,0.953979,836.379,809.766,0.919594,815.865,530.269,0.8736,821.726,527.391,0.418325,806.831,542.023,0.845899,0,0,0,862.863,818.755,0.783737,859.882,812.989,0.764212,830.37,810.028,0.876394,798.098,818.773,0.723397,786.463,815.792,0.789572,786.209,806.873,0.83013,
830.487,530.407,0.859401,815.823,574.341,0.91569,806.839,574.49,0.90936,859.919,592.056,0.848436,883.565,550.898,0.888084,833.534,574.32,0.859456,886.515,600.86,0.873154,886.518,553.79,0.812664,827.562,680.382,0.815382,812.745,680.38,0.866644,824.637,742.09,0.894438,789.171,801.065,0.873374,836.482,677.458,0.848381,877.539,739.269,0.953979,836.379,809.766,0.919594,815.865,530.269,0.8736,821.726,527.391,0.418325,806.831,542.023,0.845899,0,0,0,862.863,818.755,0.783737,859.882,812.989,0.764212,830.37,810.028,0.876394,798.098,818.773,0.723397,786.463,815.792,0.789572,786.209,806.873,0.83013,
830.481,530.418,0.857659,815.821,574.345,0.916735,806.839,574.493,0.909411,859.928,592.054,0.847719,883.563,550.895,0.88949,833.531,574.327,0.860998,886.514,600.858,0.873433,886.523,553.784,0.811574,827.556,680.378,0.814717,812.742,680.378,0.866214,824.642,742.094,0.896114,789.172,801.078,0.872885,836.475,677.453,0.848841,877.536,739.271,0.953503,836.378,809.765,0.919019,815.861,530.279,0.874664,821.723,527.404,0.418204,806.828,542.028,0.845406,0,0,0,862.867,818.751,0.780487,859.882,812.987,0.760981,830.377,810.023,0.87358,798.133,818.77,0.71685,789.187,815.8,0.782356,786.21,806.886,0.83115,
830.482,530.418,0.857793,815.817,574.348,0.917449,806.845,574.494,0.909803,859.935,592.052,0.844955,883.569,550.884,0.88815,833.518,574.332,0.860235,886.512,600.874,0.871998,889.312,553.777,0.810418,827.55,680.361,0.811623,812.76,680.374,0.864171,824.653,742.105,0.892769,789.17,801.102,0.862238,836.452,677.434,0.848872,877.53,739.266,0.945023,836.373,809.775,0.915699,815.861,530.278,0.874668,821.719,527.405,0.412493,806.827,542.028,0.845285,0,0,0,862.889,818.764,0.778252,859.892,815.731,0.754183,830.362,812.716,0.859262,798.132,818.783,0.68378,789.22,815.834,0.748772,786.212,806.917,0.822284,
827.599,530.355,0.882685,812.955,568.509,0.832247,812.879,571.483,0.854766,871.738,562.677,0.724737,862.996,521.388,0.80664,815.804,562.63,0.740749,889.329,574.515,0.702199,862.878,527.342,0.689528,821.624,674.501,0.824424,830.46,674.583,0.826937,877.592,742.091,0.931204,836.332,809.783,0.885519,812.927,674.472,0.798091,833.263,742.073,0.914736,789.297,804.039,0.890757,815.762,530.3,0.900474,818.701,527.353,0.392348,804.04,544.925,0.83445,0,0,0,801.07,815.724,0.578752,789.449,812.771,0.572476,786.249,809.881,0.882903,862.98,815.84,0.77597,857.082,821.71,0.802797,827.495,812.805,0.880602,
827.598,530.353,0.883728,812.95,568.517,0.834476,812.886,571.488,0.855433,871.697,562.684,0.722614,862.994,521.438,0.810621,815.786,562.635,0.74302,889.377,574.516,0.703814,862.878,527.362,0.698148,821.627,674.497,0.825124,830.475,674.576,0.828508,877.594,742.091,0.933745,836.327,809.791,0.887244,812.917,674.469,0.800801,833.264,742.07,0.914646,789.3,804.05,0.892572,815.756,530.299,0.901744,818.702,527.346,0.390973,804.043,544.925,0.836158,0,0,0,803.935,815.755,0.579006,792.187,812.803,0.567377,786.242,809.888,0.882595,862.975,815.869,0.776474,857.084,824.565,0.808796,827.485,812.817,0.882559,
830.484,530.165,0.901682,815.852,562.628,0.819733,812.739,565.588,0.84429,868.726,554.004,0.765758,859.956,515.589,0.747634,830.519,556.875,0.810245,886.427,571.373,0.71586,874.584,530.215,0.659519,830.507,671.591,0.89386,812.989,671.654,0.867274,833.292,739.315,0.950971,789.269,801.116,0.851369,836.507,671.503,0.878116,877.64,739.333,0.94955,836.304,809.752,0.91182,818.709,527.429,0.878581,824.572,527.236,0.332223,806.896,536.226,0.850641,0,0,0,860.007,821.683,0.79456,857.056,815.834,0.754828,827.535,809.999,0.87152,801.033,821.657,0.70172,789.283,818.673,0.770583,786.298,806.914,0.84851,
830.484,530.169,0.901734,815.854,562.65,0.818045,812.756,565.606,0.846337,868.742,556.719,0.767766,859.93,515.572,0.742112,830.501,556.891,0.802794,886.447,568.507,0.723835,874.565,527.434,0.666369,830.497,671.622,0.886274,812.994,671.686,0.863218,833.309,739.317,0.950729,789.269,801.114,0.848893,836.491,671.537,0.875025,877.644,739.345,0.948237,836.297,809.76,0.912871,818.709,527.427,0.878197,824.564,527.238,0.318554,806.901,536.224,0.851467,0,0,0,860.012,821.685,0.794821,857.059,815.835,0.754173,827.522,810.008,0.869174,801.036,821.655,0.699597,789.287,818.673,0.769266,786.296,806.913,0.846441,
830.478,530.171,0.900651,815.849,562.651,0.817974,812.764,565.613,0.846305,868.764,556.717,0.766897,859.93,515.566,0.743112,830.486,556.887,0.799492,886.451,568.502,0.722406,871.753,527.414,0.66136,830.496,671.617,0.886171,815.725,671.683,0.860224,833.31,739.316,0.94786,789.259,803.928,0.843849,836.476,671.531,0.873877,877.636,739.337,0.944541,836.294,809.765,0.910628,818.702,527.431,0.878476,821.72,527.237,0.311729,806.905,536.226,0.852854,0,0,0,860.01,821.686,0.794564,857.053,815.84,0.75134,827.512,810.016,0.862286,801.023,821.651,0.691384,789.289,818.674,0.763246,786.293,806.92,0.843165,
830.475,530.173,0.900146,815.846,562.658,0.817746,812.768,565.612,0.845962,868.781,556.715,0.769198,859.925,515.571,0.747488,830.474,559.666,0.795859,886.462,568.516,0.722581,871.726,527.398,0.658751,830.491,671.615,0.884941,815.737,671.681,0.858516,833.307,739.316,0.944743,789.257,803.935,0.8391,836.46,671.531,0.873408,877.629,739.325,0.942694,836.289,809.773,0.910047,818.699,527.435,0.877917,821.709,527.241,0.308256,806.909,536.228,0.854287,0,0,0,860.018,821.685,0.792884,857.056,815.84,0.749128,827.499,812.711,0.856466,801.018,821.649,0.684742,789.295,818.676,0.757698,786.291,806.929,0.839679,
830.479,530.18,0.903286,815.819,562.659,0.818697,812.773,565.607,0.846977,868.776,556.725,0.77382,859.912,515.57,0.760152,830.418,559.666,0.785222,883.598,568.532,0.733689,871.706,527.427,0.659716,830.476,671.613,0.88002,815.783,671.68,0.852874,833.323,739.318,0.936228,789.269,803.929,0.823279,836.409,671.532,0.867651,877.622,739.319,0.936299,836.289,809.767,0.90191,818.703,527.44,0.878619,821.702,527.245,0.302963,806.903,536.227,0.852461,0,0,0,860.047,821.678,0.783317,857.068,815.835,0.739429,827.5,810.017,0.842388,798.143,818.783,0.662097,789.299,815.853,0.740306,786.306,806.931,0.831082,
827.535,509.639,0.743581,824.587,550.733,0.807648,812.866,550.835,0.840139,865.874,527.316,0.744121,859.829,483.275,0.773674,833.453,547.889,0.772321,883.59,539.159,0.636462,865.813,495.009,0.584359,830.505,656.813,0.814427,830.393,659.773,0.774736,877.496,736.246,0.818235,836.281,809.803,0.844314,833.322,653.954,0.753079,827.535,736.349,0.824688,789.213,801.007,0.874047,815.767,509.637,0.762844,821.697,506.759,0.310315,801.117,527.274,0.772503,0,0,0,792.299,815.806,0.561578,789.35,812.85,0.597999,783.416,806.971,0.783151,862.978,818.737,0.749038,857.08,824.625,0.780189,827.524,812.842,0.801259,
827.568,509.633,0.741903,824.62,547.987,0.805922,812.856,550.825,0.842364,865.847,527.285,0.738482,857.098,483.26,0.767521,833.487,547.851,0.771017,886.385,536.253,0.660266,865.822,494.98,0.60497,830.506,656.818,0.814125,830.397,659.78,0.775635,877.489,736.248,0.816893,836.282,809.809,0.845335,833.319,653.958,0.751823,827.539,736.349,0.824819,789.217,798.17,0.874024,815.795,509.626,0.758777,824.601,506.748,0.302765,803.962,527.238,0.768888,0,0,0,792.302,815.774,0.555765,789.35,812.819,0.591226,783.416,806.954,0.780436,865.769,818.745,0.750117,857.09,824.629,0.782261,827.523,812.844,0.802574,
827.546,509.63,0.741893,824.66,547.958,0.804214,812.857,550.818,0.844535,865.866,527.271,0.734518,857.069,483.268,0.764502,833.533,545.024,0.767147,886.44,533.338,0.694344,865.806,494.969,0.633504,830.509,656.811,0.813386,830.396,659.773,0.775403,877.481,736.246,0.815669,836.283,809.811,0.846905,833.327,653.95,0.753287,827.541,736.348,0.825152,789.217,798.163,0.873682,815.781,509.625,0.759548,824.595,506.75,0.315744,803.967,527.248,0.761667,0,0,0,792.313,815.749,0.546424,789.355,812.795,0.580872,783.416,806.947,0.776658,865.779,818.743,0.752157,857.096,824.628,0.784652,827.521,812.843,0.804749,
827.549,509.638,0.734329,827.476,547.977,0.804352,812.846,550.819,0.842879,868.74,527.195,0.706256,857.034,480.333,0.710027,836.281,547.845,0.767406,886.42,536.132,0.68469,865.769,494.998,0.635088,830.509,656.812,0.815892,830.43,659.755,0.774901,877.48,736.228,0.838539,836.292,809.804,0.870242,833.296,653.966,0.74607,827.513,736.362,0.839437,789.198,798.153,0.887879,815.789,509.635,0.756177,824.579,506.762,0.309967,803.952,527.255,0.766062,0,0,0,795.131,815.786,0.558003,789.381,812.821,0.586232,783.366,806.916,0.782649,865.818,818.721,0.766551,857.092,824.63,0.796385,827.516,812.844,0.827807,
818.746,503.853,0.832435,830.385,533.234,0.869355,809.908,539.134,0.816417,857.041,506.849,0.845911,859.866,462.68,0.838727,842.333,530.358,0.82293,895.237,509.785,0.843836,877.481,477.199,0.771144,833.373,645.025,0.909548,815.848,645.039,0.844346,818.778,721.575,0.843664,786.464,798.106,0.852075,839.398,645.003,0.842617,862.879,721.664,0.861201,833.535,806.955,0.868148,812.73,503.866,0.90349,815.854,503.643,0.444477,795.242,521.416,0.776313,0,0,0,860.023,821.722,0.763845,857.071,815.842,0.734152,824.609,812.713,0.745127,801.051,821.627,0.595805,789.226,818.683,0.650057,783.42,806.893,0.798363,
818.738,503.865,0.831333,830.392,533.235,0.871635,809.896,539.143,0.818166,857.042,506.854,0.846244,859.877,462.687,0.83703,845.18,530.36,0.824044,895.236,509.786,0.843863,877.496,477.198,0.775807,833.378,645.029,0.914988,815.803,645.043,0.853744,818.787,721.551,0.861226,786.465,798.099,0.870982,839.45,645.017,0.842605,862.901,721.667,0.871391,833.548,806.96,0.889223,812.723,503.878,0.902194,815.851,503.65,0.454051,795.236,521.427,0.775056,0,0,0,860.007,821.702,0.779954,857.078,815.819,0.758384,824.62,812.706,0.782519,801.055,818.789,0.634343,789.211,815.881,0.686141,783.423,806.898,0.812925,
818.743,503.863,0.830887,830.386,533.233,0.872095,809.88,539.147,0.819788,857.036,506.862,0.84325,859.879,462.7,0.834923,845.186,530.354,0.826216,895.23,509.797,0.842171,877.496,477.201,0.775746,833.383,645.038,0.920888,815.771,645.051,0.860064,818.793,721.544,0.872754,786.467,798.086,0.882157,842.263,645.035,0.845552,862.921,721.679,0.87542,833.559,806.966,0.905403,812.729,503.876,0.902029,815.856,503.648,0.455637,795.239,521.423,0.774469,0,0,0,859.999,821.698,0.788011,857.09,815.807,0.772286,824.637,810.027,0.812514,801.065,818.775,0.664111,789.203,815.862,0.714676,783.427,806.893,0.822013,
818.734,503.859,0.83163,830.398,533.224,0.872547,809.908,539.138,0.818238,857.048,506.869,0.835202,859.882,465.487,0.833076,845.184,530.353,0.824096,895.22,509.781,0.843755,877.479,474.404,0.773746,833.388,645.032,0.915057,815.834,645.045,0.849071,818.795,721.562,0.851047,786.486,798.084,0.863993,839.445,645.019,0.841918,862.898,721.654,0.8683,833.556,806.936,0.878518,812.719,503.873,0.902003,815.844,503.647,0.454502,795.235,521.428,0.777083,0,0,0,860.047,821.64,0.767078,857.105,815.776,0.744737,824.642,810.016,0.756588,803.984,818.75,0.61349,789.302,815.869,0.660043,783.431,806.889,0.802312,
821.719,491.989,0.797862,830.513,530.283,0.935115,809.897,533.272,0.871086,856.975,500.892,0.855031,862.936,453.69,0.777077,851.138,527.337,0.832058,886.509,500.747,0.861524,880.365,456.585,0.792376,833.397,642.148,0.899237,812.929,644.918,0.858825,812.91,721.562,0.936676,786.384,801.01,0.894965,848.121,642.129,0.807768,859.899,718.817,0.934001,833.578,806.893,0.895525,812.77,494.923,0.86579,818.784,489.047,0.281741,798.175,509.738,0.812394,0,0,0,860.06,827.5,0.819033,859.941,818.674,0.809914,827.503,809.929,0.82856,806.871,824.571,0.74447,789.25,821.618,0.766545,783.312,806.957,0.8231,
821.713,491.986,0.79702,830.518,530.282,0.936102,809.909,533.268,0.872633,856.986,500.878,0.853361,862.926,453.7,0.77904,851.123,527.337,0.829833,886.487,500.765,0.865101,880.362,456.59,0.791073,833.39,642.172,0.902375,812.936,644.935,0.862662,812.919,721.555,0.938099,786.385,798.163,0.896949,845.268,642.161,0.811305,859.905,718.821,0.933769,833.571,806.897,0.897468,812.767,494.921,0.865833,818.778,489.04,0.27506,801,509.726,0.813642,0,0,0,860.057,827.497,0.816948,859.924,818.674,0.807244,827.495,809.931,0.828711,806.845,824.58,0.748895,789.236,821.618,0.77529,783.311,806.932,0.823731,
830.545,483.31,0.897241,830.506,521.408,0.806751,812.916,527.209,0.858016,860.099,491.989,0.786665,868.794,444.976,0.73437,839.34,512.59,0.769752,874.591,483.158,0.604069,880.472,439.098,0.625692,833.275,627.511,0.858267,812.786,630.333,0.841321,809.903,718.518,0.992583,786.421,792.238,0.911775,842.344,627.492,0.814894,854.095,718.551,0.92932,833.502,803.983,0.891143,815.864,483.334,0.900964,830.432,483.153,0.407642,804.033,503.812,0.846544,0,0,0,857.043,824.647,0.865134,857.108,815.812,0.880062,824.582,809.873,0.824374,803.964,815.805,0.738055,789.201,812.94,0.780002,783.456,801.015,0.762136,
830.546,483.309,0.897869,830.508,521.403,0.807319,812.917,527.208,0.85855,862.838,489.119,0.78201,868.804,444.965,0.727585,839.343,512.586,0.771194,874.595,483.141,0.613015,880.488,439.086,0.629622,833.275,627.51,0.858554,812.787,630.331,0.841462,809.903,718.518,0.992487,786.42,792.24,0.91151,842.345,627.491,0.815074,854.095,718.551,0.929249,833.501,803.983,0.891232,815.865,483.334,0.901212,830.434,483.153,0.40752,804.035,503.814,0.847303,0,0,0,857.044,824.648,0.865242,857.108,815.813,0.880098,824.582,809.874,0.824573,803.962,815.805,0.737614,789.199,812.94,0.779433,783.455,801.018,0.762557,
830.548,483.308,0.898642,830.509,521.402,0.807339,812.918,527.208,0.858413,862.837,489.121,0.781613,868.811,444.971,0.726396,839.344,512.585,0.771248,874.592,483.141,0.610368,880.486,439.089,0.627613,833.275,627.51,0.858692,812.786,630.331,0.841495,809.903,718.518,0.992508,786.419,792.242,0.911267,842.345,627.49,0.815134,854.095,718.551,0.929178,833.501,803.984,0.891287,815.867,483.333,0.901235,830.436,483.152,0.408878,804.036,503.813,0.84733,0,0,0,857.044,824.648,0.865256,857.108,815.812,0.880154,824.582,809.874,0.824598,803.964,815.806,0.737344,789.2,812.942,0.778979,783.453,801.022,0.762625,
830.553,483.305,0.900673,830.508,521.395,0.807198,812.922,527.204,0.858592,862.853,489.082,0.778058,868.816,444.955,0.72055,839.336,509.798,0.773244,874.597,483.123,0.619981,880.499,439.076,0.630694,833.276,627.508,0.858966,812.787,630.329,0.841616,809.903,718.518,0.99251,786.418,792.247,0.910873,842.345,627.488,0.815397,854.095,718.551,0.92907,833.501,803.985,0.891339,815.871,483.332,0.901547,830.443,483.15,0.410674,804.039,503.812,0.847955,0,0,0,857.045,824.649,0.865329,857.108,815.813,0.880294,824.581,809.875,0.824632,803.966,815.809,0.73712,789.201,812.946,0.778574,783.451,801.027,0.762715,
830.554,483.302,0.901581,830.508,521.388,0.806614,812.925,527.2,0.858116,862.85,489.084,0.779367,871.646,444.929,0.721273,839.333,509.794,0.774005,874.592,483.125,0.615699,880.496,439.084,0.630085,833.276,627.506,0.859165,812.787,630.327,0.841595,809.903,718.518,0.992441,786.416,792.249,0.910273,842.345,627.486,0.815561,854.095,718.551,0.928937,833.502,803.987,0.891382,815.872,483.328,0.901787,830.443,483.146,0.411149,804.039,503.81,0.848083,0,0,0,857.047,824.651,0.864437,857.109,815.816,0.878468,824.582,809.877,0.824977,803.964,815.812,0.736204,789.199,812.948,0.776892,783.45,801.027,0.761941,
833.27,483.282,0.906069,830.525,518.563,0.809878,812.92,527.203,0.858528,862.817,489.121,0.781361,868.729,447.867,0.72711,839.359,509.769,0.774671,874.609,480.304,0.619467,880.508,439.031,0.622708,833.275,627.507,0.859368,812.786,630.328,0.841887,809.896,718.52,0.992192,786.416,792.266,0.908122,842.344,627.488,0.81591,854.091,718.543,0.929496,833.498,803.993,0.892998,815.878,483.32,0.902753,830.449,483.145,0.40873,804.048,503.81,0.848555,0,0,0,857.039,824.646,0.860405,857.103,815.815,0.873958,824.578,809.884,0.828765,803.964,815.858,0.737893,789.194,812.981,0.778866,783.449,801.049,0.762278,
833.312,483.127,0.914856,830.497,509.691,0.845109,812.705,521.391,0.839768,862.839,492.021,0.768451,880.41,444.947,0.710512,842.293,506.634,0.796951,868.746,483.244,0.664742,880.374,447.88,0.714136,830.548,624.587,0.870504,812.762,624.599,0.86548,806.921,715.657,0.923588,786.277,789.287,0.914648,842.332,624.585,0.816186,839.43,718.631,0.884275,833.556,803.939,0.89812,818.737,483.112,0.9015,830.433,480.362,0.375547,806.91,500.789,0.863366,0,0,0,856.968,827.505,0.859953,859.846,815.867,0.868854,827.486,809.848,0.847979,798.101,815.727,0.755472,786.299,812.818,0.772953,783.311,792.239,0.758089,
833.316,483.123,0.918317,830.497,509.684,0.84613,812.706,521.389,0.83914,862.842,492.018,0.767349,880.409,444.934,0.710341,842.294,506.62,0.797307,868.738,483.24,0.663173,877.647,447.886,0.714493,830.553,624.591,0.870014,812.765,624.603,0.864279,806.921,715.659,0.923931,786.276,789.297,0.913649,842.339,624.588,0.814633,839.429,718.631,0.884272,833.558,803.939,0.897746,818.74,483.108,0.90285,830.439,480.358,0.381557,806.911,500.787,0.864293,0,0,0,856.974,827.507,0.859186,859.848,815.871,0.867144,827.488,809.847,0.848884,798.1,815.736,0.755586,786.296,812.828,0.772601,783.31,792.253,0.755647,
833.313,483.123,0.918995,830.495,509.682,0.846625,812.71,521.391,0.839518,862.839,492.02,0.767421,880.406,444.931,0.710669,842.288,506.616,0.798389,868.723,483.24,0.666895,877.622,447.89,0.715323,830.557,624.591,0.870077,812.769,624.603,0.863528,806.926,715.648,0.923023,786.275,789.298,0.91282,842.342,624.588,0.814232,839.43,718.625,0.884673,833.564,803.943,0.897129,818.738,483.106,0.903732,830.438,480.356,0.384272,806.915,500.784,0.864313,0,0,0,856.994,827.507,0.85781,859.863,815.868,0.864391,827.494,809.85,0.849329,798.075,812.972,0.754197,786.29,812.81,0.76796,783.31,792.255,0.754886,
833.403,483.209,0.909281,830.472,509.725,0.833198,809.964,518.562,0.83611,862.856,497.857,0.779259,880.398,450.843,0.718729,842.334,506.706,0.792382,871.708,486.114,0.655334,880.397,450.869,0.730183,830.557,624.573,0.878039,812.753,624.588,0.875343,806.864,715.663,0.91399,786.303,789.252,0.917829,845.188,624.564,0.819242,839.379,718.605,0.897337,833.547,803.967,0.900973,821.702,483.145,0.884772,833.326,483.064,0.401625,806.916,500.744,0.861224,0,0,0,857.008,827.487,0.868776,859.879,815.834,0.890625,827.48,809.878,0.857312,798.073,812.85,0.764914,786.294,809.991,0.771344,783.364,792.202,0.736804,
833.451,483.208,0.913456,830.478,509.734,0.830894,809.961,521.384,0.836336,862.854,495.023,0.77294,880.385,453.653,0.707099,842.331,506.715,0.793873,871.713,486.107,0.661164,880.399,453.672,0.738817,830.557,624.545,0.88368,812.749,624.559,0.88004,806.878,715.641,0.916323,786.305,789.241,0.920496,845.199,624.537,0.823848,839.379,718.593,0.897467,833.55,803.975,0.901996,824.609,483.133,0.888906,833.368,483.062,0.37633,806.962,497.967,0.864681,0,0,0,856.97,827.495,0.867989,859.862,815.843,0.88898,827.493,809.884,0.860402,795.236,812.81,0.762929,786.273,809.953,0.761753,783.374,792.19,0.7374,
833.453,483.193,0.915709,830.481,509.735,0.832291,809.971,521.387,0.839038,862.849,495.022,0.77886,877.647,453.683,0.713355,842.325,506.714,0.796092,871.689,486.098,0.663376,880.392,453.687,0.744845,830.55,624.549,0.8832,812.743,624.562,0.88075,806.872,715.653,0.915586,786.303,789.257,0.921681,845.191,624.544,0.823552,839.386,718.603,0.896593,833.551,803.953,0.900632,824.614,483.119,0.890342,833.373,483.053,0.369221,806.965,497.953,0.864897,0,0,0,856.93,827.485,0.86052,859.841,815.838,0.886108,827.503,809.866,0.860754,798.077,812.868,0.765011,786.279,810.003,0.768243,783.372,792.203,0.741542,
833.545,480.36,0.907947,830.508,509.811,0.848727,809.947,521.421,0.855505,862.91,497.89,0.778629,880.619,453.693,0.748027,842.343,506.776,0.810198,871.729,486.154,0.577387,880.527,453.74,0.69091,830.475,627.449,0.854235,810.02,627.462,0.866437,804.018,715.729,0.901972,786.306,789.388,0.913141,842.289,627.468,0.813656,839.389,718.641,0.902673,833.546,803.961,0.901081,827.585,480.317,0.886613,833.498,480.303,0.131776,809.852,492.075,0.876963,0,0,0,856.888,824.612,0.852428,859.816,815.811,0.888637,827.497,809.89,0.847137,801.013,815.784,0.754761,786.357,812.91,0.770121,783.392,795.147,0.711102,
833.531,483.092,0.922455,830.499,512.617,0.846499,809.971,521.496,0.858198,865.767,500.756,0.786831,880.602,456.596,0.789992,842.302,506.839,0.802054,874.584,489.123,0.562555,880.641,456.616,0.620468,830.537,630.33,0.841336,812.761,630.343,0.848881,804.04,715.762,0.913666,786.178,789.46,0.898324,842.31,630.351,0.799074,839.315,718.725,0.903942,833.501,803.938,0.896344,827.597,480.37,0.901358,833.409,480.345,0.154536,809.907,494.94,0.875942,0,0,0,856.982,824.64,0.873888,859.849,815.806,0.908322,824.581,809.901,0.829657,798.144,815.738,0.769135,786.299,812.951,0.782363,780.416,798.098,0.725251,
833.539,483.085,0.920815,830.489,512.626,0.843915,809.979,521.496,0.857824,865.772,500.757,0.784084,880.625,456.562,0.776684,842.278,506.846,0.804924,874.591,489.102,0.572806,880.628,456.605,0.630193,830.52,630.329,0.83929,812.746,630.339,0.848946,806.845,715.707,0.918792,786.186,789.435,0.902121,842.291,630.351,0.800164,839.316,718.736,0.901257,833.509,803.938,0.896613,830.384,480.359,0.902326,833.441,480.339,0.141503,809.909,494.92,0.873137,0,0,0,856.975,824.635,0.873392,859.845,815.801,0.907581,824.595,809.907,0.827496,801.007,815.744,0.767951,786.323,812.945,0.786231,780.405,798.072,0.728994,
1637.04,759.813,0.202142,1645.73,762.811,0.352681,1639.98,762.865,0.315245,1640.02,774.58,0.142917,1639.94,777.576,0.128457,1654.45,762.878,0.385745,1654.61,771.694,0.354925,1640.01,780.491,0.23855,1654.55,786.389,0.289738,1651.61,786.401,0.269281,1639.88,803.954,0.0856648,0,0,0,1657.33,786.417,0.311543,1645.74,801.041,0.0949662,0,0,0,1636.88,754.009,0.120479,1637.02,753.96,0.201261,0,0,0,1639.9,748.173,0.255237,0,0,0,0,0,0,0,0,0,0,0,0,0,0,0,0,0,0,
833.543,483.093,0.922455,830.487,512.627,0.843926,809.976,521.494,0.858385,865.78,500.761,0.783403,880.641,453.813,0.769786,842.273,506.851,0.80507,874.59,489.123,0.57496,880.598,456.628,0.63413,830.528,630.327,0.84041,812.749,630.338,0.848862,806.851,715.701,0.918336,786.184,789.428,0.903484,842.305,630.346,0.799174,839.324,718.735,0.900668,833.508,803.937,0.897445,830.391,480.363,0.90478,833.451,480.352,0.140715,809.91,494.919,0.874118,0,0,0,856.975,824.63,0.872672,859.84,815.797,0.907186,824.594,809.907,0.828411,798.163,812.987,0.768956,786.32,812.93,0.783806,780.392,795.247,0.728648,
1637.04,759.811,0.206792,1645.74,762.804,0.35944,1639.98,762.857,0.321653,1640.01,774.596,0.145487,1639.91,780.408,0.131224,1654.46,762.872,0.393679,1654.61,771.697,0.362074,1640,780.494,0.243793,1654.56,786.398,0.297028,1651.62,786.407,0.276195,1639.87,803.97,0.0888161,1634,812.878,0.0504823,1657.34,786.424,0.319599,1645.73,801.062,0.0983102,0,0,0,1636.87,753.999,0.122238,1637.02,753.951,0.205952,0,0,0,1639.9,748.165,0.262048,0,0,0,0,0,0,0,0,0,1628.09,809.834,0.0531911,1628.16,809.845,0.051483,1636.94,812.907,0.0530801,
833.539,483.097,0.922464,830.487,512.627,0.844073,809.974,521.494,0.858794,865.771,500.758,0.782355,880.642,453.813,0.766641,842.277,506.852,0.804906,874.602,489.114,0.573015,880.608,456.613,0.624949,830.534,630.316,0.84164,812.753,630.329,0.84914,806.852,715.693,0.917398,786.186,789.425,0.905239,842.312,630.333,0.799067,839.326,718.73,0.900336,833.505,803.939,0.898247,830.387,480.366,0.905001,833.44,480.357,0.1402,809.91,494.919,0.87452,0,0,0,856.977,824.628,0.871911,859.838,815.795,0.906764,824.59,809.909,0.829215,798.162,812.978,0.76891,786.324,812.921,0.781812,780.393,795.243,0.728657,
1637.04,759.804,0.1999,1645.75,762.799,0.351342,1639.99,762.849,0.312713,1642.77,774.547,0.141447,1639.94,777.582,0.127515,1654.47,762.868,0.387103,1654.62,771.693,0.356351,1640.01,780.49,0.238151,1654.58,786.392,0.292566,1651.64,786.402,0.271213,1639.87,803.96,0.0870015,0,0,0,1657.36,786.417,0.31465,1645.73,801.05,0.0965558,0,0,0,1636.87,753.994,0.118579,1636.98,751.125,0.200204,0,0,0,1639.9,748.161,0.256276,0,0,0,0,0,0,0,0,0,0,0,0,0,0,0,0,0,0,
833.528,483.115,0.904361,830.414,515.606,0.823841,812.709,524.378,0.879913,862.976,500.878,0.809006,883.447,456.592,0.768746,839.318,509.731,0.821683,877.57,491.993,0.704778,886.424,456.569,0.660312,830.554,630.337,0.843395,812.817,630.357,0.845296,806.835,715.738,0.908941,783.449,789.43,0.904389,842.246,630.343,0.808416,839.279,718.597,0.907882,833.486,806.822,0.912704,827.58,480.373,0.888317,836.345,480.277,0.152296,809.922,494.993,0.868709,0,0,0,857.054,824.63,0.884764,859.859,815.791,0.909577,824.569,810.001,0.862422,801.049,815.795,0.788333,786.362,812.992,0.818105,777.512,795.249,0.744489,
1637.05,759.815,0.202098,1645.81,762.799,0.349172,1642.77,762.854,0.307309,1642.81,774.57,0.136326,1639.97,777.586,0.123206,1654.51,762.867,0.390226,1654.64,771.695,0.35503,1642.78,780.479,0.233771,1654.61,786.396,0.289047,1651.69,786.407,0.268888,1639.92,803.997,0.083538,0,0,0,1657.38,786.42,0.311025,1645.78,801.076,0.0933202,0,0,0,1636.88,753.997,0.119211,1636.99,751.124,0.203094,0,0,0,1639.93,748.146,0.260199,0,0,0,0,0,0,0,0,0,0,0,0,0,0,0,0,0,0,
833.539,483.112,0.908368,830.419,515.58,0.824001,810.028,524.354,0.873354,862.969,503.628,0.824784,883.39,456.603,0.777792,839.329,509.723,0.819455,877.575,494.909,0.69443,883.612,456.626,0.666453,830.538,627.523,0.844487,812.804,630.321,0.850166,804.059,715.77,0.908684,783.449,789.456,0.900164,842.23,630.312,0.810983,836.549,718.595,0.911291,833.481,806.827,0.912413,827.598,480.367,0.891382,836.362,480.265,0.161899,809.92,494.972,0.866407,0,0,0,857.042,824.632,0.883102,859.849,815.794,0.9081,824.566,810.008,0.862541,801.043,815.796,0.782425,786.352,812.998,0.807901,777.542,798.108,0.743321,
1637.05,759.859,0.203422,1648.63,762.836,0.341272,1642.8,762.865,0.297685,1642.83,774.578,0.130807,1639.98,777.574,0.118962,1654.53,762.879,0.385397,1654.66,771.701,0.3466,1642.79,780.451,0.226908,1654.63,786.394,0.27671,1651.71,786.409,0.257917,1639.94,804.021,0.079038,0,0,0,1657.4,786.421,0.29804,1645.8,801.088,0.0886775,0,0,0,1636.91,756.886,0.119215,1637.04,753.992,0.202747,0,0,0,1639.95,748.171,0.255099,0,0,0,0,0,0,0,0,0,0,0,0,0,0,0,0,0,0,
833.542,483.171,0.901128,830.43,515.617,0.820543,810.014,524.364,0.875603,862.979,503.663,0.832938,880.634,456.675,0.799567,839.348,509.778,0.803836,877.586,494.96,0.686447,883.608,456.659,0.653519,830.549,630.325,0.844601,812.805,630.34,0.849075,804.049,715.812,0.909907,783.46,792.193,0.898742,842.256,630.337,0.807836,836.55,718.611,0.909833,833.493,804.041,0.909805,827.598,483.079,0.891064,836.348,480.319,0.179713,809.912,495.023,0.864771,0,0,0,857.04,824.612,0.876202,859.858,815.783,0.904509,824.589,809.981,0.863954,801.083,815.831,0.787366,786.375,815.74,0.812793,777.568,798.132,0.745415,
1637.05,759.878,0.221213,1645.82,762.822,0.355448,1642.77,762.881,0.313984,1642.8,774.598,0.136763,1639.96,777.586,0.12613,1654.54,762.883,0.40319,1654.66,771.699,0.363286,1640.02,780.456,0.240582,1654.62,786.402,0.28662,1651.68,786.418,0.268749,1639.89,804.011,0.082266,0,0,0,1657.41,786.427,0.308065,1645.78,801.085,0.0918457,0,0,0,1636.91,756.899,0.128783,1637.04,754.009,0.218576,0,0,0,1639.95,748.18,0.267617,0,0,0,0,0,0,0,0,0,0,0,0,0,0,0,0,0,0,
836.376,483.147,0.913858,827.56,518.515,0.823065,809.962,524.438,0.892282,862.933,506.64,0.858223,883.4,459.65,0.806628,836.53,512.622,0.82623,874.689,503.677,0.677831,883.406,459.697,0.71265,830.492,630.351,0.836627,812.801,630.383,0.843511,804.042,718.527,0.901039,786.188,792.307,0.893295,839.384,630.349,0.821241,836.496,718.564,0.916502,833.479,806.873,0.913679,833.291,480.37,0.921539,842.324,480.431,0.132583,812.725,492.054,0.871059,0,0,0,857.017,824.555,0.864815,859.821,815.739,0.908087,824.591,812.737,0.8702,803.985,818.764,0.801327,786.428,815.877,0.835475,780.446,803.95,0.754582,
1637.04,759.907,0.228731,1648.63,762.858,0.351535,1642.76,762.895,0.311204,1639.99,777.479,0.132806,1639.93,780.419,0.125021,1654.56,762.889,0.401885,1657.33,771.711,0.358054,1642.79,780.459,0.237643,1654.63,786.42,0.280803,1651.68,786.435,0.264146,1639.87,804.015,0.0792181,0,0,0,1657.43,786.446,0.301312,1645.78,801.09,0.0891086,0,0,0,1636.91,756.938,0.132729,1637.04,754.039,0.224938,0,0,0,1639.96,748.198,0.268434,0,0,0,0,0,0,0,0,0,0,0,0,0,0,0,0,0,0,
836.385,483.138,0.917556,827.566,518.511,0.823863,809.966,524.436,0.892553,862.935,506.645,0.857595,883.392,459.661,0.807808,836.53,512.618,0.826305,877.467,503.68,0.672928,883.424,459.682,0.704367,830.506,630.348,0.838131,812.811,630.382,0.843292,804.046,718.533,0.899712,786.192,792.311,0.893489,839.396,630.346,0.819181,836.497,718.574,0.91645,833.478,806.875,0.913032,833.293,480.363,0.923846,842.314,480.4,0.143373,812.719,492.054,0.871071,0,0,0,857.011,824.573,0.868443,859.821,815.74,0.907565,824.585,812.73,0.863005,804.006,818.765,0.804842,786.441,815.881,0.837828,780.445,803.944,0.754338,
836.353,483.145,0.917061,827.576,518.523,0.824433,809.96,524.439,0.893909,862.915,506.669,0.860804,880.639,459.718,0.810869,836.542,512.629,0.823286,877.468,503.738,0.665161,883.39,459.73,0.691531,830.513,630.338,0.839883,812.814,630.374,0.843924,804.045,718.531,0.898533,786.197,792.324,0.892184,839.404,630.337,0.818409,836.502,718.572,0.915171,833.479,806.886,0.91528,830.554,480.369,0.918581,842.23,480.4,0.143555,810.021,494.905,0.868326,0,0,0,856.996,824.587,0.870124,859.812,815.749,0.908843,824.589,812.738,0.859116,804.031,818.78,0.805187,786.458,815.895,0.835215,780.449,803.958,0.755657,
1637.1,759.93,0.211288,1648.68,762.884,0.326126,1642.78,762.915,0.285225,1642.85,774.6,0.121556,1642.8,777.584,0.117875,1654.61,762.918,0.376521,1657.38,771.726,0.340242,1645.72,780.506,0.214902,1657.34,786.411,0.266077,1654.49,786.426,0.248644,1642.82,803.99,0.0685129,0,0,0,1657.49,786.432,0.283396,1651.62,798.168,0.0823431,0,0,0,1636.97,756.964,0.127503,1637.12,756.873,0.20758,0,0,0,1642.79,751.093,0.241504,0,0,0,0,0,0,0,0,0,0,0,0,0,0,0,0,0,0,
836.358,483.122,0.938925,824.582,521.461,0.840037,809.805,527.298,0.911051,862.842,509.748,0.795221,886.433,477.205,0.77856,836.451,515.556,0.827498,880.617,500.748,0.849556,906.93,459.684,0.777961,830.391,633.264,0.824621,810.029,633.299,0.851754,803.995,715.818,0.892187,786.192,792.284,0.901292,839.355,630.427,0.827579,836.453,718.603,0.922533,833.465,806.862,0.914024,830.451,480.341,0.899326,836.381,480.399,0.0678527,810.018,492.037,0.883468,0,0,0,859.813,824.563,0.869594,859.844,813.01,0.904124,821.7,812.731,0.861112,803.948,815.893,0.795455,786.422,815.82,0.838434,780.439,801.109,0.771803,
836.332,483.12,0.939266,824.589,521.455,0.83918,809.807,527.293,0.909494,862.817,509.762,0.799027,886.392,477.241,0.799823,836.457,515.55,0.828331,880.607,500.78,0.85067,904.118,459.73,0.766518,830.38,633.289,0.824109,810.02,633.322,0.852995,803.996,715.82,0.892053,786.19,792.262,0.905384,839.34,633.264,0.83024,836.459,718.607,0.922588,833.466,806.874,0.916896,830.431,480.344,0.897348,836.308,480.396,0.0662301,810.015,492.057,0.883753,0,0,0,857.084,821.728,0.869018,859.836,813.005,0.904483,821.706,812.737,0.864996,803.948,815.862,0.791431,786.422,815.785,0.82998,780.438,801.084,0.773019,
836.332,483.12,0.93927,824.588,521.455,0.839162,809.807,527.293,0.909471,862.814,509.765,0.798835,886.389,477.245,0.800361,836.457,515.551,0.828187,880.605,500.786,0.850813,904.108,459.734,0.764127,830.38,633.288,0.824176,810.02,633.321,0.852985,803.995,715.819,0.892105,786.187,792.262,0.905992,839.34,633.263,0.830175,836.459,718.608,0.922395,833.464,806.877,0.917592,830.431,480.344,0.897374,836.308,480.396,0.066411,810.016,492.058,0.883776,0,0,0,857.092,824.549,0.870446,859.833,813.01,0.90375,821.702,812.739,0.86655,801.114,815.86,0.790038,786.409,815.788,0.830358,780.437,801.084,0.774813,
836.331,483.12,0.939255,824.588,521.456,0.839135,809.807,527.293,0.909478,862.814,509.766,0.798687,886.387,477.248,0.800116,836.456,515.552,0.827983,880.604,500.79,0.850445,904.099,459.736,0.761651,830.38,633.288,0.824183,810.02,633.321,0.852957,803.994,715.82,0.891956,786.188,792.269,0.905157,839.34,633.264,0.830114,836.459,718.608,0.922147,833.462,806.878,0.918069,830.432,480.344,0.897412,836.308,480.397,0.0666994,810.015,492.058,0.883818,0,0,0,857.09,824.556,0.871649,859.832,813.014,0.903225,821.7,812.742,0.867305,801.12,815.861,0.788342,786.414,815.791,0.827695,780.438,801.093,0.77431,
836.332,483.12,0.939254,824.588,521.456,0.839135,809.807,527.292,0.909475,862.814,509.766,0.798688,886.387,477.248,0.800106,836.456,515.551,0.827984,880.604,500.791,0.850457,904.099,459.736,0.761653,830.38,633.288,0.824184,810.02,633.321,0.852956,803.995,715.82,0.891957,786.188,792.269,0.905158,839.34,633.264,0.830112,836.459,718.608,0.922147,833.463,806.879,0.91807,830.431,480.344,0.897412,836.308,480.397,0.066696,810.016,492.058,0.883817,0,0,0,857.09,824.556,0.87165,859.832,813.014,0.903226,821.7,812.742,0.867306,801.12,815.861,0.788343,786.414,815.791,0.827695,780.438,801.093,0.774311,
833.571,483.123,0.931545,818.805,524.365,0.872102,806.919,527.41,0.948009,851.047,530.407,0.780347,883.404,480.363,0.830764,836.415,518.499,0.846443,880.624,506.74,0.896749,907.031,474.313,0.794601,827.55,636.208,0.815316,809.997,636.258,0.856217,803.937,718.576,0.878391,786.163,792.306,0.896246,839.274,633.315,0.827982,836.344,718.598,0.926281,833.442,806.905,0.903433,827.555,480.312,0.88026,833.387,483.096,0.0543549,809.931,492.01,0.886793,0,0,0,857.083,824.609,0.85173,857.102,815.756,0.879363,821.721,812.766,0.860021,803.95,815.85,0.779611,786.445,815.774,0.811569,780.414,803.941,0.769642,
833.57,483.123,0.931545,818.806,524.365,0.872102,806.919,527.41,0.948009,851.047,530.407,0.780346,883.404,480.363,0.830765,836.415,518.499,0.846443,880.624,506.74,0.896748,907.031,474.313,0.7946,827.551,636.208,0.815315,809.997,636.258,0.856217,803.937,718.576,0.878397,786.164,792.306,0.896279,839.274,633.315,0.827983,836.344,718.598,0.926283,833.442,806.905,0.903415,827.555,480.312,0.88026,833.387,483.096,0.0543547,809.931,492.01,0.886793,0,0,0,857.083,824.609,0.851698,857.102,815.756,0.879275,821.721,812.766,0.859996,803.95,815.849,0.779657,786.445,815.774,0.811627,780.414,803.941,0.76969,
833.57,483.123,0.931544,818.806,524.365,0.8721,806.919,527.41,0.948008,851.047,530.407,0.780354,883.404,480.363,0.830772,836.415,518.499,0.846442,880.624,506.74,0.896755,907.031,474.312,0.794594,827.55,636.208,0.815315,809.997,636.258,0.856216,803.937,718.576,0.878372,786.164,792.306,0.896308,839.274,633.315,0.827979,836.344,718.598,0.926269,833.442,806.905,0.903353,827.555,480.312,0.880261,833.387,483.096,0.054355,809.931,492.01,0.886793,0,0,0,857.084,824.61,0.851252,857.102,815.756,0.878875,821.721,812.765,0.859985,803.95,815.85,0.779771,786.445,815.774,0.811829,780.414,803.941,0.769739,
833.494,483.268,0.944915,821.623,527.306,0.908658,801.032,530.228,0.889334,845.219,553.792,0.894017,865.894,506.671,0.931601,836.534,524.349,0.83609,886.38,530.276,0.871694,918.795,500.826,0.829025,821.66,642.092,0.832585,809.773,642.078,0.860559,798.082,718.646,0.878508,786.196,798.094,0.89013,836.435,642.067,0.870015,836.299,718.695,0.923228,833.389,806.891,0.905835,824.626,483.101,0.871743,830.446,483.077,0.100494,809.787,495.008,0.882454,0,0,0,856.984,821.716,0.875658,857.054,812.997,0.92192,821.618,812.773,0.866733,801.105,818.676,0.794701,786.405,815.868,0.819475,783.299,806.952,0.795737,
833.494,483.268,0.944918,821.622,527.306,0.908655,801.032,530.228,0.889334,845.219,553.792,0.894013,865.894,506.671,0.931595,836.534,524.349,0.836092,886.38,530.276,0.871669,918.795,500.826,0.829017,821.66,642.092,0.832584,809.773,642.078,0.860561,798.083,718.646,0.878508,786.197,798.094,0.890129,836.436,642.067,0.870015,836.299,718.695,0.923231,833.389,806.891,0.905834,824.627,483.101,0.871745,830.446,483.076,0.100502,809.787,495.008,0.882452,0,0,0,856.984,821.715,0.875656,857.054,812.997,0.92192,821.619,812.773,0.866732,801.105,818.675,0.794701,786.406,815.868,0.819475,783.298,806.953,0.795736,
833.475,483.298,0.942858,821.616,527.31,0.91009,801.042,530.223,0.892095,845.207,553.783,0.896364,865.879,506.671,0.922615,836.521,524.369,0.840284,886.364,530.299,0.871154,918.792,500.852,0.836805,821.647,642.093,0.833305,809.767,642.075,0.859681,798.067,718.653,0.878716,786.187,798.137,0.890065,836.424,642.073,0.872076,836.294,718.702,0.922638,833.391,806.907,0.911248,824.602,483.13,0.87105,830.437,483.06,0.108488,809.777,497.84,0.884015,0,0,0,857.022,824.556,0.882441,857.076,813.006,0.925591,821.618,812.784,0.874521,801.072,818.671,0.801815,786.39,815.87,0.828929,783.286,806.984,0.799934,
833.495,486.089,0.924299,815.875,530.393,0.915479,795.137,533.22,0.88009,833.305,574.286,0.889065,865.891,542.044,0.810612,839.434,530.304,0.866529,883.416,556.804,0.773797,918.799,530.434,0.761935,818.781,644.987,0.855847,806.954,644.955,0.864842,795.168,718.599,0.895295,783.418,795.138,0.88667,836.398,645,0.893682,836.258,718.74,0.913374,833.354,806.943,0.909528,824.657,483.154,0.873836,830.514,480.369,0.118496,806.996,494.93,0.863545,0,0,0,857.036,821.721,0.86976,857.04,812.981,0.921582,818.776,812.817,0.887038,798.121,815.761,0.813796,786.292,813.01,0.818965,780.467,806.839,0.768626,
833.495,486.079,0.930557,815.879,530.386,0.915748,795.136,533.216,0.88126,833.315,574.284,0.888141,865.853,542.027,0.811386,839.441,530.285,0.868209,883.422,556.8,0.782084,918.812,530.433,0.765821,818.779,644.982,0.856003,806.949,644.949,0.863746,795.162,718.598,0.896285,783.423,795.189,0.886977,836.399,644.995,0.893275,836.254,718.735,0.914587,833.35,806.946,0.908846,824.653,483.139,0.879179,830.517,480.359,0.117382,807.004,492.085,0.862867,0,0,0,857.02,821.716,0.868326,857.036,812.978,0.923135,818.773,812.819,0.888744,798.106,815.793,0.815035,786.284,815.75,0.821611,780.486,806.891,0.781888,
833.448,483.301,0.943342,815.813,533.336,0.88432,792.321,536.182,0.857783,809.855,583.348,0.904263,856.83,577.344,0.864962,842.241,533.255,0.855154,865.83,577.522,0.828186,903.963,580.264,0.782913,818.802,645.138,0.850803,806.96,645.119,0.871581,795.164,718.696,0.887093,783.376,795.199,0.879726,836.39,645.159,0.893958,833.443,721.573,0.874949,833.326,809.77,0.910405,821.695,483.087,0.876686,830.411,480.309,0.150203,806.918,494.965,0.859102,0,0,0,857.015,821.71,0.835514,856.986,812.958,0.885308,818.785,812.937,0.884208,801.067,815.83,0.795858,786.352,815.796,0.801986,777.538,806.92,0.754689,
1637.05,762.742,0.25847,1645.73,762.906,0.334619,1639.9,762.964,0.311733,1639.94,777.493,0.137966,1640,780.43,0.130821,1654.53,762.949,0.381945,1657.4,774.55,0.350953,1645.76,780.52,0.229613,1654.64,786.402,0.273403,1651.66,786.419,0.2589,1642.8,795.212,0.0745753,0,0,0,1657.48,786.428,0.293439,1651.7,795.153,0.0916808,0,0,0,1636.94,762.648,0.167612,1637.11,759.843,0.250986,1639.88,762.776,0.0554643,1642.78,754.049,0.252778,0,0,0,0,0,0,0,0,0,0,0,0,0,0,0,0,0,0,
833.448,483.301,0.943342,815.814,533.336,0.884318,792.321,536.182,0.857785,809.855,583.348,0.904264,856.83,577.344,0.864959,842.241,533.255,0.855158,865.83,577.522,0.828186,903.963,580.264,0.782923,818.802,645.138,0.850804,806.96,645.119,0.871583,795.164,718.696,0.887092,783.376,795.199,0.879726,836.389,645.159,0.893958,833.443,721.573,0.87495,833.327,809.77,0.910405,821.695,483.087,0.876687,830.411,480.309,0.150205,806.918,494.966,0.859104,0,0,0,857.015,821.71,0.835513,856.986,812.958,0.885307,818.785,812.938,0.884208,801.068,815.83,0.795858,786.352,815.796,0.801985,777.537,806.92,0.754689,
1637.05,762.742,0.258464,1645.73,762.906,0.334613,1639.9,762.964,0.311728,1639.94,777.493,0.137964,1639.99,780.43,0.130818,1654.53,762.949,0.381939,1657.4,774.55,0.350948,1645.76,780.52,0.229609,1654.64,786.402,0.273398,1651.66,786.419,0.258896,1642.8,795.212,0.0745735,0,0,0,1657.48,786.428,0.293434,1651.7,795.153,0.0916792,0,0,0,1636.94,762.648,0.167609,1637.11,759.843,0.250981,1639.88,762.776,0.0554635,1642.78,754.049,0.252773,0,0,0,0,0,0,0,0,0,0,0,0,0,0,0,0,0,0,
833.448,483.301,0.943342,815.814,533.336,0.884313,792.322,536.182,0.857784,809.855,583.348,0.904254,856.83,577.344,0.864989,842.241,533.255,0.855164,865.83,577.522,0.828189,903.962,580.264,0.782984,818.802,645.138,0.850809,806.96,645.119,0.871585,795.164,718.696,0.88709,783.376,795.199,0.879727,836.389,645.159,0.893963,833.443,721.573,0.874949,833.327,809.769,0.910405,821.695,483.087,0.876697,830.411,480.309,0.150205,806.918,494.966,0.859114,0,0,0,857.015,821.71,0.835511,856.986,812.958,0.885298,818.785,812.937,0.884202,801.068,815.83,0.795858,786.352,815.796,0.801983,777.537,806.92,0.754687,
1637.05,762.743,0.258465,1645.73,762.906,0.334613,1639.9,762.964,0.311728,1639.94,777.493,0.137964,1640,780.429,0.130819,1654.53,762.949,0.38194,1657.4,774.55,0.350949,1645.76,780.52,0.229609,1654.64,786.402,0.273399,1651.66,786.419,0.258896,1642.8,795.212,0.0745737,0,0,0,1657.48,786.428,0.293435,1651.7,795.153,0.0916794,0,0,0,1636.94,762.648,0.167609,1637.11,759.843,0.250982,1639.88,762.775,0.0554636,1642.78,754.049,0.252774,0,0,0,0,0,0,0,0,0,0,0,0,0,0,0,0,0,0,
833.448,483.301,0.943355,815.814,533.336,0.884287,792.321,536.182,0.857781,809.854,583.348,0.90422,856.83,577.344,0.865195,842.241,533.255,0.855187,865.83,577.523,0.828167,903.963,580.264,0.783221,818.802,645.138,0.850834,806.96,645.119,0.871593,795.163,718.696,0.887083,783.376,795.199,0.879732,836.39,645.159,0.893983,833.443,721.573,0.87495,833.326,809.77,0.910411,821.695,483.087,0.876753,830.412,480.309,0.150201,806.918,494.966,0.859145,0,0,0,857.015,821.71,0.835505,856.986,812.958,0.885264,818.785,812.937,0.884174,801.068,815.83,0.795861,786.352,815.796,0.801971,777.537,806.92,0.754675,
1637.05,762.742,0.258463,1645.73,762.906,0.334611,1639.9,762.964,0.311727,1639.94,777.493,0.137963,1640,780.429,0.130818,1654.53,762.949,0.381937,1657.4,774.55,0.350947,1645.76,780.52,0.229608,1654.64,786.401,0.273398,1651.66,786.419,0.258895,1642.8,795.212,0.0745732,0,0,0,1657.48,786.428,0.293433,1651.7,795.153,0.091679,0,0,0,1636.94,762.648,0.167609,1637.11,759.843,0.25098,1639.88,762.776,0.0554636,1642.78,754.049,0.252772,0,0,0,0,0,0,0,0,0,0,0,0,0,0,0,0,0,0,
833.448,483.301,0.943351,815.814,533.336,0.884289,792.321,536.182,0.85778,809.855,583.348,0.90422,856.83,577.344,0.865193,842.241,533.255,0.855178,865.83,577.523,0.828178,903.963,580.264,0.783215,818.802,645.138,0.850829,806.96,645.119,0.871589,795.164,718.695,0.887094,783.377,795.199,0.879816,836.389,645.159,0.893977,833.443,721.573,0.874954,833.326,809.768,0.910333,821.695,483.087,0.876749,830.412,480.309,0.150197,806.918,494.966,0.859139,0,0,0,857.013,821.712,0.835548,856.985,812.959,0.885225,818.785,812.936,0.884307,801.067,815.829,0.795799,786.352,815.795,0.801948,777.538,806.919,0.754714,
1637.05,762.742,0.258463,1645.73,762.906,0.334611,1639.9,762.964,0.311726,1639.94,777.493,0.137963,1640,780.43,0.130818,1654.53,762.949,0.381937,1657.4,774.55,0.350946,1645.76,780.52,0.229608,1654.64,786.402,0.273397,1651.66,786.419,0.258895,1642.8,795.212,0.074573,0,0,0,1657.48,786.428,0.293433,1651.7,795.153,0.0916788,0,0,0,1636.94,762.648,0.167608,1637.11,759.842,0.25098,1639.88,762.776,0.0554635,1642.78,754.049,0.252771,0,0,0,0,0,0,0,0,0,0,0,0,0,0,0,0,0,0,
833.452,483.285,0.946461,815.814,533.331,0.884148,792.329,536.174,0.857237,809.85,583.348,0.903889,856.829,577.328,0.86877,842.232,533.253,0.854997,865.816,577.537,0.826409,903.968,580.265,0.783126,818.8,645.141,0.850942,806.963,645.121,0.871779,795.162,718.703,0.886583,783.37,795.215,0.878093,836.384,645.161,0.894611,833.442,721.578,0.873681,833.319,809.774,0.909506,821.691,483.07,0.877788,830.425,480.287,0.154622,806.905,494.959,0.858857,0,0,0,857.004,821.713,0.833657,856.981,812.961,0.88574,818.778,812.945,0.884285,801.056,815.848,0.795319,786.335,815.811,0.801174,777.533,806.941,0.75602,
833.457,483.279,0.948558,815.805,533.333,0.884159,792.331,536.179,0.856796,809.836,586.158,0.901913,854.084,577.322,0.866957,839.438,533.245,0.857103,865.796,577.541,0.825473,903.948,577.549,0.783115,818.798,645.142,0.851308,806.966,645.123,0.87248,795.158,718.716,0.885899,783.365,795.238,0.876049,836.379,645.162,0.894792,833.444,721.585,0.872787,833.317,809.776,0.909195,821.691,483.067,0.878414,830.448,480.282,0.163836,806.899,494.966,0.859449,0,0,0,857.007,821.712,0.831321,856.983,812.961,0.884896,818.775,812.948,0.884607,801.038,815.88,0.794672,786.317,815.84,0.801391,777.535,806.964,0.756451,
833.466,483.289,0.949498,815.756,533.345,0.892612,792.198,536.122,0.87716,792.342,595.025,0.827887,833.479,601.049,0.661576,839.373,533.303,0.863584,862.905,580.407,0.812174,895.268,600.944,0.606973,818.743,645.139,0.851628,806.906,645.146,0.857573,792.242,718.718,0.902722,783.405,798.116,0.873046,836.376,645.135,0.886515,833.439,721.568,0.866691,833.294,809.76,0.902767,821.702,483.07,0.882027,830.511,480.308,0.197374,806.889,494.941,0.860932,0,0,0,857.052,821.725,0.835067,857.004,812.96,0.8804,818.739,812.945,0.887599,798.165,818.73,0.788318,786.3,818.68,0.799485,780.426,809.73,0.761204,
833.454,483.279,0.949682,815.74,533.331,0.896644,792.217,533.35,0.877838,792.346,595.018,0.827229,833.44,606.793,0.630111,839.335,533.279,0.872878,862.941,580.367,0.815359,898.233,600.943,0.661366,818.74,645.139,0.852273,806.926,645.145,0.857859,792.223,718.74,0.905287,783.406,798.133,0.871868,836.365,645.131,0.887451,833.44,721.583,0.87072,833.284,809.751,0.899623,821.67,483.064,0.88197,830.482,480.295,0.196888,806.879,494.954,0.858393,0,0,0,857.03,821.731,0.839289,856.995,812.963,0.883286,818.719,812.933,0.886431,798.174,818.743,0.788943,786.315,818.698,0.807429,780.43,809.738,0.764281,
833.411,483.163,0.949417,812.926,533.266,0.92744,789.331,533.319,0.919343,768.714,597.975,0.956476,762.746,645.119,0.93391,839.27,533.272,0.861502,845.197,586.23,0.170365,845.187,627.381,0.0631614,812.973,648.037,0.877273,801.031,648.045,0.843165,789.183,727.522,0.89499,783.356,804.035,0.877242,833.421,648.026,0.87834,833.266,721.621,0.865657,833.305,809.719,0.903187,818.778,480.312,0.885682,830.375,480.217,0.155163,806.86,494.911,0.8646,0,0,0,856.946,821.717,0.819303,856.956,812.933,0.875048,818.795,812.897,0.877295,795.235,818.785,0.828063,783.455,818.793,0.819129,780.431,809.871,0.809839,
833.409,483.214,0.945783,812.928,533.271,0.927381,789.333,533.328,0.917665,768.703,598.006,0.957402,762.724,645.172,0.923891,839.274,533.274,0.861459,845.184,586.25,0.169016,845.18,627.378,0.0612243,812.967,648.031,0.87892,801.019,648.04,0.843356,789.184,727.51,0.89539,783.352,804.024,0.875604,833.418,648.021,0.879414,833.266,721.618,0.866637,833.301,809.73,0.905451,818.778,480.365,0.882884,827.605,480.241,0.172898,806.861,494.961,0.865605,0,0,0,856.958,821.699,0.823762,856.96,812.922,0.878606,818.785,812.907,0.881058,795.239,818.785,0.827861,783.458,818.794,0.819926,780.428,809.864,0.807292,
833.424,483.259,0.943564,812.866,533.3,0.932918,789.226,536.133,0.92264,765.678,597.977,0.968982,745.182,645.076,0.914155,836.547,533.268,0.866703,845.198,583.27,0.154535,0,0,0,815.721,647.961,0.876356,801.065,647.967,0.844944,789.213,721.683,0.918822,783.34,803.957,0.870969,833.469,647.964,0.883996,833.275,721.561,0.877884,833.296,809.727,0.906442,821.624,483.064,0.877499,827.609,480.275,0.152175,806.864,494.972,0.866102,0,0,0,856.989,821.695,0.82154,856.973,812.921,0.874109,818.791,812.904,0.884878,795.239,818.749,0.825305,783.459,818.76,0.82111,780.417,809.835,0.808229,
833.426,483.272,0.941583,812.88,533.317,0.92846,789.219,536.143,0.92182,765.663,597.987,0.970538,745.187,645.101,0.914094,839.292,533.295,0.86121,842.319,583.296,0.17116,0,0,0,813.004,647.971,0.878424,801.038,647.973,0.844049,789.214,721.697,0.917646,783.339,803.948,0.869919,833.472,647.975,0.886235,833.27,721.599,0.875384,833.287,809.724,0.904921,821.637,483.077,0.876265,830.384,480.284,0.152121,806.871,494.982,0.866455,0,0,0,856.957,821.667,0.823759,856.949,812.909,0.880503,818.786,812.896,0.883938,795.216,818.746,0.83162,783.44,818.757,0.826006,780.422,809.83,0.810733,
833.408,483.262,0.939244,812.876,533.301,0.931303,789.223,536.147,0.921136,765.664,597.988,0.970183,745.188,645.101,0.913945,839.282,533.256,0.863496,842.258,583.234,0.161868,0,0,0,813.002,647.967,0.87894,801.039,647.972,0.844169,789.218,721.701,0.917513,783.341,803.949,0.870879,833.467,647.969,0.885405,833.258,721.654,0.866872,833.289,809.728,0.907906,818.807,483.071,0.877833,827.567,480.283,0.140927,806.877,494.987,0.866698,0,0,0,856.945,821.646,0.822739,856.938,812.896,0.881398,818.795,812.898,0.884084,795.222,818.746,0.831891,783.441,818.758,0.82556,780.424,809.829,0.812642,
833.404,483.258,0.939483,812.879,533.3,0.930887,789.225,536.141,0.921298,765.669,597.985,0.970812,745.189,645.093,0.913131,839.289,533.259,0.862352,842.233,583.233,0.166877,0,0,0,813,647.975,0.879246,801.039,647.979,0.844058,789.22,721.716,0.916145,783.342,803.959,0.872386,833.464,647.975,0.88513,833.252,721.68,0.863517,833.289,809.732,0.909721,818.797,483.071,0.879412,827.555,480.281,0.144592,806.873,494.998,0.86582,0,0,0,856.941,821.638,0.823754,856.933,812.891,0.882888,818.799,812.899,0.884764,795.216,818.754,0.832156,783.435,818.766,0.824792,780.429,809.836,0.814558,
833.403,483.268,0.936208,812.866,533.285,0.933362,789.168,533.315,0.931925,762.839,595.045,0.942702,739.142,642.017,0.865133,839.328,533.285,0.855969,842.304,586.16,0.221045,854.019,624.438,0.0775056,812.975,647.997,0.882338,798.159,648.006,0.833656,789.153,724.578,0.909556,783.353,803.983,0.874144,833.468,648,0.887836,833.258,724.6,0.848865,833.292,809.737,0.910509,818.801,483.077,0.878727,827.561,480.304,0.150922,806.864,494.986,0.864021,0,0,0,856.922,821.644,0.818955,856.935,812.897,0.880785,818.799,812.904,0.882706,795.177,818.755,0.833959,783.396,818.761,0.816577,780.466,809.847,0.815969,
833.394,483.271,0.933366,812.867,533.281,0.934847,789.173,533.308,0.932831,762.838,595.058,0.945876,739.125,642.035,0.865833,839.326,533.281,0.856573,842.308,586.177,0.219857,854.01,624.391,0.07964,812.971,647.97,0.884369,798.161,647.976,0.833554,786.488,724.589,0.908805,783.365,803.993,0.876016,833.46,647.976,0.888657,833.254,727.438,0.845871,833.288,807.006,0.905297,818.785,483.084,0.879585,827.545,480.312,0.159414,806.857,494.996,0.862985,0,0,0,856.883,821.625,0.820588,856.919,812.885,0.884352,821.612,812.885,0.878926,795.16,818.764,0.837925,783.379,818.765,0.817073,780.49,809.853,0.816654,
833.342,483.288,0.915738,812.782,533.264,0.946748,786.325,533.274,0.921656,756.942,594.942,0.86564,721.581,636.215,0.84001,839.332,533.269,0.872653,839.306,586.177,0.23077,848.2,624.476,0.0689146,812.807,647.908,0.904693,792.276,647.953,0.858244,786.438,727.448,0.912536,783.341,803.949,0.863048,833.357,647.904,0.880389,833.25,727.464,0.838292,833.293,807.008,0.908317,818.721,483.102,0.884959,827.486,480.362,0.185802,804.03,495.003,0.85026,0,0,0,856.909,821.626,0.822944,856.931,812.891,0.896146,821.636,812.887,0.889857,795.156,818.771,0.85013,783.364,818.758,0.827727,780.461,809.817,0.808208,
833.354,483.307,0.91903,812.774,533.281,0.94377,786.311,533.272,0.920665,756.938,594.957,0.867566,721.564,636.208,0.839967,839.318,533.308,0.870591,839.33,586.25,0.227171,851.048,627.425,0.0764376,812.8,647.927,0.90549,792.267,647.973,0.859275,786.433,727.462,0.911869,783.335,803.95,0.861803,833.354,647.924,0.881366,830.55,727.502,0.834975,833.289,809.72,0.909484,818.739,483.109,0.885642,827.512,480.392,0.183058,804.031,495.011,0.851241,0,0,0,856.914,821.626,0.822304,856.927,812.893,0.894609,821.638,812.887,0.891957,795.153,818.766,0.84879,783.362,818.756,0.825578,780.454,809.819,0.8075,
833.34,483.318,0.915377,812.711,533.3,0.937693,786.256,533.225,0.917954,754.021,592.086,0.853682,721.554,633.27,0.850859,836.518,536.178,0.872733,839.308,592.017,0.248293,848.183,627.486,0.0826646,812.77,647.977,0.912745,792.218,648.032,0.865729,786.41,727.441,0.909287,783.336,803.939,0.86372,833.337,647.972,0.890811,830.515,724.597,0.834733,833.296,807.008,0.910168,818.723,483.106,0.88939,824.667,480.407,0.162675,804.001,495.006,0.845495,0,0,0,856.914,821.635,0.832346,856.942,812.886,0.898284,821.633,812.882,0.886204,795.143,818.76,0.85304,783.352,818.756,0.82341,780.452,809.807,0.806381,
833.302,483.301,0.905593,810.034,533.309,0.936788,786.235,533.212,0.917159,756.848,592.056,0.854369,721.579,630.399,0.855428,836.506,536.219,0.873125,839.281,592.043,0.302446,848.136,627.436,0.0985502,812.752,647.959,0.914098,792.187,648.01,0.870215,786.404,724.598,0.914329,783.318,801.075,0.860086,833.329,647.958,0.890458,830.528,724.569,0.842408,833.295,807.002,0.909632,818.685,483.09,0.891488,824.614,480.408,0.159795,803.98,494.977,0.842332,0,0,0,856.905,821.643,0.833802,856.936,812.89,0.899549,821.634,812.874,0.888304,795.149,818.747,0.858798,783.355,818.738,0.826397,780.435,809.772,0.798994,
830.558,483.34,0.900352,809.995,533.312,0.938618,786.188,533.186,0.911234,756.891,589.188,0.853105,721.588,630.417,0.849724,836.483,539.075,0.878301,839.31,592.099,0.397405,845.276,627.422,0.145277,812.735,647.987,0.913334,792.173,648.037,0.87195,786.421,724.595,0.909231,783.276,798.172,0.849047,833.314,647.987,0.884704,830.487,724.612,0.828033,833.292,809.746,0.917134,815.895,483.119,0.9014,824.576,483.064,0.163518,803.951,494.965,0.840357,0,0,0,856.892,821.674,0.828988,856.908,812.927,0.895621,821.654,812.911,0.892362,795.151,818.754,0.855662,783.359,818.729,0.830399,780.396,807.005,0.791363,
830.546,483.344,0.897187,809.989,533.335,0.935342,786.177,533.182,0.909622,756.896,589.183,0.8535,721.603,630.388,0.851951,836.479,539.166,0.878429,836.461,594.997,0.468386,845.181,633.326,0.213196,812.712,647.986,0.914522,789.448,648.033,0.877581,786.425,724.559,0.912258,783.272,798.135,0.84734,833.292,647.992,0.883363,830.495,724.583,0.83276,833.293,809.766,0.920096,815.888,483.119,0.902479,824.577,483.076,0.163391,803.949,494.953,0.840124,0,0,0,856.867,821.697,0.824834,856.9,812.946,0.891817,821.657,812.932,0.886297,795.154,818.756,0.859241,783.356,818.727,0.837345,780.39,806.974,0.78361,
830.536,483.301,0.905983,809.988,533.319,0.937412,786.187,533.169,0.914343,756.903,589.178,0.854263,721.607,630.379,0.852751,836.472,539.134,0.877725,836.489,594.972,0.370405,848.113,630.392,0.134827,812.725,647.97,0.914107,789.463,648.019,0.875436,786.428,724.552,0.913725,780.512,798.119,0.847497,833.303,647.977,0.882293,830.496,724.574,0.833575,833.294,809.775,0.921352,815.874,483.083,0.908098,824.557,480.411,0.158895,803.938,494.937,0.837762,0,0,0,856.876,821.701,0.82393,856.911,812.949,0.891792,821.654,812.945,0.88538,795.163,818.77,0.858285,783.362,818.738,0.838553,780.376,806.97,0.784334,
830.538,483.376,0.898321,809.904,536.166,0.926279,783.394,533.232,0.89685,759.768,594.971,0.887264,733.345,642.017,0.847756,836.35,542.081,0.906138,839.349,597.901,0.767336,854.023,633.333,0.430188,809.899,648.135,0.888162,789.248,650.907,0.872879,786.347,730.378,0.89759,780.476,798.105,0.836604,830.464,648.163,0.846306,830.423,730.399,0.817091,833.283,809.818,0.932039,815.877,483.132,0.910797,824.556,483.047,0.159676,801.047,494.945,0.834167,0,0,0,856.888,824.551,0.83187,856.9,812.982,0.88846,821.624,812.96,0.86997,795.164,818.717,0.846033,783.372,818.709,0.837174,777.523,806.914,0.754189,
830.538,483.376,0.898403,809.904,536.166,0.926275,783.394,533.232,0.896865,759.768,594.971,0.887355,733.345,642.017,0.847725,836.351,542.081,0.906141,839.35,597.901,0.767278,854.023,633.332,0.430209,809.899,648.135,0.888155,789.247,650.907,0.872896,786.348,730.378,0.897584,780.475,798.105,0.836606,830.464,648.163,0.846286,830.423,730.399,0.817166,833.283,809.818,0.932007,815.877,483.132,0.910823,824.556,483.048,0.159646,801.048,494.945,0.834207,0,0,0,856.888,824.551,0.831801,856.899,812.982,0.888478,821.624,812.96,0.869951,795.164,818.717,0.846057,783.372,818.708,0.837195,777.523,806.914,0.754188,
830.539,483.376,0.898416,809.904,536.166,0.926275,783.394,533.233,0.896863,759.768,594.971,0.887364,733.345,642.017,0.847723,836.351,542.08,0.906139,839.349,597.901,0.767286,854.023,633.332,0.430211,809.899,648.135,0.888155,789.248,650.908,0.8729,786.347,730.378,0.897584,780.476,798.104,0.836606,830.464,648.163,0.846287,830.423,730.399,0.817174,833.284,809.818,0.932002,815.877,483.132,0.910826,824.556,483.048,0.159657,801.047,494.945,0.834208,0,0,0,856.888,824.552,0.831793,856.9,812.982,0.888479,821.624,812.96,0.869953,795.164,818.717,0.846059,783.372,818.708,0.837198,777.523,806.914,0.75419,
830.538,483.376,0.898366,809.904,536.166,0.92628,783.394,533.232,0.896851,759.768,594.971,0.887296,733.345,642.017,0.847748,836.351,542.081,0.906134,839.349,597.901,0.767344,854.023,633.332,0.4302,809.899,648.135,0.888155,789.247,650.907,0.872889,786.347,730.378,0.897588,780.476,798.105,0.836607,830.464,648.163,0.846299,830.423,730.399,0.817118,833.283,809.818,0.932025,815.877,483.132,0.910807,824.556,483.047,0.159677,801.047,494.945,0.834175,0,0,0,856.888,824.551,0.831847,856.9,812.982,0.888462,821.624,812.96,0.869959,795.164,818.717,0.846043,783.373,818.709,0.837181,777.523,806.914,0.754188,
830.538,483.376,0.898352,809.904,536.166,0.926284,783.394,533.232,0.896835,759.768,594.971,0.88728,733.345,642.017,0.847758,836.351,542.081,0.906128,839.349,597.901,0.767373,854.023,633.332,0.430198,809.899,648.135,0.888154,789.247,650.907,0.872887,786.347,730.378,0.897591,780.476,798.105,0.836606,830.464,648.163,0.846304,830.423,730.399,0.817096,833.283,809.818,0.932025,815.878,483.132,0.910796,824.556,483.047,0.159688,801.047,494.945,0.834152,0,0,0,856.888,824.552,0.831858,856.9,812.982,0.888469,821.624,812.96,0.869973,795.164,818.717,0.846035,783.373,818.709,0.837178,777.523,806.914,0.754188,
830.543,483.354,0.9092,809.9,536.155,0.926611,783.389,533.232,0.896405,759.754,594.976,0.883663,733.36,642.018,0.850143,836.358,542.045,0.903026,839.376,597.837,0.752737,854.081,627.366,0.405675,809.881,648.117,0.885803,789.231,648.156,0.87007,786.344,727.517,0.898474,780.456,798.096,0.8357,830.444,648.134,0.844027,830.393,727.519,0.814524,833.285,809.801,0.930775,815.872,483.103,0.917096,824.616,480.39,0.183434,801.016,494.912,0.830784,0,0,0,856.884,821.723,0.836671,856.909,812.974,0.894515,821.623,812.951,0.872982,795.166,818.727,0.845178,783.373,818.723,0.837017,777.494,806.917,0.757312,
830.551,486.153,0.893307,809.91,539.122,0.910297,783.414,533.308,0.884865,762.647,597.904,0.939185,742.282,645.139,0.940506,836.362,547.843,0.918774,839.441,598.118,0.921308,856.863,645.072,0.926919,809.863,648.066,0.898434,789.211,648.061,0.883919,786.279,730.377,0.892153,780.44,801.048,0.827094,830.401,648.09,0.858474,827.593,727.518,0.820702,833.271,809.832,0.933898,815.848,483.155,0.919306,827.535,483.065,0.213228,795.24,494.921,0.83938,0,0,0,857.004,824.635,0.84366,857.004,815.722,0.868327,818.745,812.997,0.892954,795.162,821.645,0.826052,783.383,821.65,0.819375,777.45,809.739,0.758161,
830.546,486.134,0.895137,809.912,539.12,0.910214,783.412,533.307,0.884087,762.647,597.907,0.939841,742.281,645.141,0.940702,836.369,547.841,0.917242,839.448,600.786,0.920031,856.863,645.083,0.927003,809.864,648.067,0.898004,789.21,648.062,0.883491,786.279,730.369,0.891234,780.434,801.03,0.826087,830.404,648.092,0.858736,827.591,727.512,0.820666,833.268,809.828,0.932723,815.836,483.14,0.921925,827.541,480.389,0.23229,795.236,492.081,0.840385,0,0,0,857.004,824.625,0.843778,857.002,813.002,0.868887,818.744,812.993,0.892372,795.184,821.618,0.823312,783.398,821.63,0.818206,774.618,807.002,0.754609,
830.536,486.112,0.894844,809.911,539.111,0.910377,783.408,533.3,0.884553,762.65,597.909,0.940401,742.279,645.139,0.940397,836.373,547.838,0.916361,839.447,600.791,0.920379,856.861,645.092,0.927617,809.865,648.066,0.898377,789.213,648.061,0.883339,786.283,727.538,0.890817,780.426,801.005,0.824556,830.404,648.091,0.859153,827.587,727.509,0.820045,833.268,809.823,0.932559,815.825,483.125,0.922794,827.52,480.366,0.24196,795.223,492.068,0.841637,0,0,0,857.004,824.617,0.842405,857.002,812.996,0.868911,818.749,812.989,0.890083,795.212,818.778,0.820211,783.417,818.802,0.817077,774.599,806.983,0.753322,
830.404,489.085,0.84189,809.847,542.031,0.908927,783.4,536.159,0.87159,765.765,595.042,0.937596,762.846,644.911,0.94267,836.245,547.889,0.924289,851.058,598.036,0.918659,862.935,644.947,0.888715,809.827,648.06,0.901249,789.192,648.072,0.888065,786.234,727.463,0.886796,780.425,801.031,0.824228,827.594,648.057,0.870544,827.604,724.52,0.829337,833.274,809.79,0.925458,815.755,483.283,0.920017,824.627,483.18,0.208379,795.169,495.015,0.853183,0,0,0,857.095,824.618,0.837425,857.052,812.991,0.861702,818.731,812.969,0.89485,795.181,818.734,0.816333,783.424,818.778,0.812399,777.448,809.733,0.756643,
