842.245,503.706,0.858919,812.793,539.083,0.8896,789.366,533.282,0.899565,789.362,597.89,0.953162,839.431,601.046,0.888057,833.52,545.007,0.870447,836.335,597.938,0.555229,857.084,606.798,0.623197,810.022,650.951,0.871821,795.137,650.976,0.802859,786.427,727.496,0.873003,783.325,801.05,0.833837,827.522,650.953,0.799342,827.529,721.631,0.787552,830.501,806.972,0.872713,836.353,495.019,0.856991,833.526,497.861,0.101893,812.944,503.637,0.93102,0,0,0,856.978,821.612,0.795958,856.915,812.917,0.829926,818.772,812.886,0.805976,795.157,818.761,0.79056,786.206,818.782,0.824604,780.374,809.731,0.749794,
839.439,503.688,0.86147,812.781,539.069,0.891514,789.349,533.316,0.89485,789.347,597.893,0.954595,839.411,601.032,0.89265,833.52,544.934,0.865842,836.311,597.901,0.536576,857.061,606.779,0.609984,810.013,650.94,0.87225,792.351,650.974,0.805272,786.422,727.481,0.87681,783.32,801.046,0.835234,827.515,650.937,0.800329,827.538,721.598,0.797398,830.5,806.968,0.874774,836.316,495.006,0.856128,833.583,494.939,0.125039,812.904,503.647,0.939374,0,0,0,856.962,818.802,0.800424,856.915,812.909,0.836118,818.765,812.882,0.815484,795.156,818.757,0.799801,783.456,818.777,0.829269,777.56,807.001,0.750841,
839.419,503.679,0.859182,812.779,536.251,0.895142,789.338,533.332,0.892873,789.368,597.901,0.95379,839.424,601.025,0.892555,833.517,542.07,0.865652,836.273,597.882,0.524507,857.043,606.784,0.597273,810.007,650.952,0.872471,792.337,650.989,0.806649,786.413,727.486,0.879166,783.317,801.051,0.836227,827.51,650.947,0.800997,827.545,721.599,0.802899,830.502,806.973,0.877901,836.29,495,0.849277,833.565,492.056,0.156585,812.877,503.65,0.944178,0,0,0,856.957,818.803,0.80423,856.917,812.906,0.841157,818.764,812.882,0.823347,795.151,818.758,0.806382,783.447,818.778,0.831782,780.372,809.733,0.751929,
842.318,503.71,0.856725,812.804,536.234,0.894583,789.391,533.276,0.897793,789.333,597.87,0.950842,839.397,601.029,0.89264,833.533,542.103,0.865108,836.284,597.895,0.520603,857.09,606.776,0.611863,810.008,650.946,0.874013,792.334,650.979,0.809154,786.413,727.481,0.880422,783.317,801.054,0.836833,827.511,650.946,0.803614,827.542,721.59,0.806997,830.502,806.974,0.879353,836.408,495.019,0.855987,836.277,497.886,0.106249,812.967,503.63,0.929942,0,0,0,856.962,821.61,0.806485,856.917,812.905,0.844227,818.764,812.881,0.827911,795.149,818.759,0.810275,783.443,818.779,0.833848,780.374,809.736,0.753234,
845.223,503.649,0.860684,812.843,536.233,0.889055,789.444,533.298,0.888507,789.379,597.879,0.947158,839.393,601.039,0.895163,833.564,544.921,0.859948,836.315,597.942,0.530916,859.826,606.769,0.62428,810.021,650.967,0.873627,792.352,650.998,0.804933,786.407,727.5,0.880696,783.318,801.065,0.837329,827.531,650.974,0.804984,827.54,721.636,0.805873,830.505,806.985,0.883012,836.484,494.937,0.863741,836.318,497.908,0.0831146,815.771,503.614,0.921172,0,0,0,856.965,821.615,0.811712,856.922,812.906,0.849108,818.764,812.886,0.832498,795.137,818.756,0.811807,783.437,818.777,0.833729,780.381,809.742,0.754354,
842.333,503.649,0.869976,812.872,536.233,0.889482,792.179,533.293,0.888758,789.392,597.865,0.938872,839.39,601.062,0.895276,836.264,544.936,0.868021,836.35,597.949,0.534267,857.097,606.768,0.595851,810.003,651.006,0.870405,792.304,651.036,0.809516,786.392,727.536,0.882599,783.327,801.063,0.840045,827.523,651.019,0.801361,827.529,724.504,0.796758,830.499,806.968,0.881533,836.417,494.942,0.872822,836.558,494.975,0.122596,812.98,503.618,0.930797,0,0,0,856.915,818.795,0.817438,856.901,812.887,0.860828,818.752,812.864,0.832422,795.134,818.758,0.819627,783.424,818.77,0.838322,780.402,809.738,0.760757,
845.225,503.655,0.863364,812.923,536.253,0.882725,792.189,533.32,0.883766,789.391,597.87,0.938255,839.395,601.074,0.89008,836.339,544.937,0.862078,836.401,597.984,0.513228,859.847,606.815,0.572815,809.972,651.045,0.863755,792.253,653.858,0.810181,786.378,730.391,0.882987,783.339,801.059,0.842039,827.483,651.059,0.792841,827.527,724.56,0.795245,830.498,806.946,0.878482,836.467,494.952,0.864753,839.301,497.821,0.136838,813.004,503.631,0.928912,0,0,0,856.893,818.791,0.818479,856.896,812.879,0.864989,818.739,812.841,0.831932,795.13,818.749,0.822165,783.417,818.756,0.83939,780.425,809.731,0.764331,
845.253,503.678,0.86207,812.984,539.11,0.877787,792.201,533.331,0.883977,789.409,597.852,0.933984,839.4,603.818,0.885889,836.419,544.987,0.85719,836.525,597.981,0.575096,859.912,606.814,0.601867,809.968,651.058,0.859149,792.236,653.864,0.810502,786.379,730.415,0.884939,783.343,801.073,0.843361,827.487,653.859,0.791053,827.482,724.595,0.787571,830.495,806.928,0.877267,836.478,494.984,0.862468,839.321,497.853,0.14703,812.989,503.658,0.939255,0,0,0,856.893,818.781,0.816951,856.895,812.874,0.863656,818.741,812.823,0.830724,795.132,818.744,0.821711,783.422,818.752,0.839703,780.433,809.738,0.768354,
848.109,503.724,0.876445,812.992,539.158,0.875248,792.22,536.13,0.874767,789.456,597.843,0.921484,839.452,603.893,0.874305,836.419,545.021,0.863348,836.479,598.011,0.624192,859.943,612.649,0.63326,809.933,653.924,0.851019,792.207,653.949,0.808574,786.367,730.467,0.888774,783.343,801.095,0.844717,824.618,653.953,0.783317,824.66,730.403,0.787135,830.501,806.931,0.880333,836.517,497.855,0.869881,839.325,497.902,0.11482,815.758,503.691,0.94232,0,0,0,856.905,818.782,0.81713,856.903,812.874,0.865715,818.751,812.817,0.830922,792.336,818.727,0.829375,783.408,818.738,0.840044,780.445,809.746,0.774306,
848.119,503.69,0.86709,815.734,539.097,0.875814,792.261,533.325,0.879601,789.439,597.809,0.91605,839.39,603.931,0.875126,836.453,544.963,0.858298,836.523,597.929,0.628667,859.911,606.882,0.644996,809.938,653.855,0.856059,792.228,653.871,0.811573,786.368,730.427,0.885341,783.356,803.942,0.845351,824.605,653.894,0.7889,824.614,727.506,0.777276,830.506,806.944,0.880395,836.518,495.013,0.859847,0,0,0,815.765,503.686,0.938008,0,0,0,856.917,818.782,0.813996,856.906,812.88,0.86061,818.761,812.833,0.826899,792.35,818.749,0.816192,783.428,818.762,0.833453,780.439,809.77,0.777104,
851.063,503.639,0.879724,815.826,539.113,0.869433,792.311,533.312,0.874168,789.428,595.08,0.914962,839.354,603.973,0.878031,836.553,545.007,0.853149,836.497,597.997,0.602656,859.847,612.67,0.617886,809.955,653.9,0.857842,792.237,653.907,0.810451,786.368,730.473,0.887455,783.349,803.976,0.847237,824.641,653.95,0.787615,824.593,730.465,0.779064,830.528,807,0.890176,839.311,494.942,0.863263,842.238,494.99,0.111759,815.875,503.644,0.917315,0,0,0,856.947,818.802,0.814845,856.93,812.892,0.862319,818.785,812.878,0.827912,792.344,818.775,0.814608,783.423,818.79,0.830052,780.433,809.793,0.776997,
853.964,503.637,0.886757,815.843,539.117,0.864649,792.331,533.301,0.870485,789.439,595.089,0.912784,839.385,606.763,0.871062,839.276,545.031,0.846142,836.435,598.042,0.553551,859.837,612.695,0.569613,809.955,653.961,0.85251,792.239,656.795,0.802849,786.361,733.313,0.887865,783.347,803.998,0.84684,824.613,656.82,0.783399,824.565,733.322,0.779109,830.543,809.737,0.895802,839.419,494.933,0.844181,0,0,0,818.747,503.638,0.908596,0,0,0,856.978,818.804,0.8132,856.945,812.898,0.860063,821.618,812.901,0.827215,792.336,818.787,0.811123,783.422,818.804,0.825351,780.434,809.809,0.775581,
854.003,503.674,0.890397,815.864,539.114,0.862403,795.156,533.296,0.864967,792.213,597.808,0.906732,839.45,606.792,0.866062,839.281,545.008,0.842733,836.44,598.061,0.557078,859.917,615.572,0.576094,809.968,656.834,0.852067,792.267,656.851,0.798337,786.359,733.343,0.888888,783.347,804.018,0.846028,824.641,656.878,0.782436,821.715,733.341,0.77792,830.55,809.769,0.901385,842.231,494.973,0.833647,0,0,0,818.8,503.653,0.905508,0,0,0,857.02,821.627,0.81355,856.957,812.916,0.855515,821.628,812.932,0.826322,792.328,821.616,0.806676,783.427,821.632,0.823003,780.433,809.825,0.774807,
851.057,503.75,0.889242,815.862,539.099,0.863318,795.174,533.326,0.863445,792.29,597.814,0.895675,842.324,606.775,0.855654,839.286,544.943,0.848133,836.384,598.019,0.515458,859.94,615.586,0.570901,809.978,656.795,0.855999,792.275,656.807,0.802376,786.371,733.306,0.883267,783.343,803.978,0.842362,824.655,656.842,0.785691,821.688,733.334,0.782475,833.251,809.778,0.902834,839.317,497.926,0.866601,842.335,500.726,0.136243,815.857,503.698,0.925387,0,0,0,857.023,821.619,0.815692,856.96,812.919,0.857869,821.64,812.939,0.813663,792.328,818.769,0.79785,783.431,818.791,0.816564,780.425,809.799,0.771259,
851.129,503.774,0.903434,818.719,539.163,0.85044,795.249,533.344,0.850823,792.271,597.848,0.905745,842.277,606.843,0.846821,839.38,545.013,0.84051,839.35,598.076,0.534768,860.005,615.655,0.547489,809.964,653.86,0.865568,792.247,651.063,0.818503,786.354,730.385,0.88043,783.328,803.958,0.836904,824.648,653.934,0.789788,821.618,730.425,0.77939,833.251,809.778,0.901215,839.342,497.949,0.86828,848.101,497.93,0.179203,815.87,503.751,0.928404,0,0,0,857.032,818.804,0.8182,856.965,812.924,0.857031,821.648,812.955,0.800697,792.293,818.736,0.791704,783.406,818.761,0.806834,780.42,809.79,0.766835,
853.95,503.742,0.898806,818.784,542.049,0.854162,798.122,536.143,0.846889,792.339,597.914,0.909913,842.25,612.647,0.846615,842.213,547.856,0.8482,842.31,598.018,0.642911,860.066,618.537,0.580276,809.936,651.025,0.869666,792.181,650.998,0.834216,786.317,727.485,0.88011,783.299,801.108,0.83132,824.643,653.893,0.793639,821.641,727.509,0.782631,830.552,809.776,0.902474,839.402,497.919,0.853589,848.123,497.939,0.155928,818.778,503.766,0.920167,0,0,0,857.058,818.802,0.823214,856.971,812.932,0.856591,821.632,812.963,0.804793,792.269,818.701,0.795159,783.382,818.734,0.80546,780.395,809.769,0.762455,
854.103,503.662,0.899987,821.624,542.095,0.854102,798.117,536.169,0.844352,795.241,597.982,0.90341,845.213,615.561,0.849471,842.305,547.906,0.844341,839.315,600.901,0.562491,860.007,621.629,0.592087,809.879,653.976,0.854183,789.357,653.944,0.838551,786.229,730.397,0.879956,783.28,803.931,0.830094,824.637,656.897,0.787211,821.729,733.321,0.805399,830.55,809.779,0.915112,842.342,494.977,0.821598,0,0,0,824.626,503.72,0.915222,0,0,0,857.033,821.648,0.84028,856.988,812.917,0.882415,818.784,812.963,0.843592,792.207,818.735,0.829771,780.488,818.746,0.810166,780.407,809.772,0.762593,
856.855,503.75,0.917367,821.713,542.094,0.848314,801.088,536.148,0.842999,795.201,597.899,0.885649,842.319,612.696,0.846356,845.156,547.923,0.840588,836.416,600.921,0.554533,859.857,624.388,0.580754,809.831,653.934,0.853603,789.337,653.901,0.843504,786.231,730.455,0.87698,783.282,803.944,0.830882,821.716,656.861,0.790259,821.672,733.323,0.803169,830.552,809.788,0.914239,845.193,497.926,0.828688,851.061,500.757,0.0962439,824.651,503.798,0.90716,0,0,0,857.043,821.648,0.835654,856.99,812.925,0.876438,818.795,812.972,0.831685,792.205,818.727,0.820561,780.504,818.743,0.804036,780.402,809.783,0.767733,
856.992,503.882,0.938625,824.582,544.993,0.850815,801.099,536.245,0.837293,798.13,597.938,0.880945,845.235,612.736,0.832437,845.264,547.969,0.843583,839.341,600.897,0.571798,859.943,621.617,0.605749,809.806,653.906,0.855268,789.315,653.877,0.847834,786.229,733.327,0.878896,783.297,803.947,0.835028,821.686,656.831,0.792044,821.631,730.445,0.79675,830.556,809.79,0.913169,851.034,500.805,0.851219,853.936,503.649,0.0518993,827.59,503.865,0.922435,0,0,0,857.06,821.644,0.828836,856.983,812.938,0.861168,821.621,812.969,0.831783,792.221,818.712,0.811651,783.323,818.743,0.801854,780.412,809.781,0.775678,
856.995,506.678,0.930068,827.498,547.845,0.861154,804.056,539.126,0.846724,801.099,597.959,0.8684,851.124,618.53,0.863547,848.185,550.759,0.844578,836.392,603.866,0.476643,859.876,624.526,0.473218,809.734,656.876,0.831434,789.278,656.844,0.839057,786.253,733.388,0.88036,783.311,803.948,0.834242,818.732,659.813,0.797113,818.776,733.314,0.795661,833.252,809.808,0.907726,851.034,503.633,0.861242,856.79,503.628,0.0987364,827.562,503.93,0.912258,0,0,0,857.101,821.63,0.818257,856.98,812.955,0.843324,821.652,812.989,0.809717,792.25,818.713,0.784115,783.383,818.753,0.793907,780.407,809.778,0.77469,
856.972,506.79,0.903549,827.518,547.995,0.887678,804.056,544.932,0.847096,806.831,597.998,0.868054,853.99,618.568,0.878295,851.063,550.871,0.879198,836.338,606.781,0.580817,859.92,624.609,0.572073,807.002,656.905,0.831897,789.245,656.847,0.845207,786.239,733.35,0.87963,783.31,803.942,0.835614,818.705,662.657,0.802829,818.806,730.404,0.787587,830.549,809.797,0.910262,851.029,503.746,0.860791,854.037,503.721,0.124218,830.391,506.674,0.913885,0,0,0,857.085,821.621,0.820131,856.964,812.948,0.845684,821.637,812.973,0.828285,792.259,818.692,0.791697,783.388,818.737,0.797986,780.413,809.769,0.77597,
856.972,506.79,0.903641,827.518,547.995,0.887612,804.056,544.932,0.847083,806.831,597.998,0.86804,853.99,618.568,0.878266,851.062,550.871,0.879069,836.338,606.781,0.580299,859.92,624.609,0.571946,807.003,656.903,0.831931,789.246,656.845,0.845117,786.24,733.35,0.879476,783.311,803.945,0.83567,818.705,662.656,0.802647,818.805,730.403,0.787322,830.548,809.804,0.910602,851.029,503.747,0.860827,854.037,503.721,0.124339,830.39,506.674,0.913918,0,0,0,857.093,821.628,0.819977,856.969,812.953,0.844748,821.635,812.984,0.825452,792.258,818.695,0.78833,783.389,818.74,0.795788,780.412,809.772,0.775581,
856.972,506.79,0.903747,827.518,547.994,0.887495,804.057,544.932,0.847052,806.831,597.998,0.868005,853.989,618.568,0.878197,851.062,550.87,0.878885,836.337,606.78,0.579452,859.921,624.608,0.571591,807.004,656.901,0.831962,789.248,656.843,0.844989,786.242,733.349,0.879262,783.312,803.946,0.835505,818.705,662.654,0.802406,818.805,730.402,0.786832,830.548,809.812,0.910642,851.028,503.747,0.860972,854.036,503.72,0.124621,830.39,506.674,0.913957,0,0,0,857.1,821.632,0.819407,856.974,812.957,0.843533,821.635,812.994,0.822378,792.257,818.696,0.78503,783.39,818.741,0.793563,780.411,809.773,0.774969,
856.971,506.79,0.903826,827.518,547.994,0.887442,804.057,544.932,0.847039,806.831,597.998,0.867975,853.99,618.568,0.878161,851.062,550.87,0.878766,836.337,606.78,0.578988,859.921,624.608,0.571472,807.005,656.9,0.831987,789.249,656.842,0.844882,786.245,733.349,0.879078,783.313,803.947,0.835384,818.705,662.653,0.802191,818.805,730.4,0.786312,830.549,809.816,0.91056,851.028,503.747,0.861027,854.036,503.72,0.124728,830.39,506.674,0.913985,0,0,0,859.818,821.642,0.818801,856.977,812.959,0.842319,821.635,813,0.820056,792.256,818.697,0.782553,783.39,818.741,0.791536,780.411,809.775,0.774581,
856.971,506.79,0.903927,827.518,547.994,0.887381,804.057,544.932,0.847014,806.832,597.998,0.86793,853.99,618.568,0.878107,851.061,550.87,0.878639,836.336,606.78,0.578282,859.921,624.608,0.571122,807.005,656.898,0.832011,789.25,656.84,0.844761,786.247,733.349,0.878913,783.314,803.948,0.835298,818.708,659.838,0.801957,818.804,730.399,0.785832,830.549,809.823,0.910447,851.028,503.747,0.861173,854.035,503.719,0.124841,830.39,506.674,0.914016,0,0,0,859.827,821.646,0.818423,856.982,812.962,0.840885,821.634,813.011,0.816622,792.253,818.698,0.779612,783.388,818.742,0.789042,780.412,809.777,0.77417,
856.992,506.804,0.896624,827.532,550.716,0.890079,806.835,544.937,0.847213,803.966,597.985,0.868792,851.027,618.6,0.86533,851.059,550.913,0.877491,836.385,606.861,0.616603,859.873,627.504,0.657536,807.002,656.9,0.835765,789.217,656.831,0.850818,786.209,733.362,0.880741,783.316,803.929,0.837823,818.75,662.661,0.800245,818.762,733.386,0.813211,833.265,809.805,0.921147,851.053,503.767,0.858233,853.992,503.719,0.0934203,830.421,506.717,0.914158,0,0,0,857.019,821.633,0.821888,856.959,812.929,0.859484,821.643,812.965,0.843918,792.245,815.878,0.816446,783.344,818.689,0.80463,780.446,809.75,0.775442,
859.802,524.401,0.864446,833.269,550.945,0.947875,809.845,550.74,0.928994,809.832,600.925,0.956606,856.941,621.481,0.910179,853.98,553.777,0.910556,836.426,615.575,0.699202,860.085,639.122,0.710578,801.095,656.885,0.806566,786.281,653.962,0.843275,786.214,733.318,0.8809,783.294,801.064,0.834577,812.988,659.837,0.827492,818.79,727.539,0.809157,830.495,806.956,0.900074,856.84,512.603,0.822607,857.072,515.62,0.160971,833.388,509.786,0.925577,0,0,0,856.883,818.782,0.824828,856.892,812.88,0.874884,818.744,812.838,0.854792,792.289,815.817,0.828678,783.368,815.869,0.815305,780.411,807,0.772112,
857.06,524.431,0.857155,833.294,553.705,0.9527,809.837,550.752,0.924995,809.866,600.931,0.949674,857.013,621.587,0.903322,854.047,553.985,0.899275,836.458,612.718,0.708801,862.838,636.217,0.679907,801.104,653.893,0.812277,786.29,651.019,0.853346,786.241,727.535,0.878164,783.3,798.147,0.837327,812.995,656.835,0.825744,821.62,724.561,0.811806,830.508,806.934,0.895551,854.007,512.631,0.797204,857.026,515.544,0.301084,833.344,512.609,0.90141,0,0,0,854.08,818.736,0.817937,856.836,812.875,0.864587,818.777,812.819,0.849693,795.136,815.742,0.823248,783.438,815.799,0.819871,780.394,806.932,0.767325,
859.839,524.358,0.842914,833.317,553.771,0.950939,809.856,550.733,0.916408,809.973,601.004,0.958377,859.887,624.454,0.90281,856.819,559.716,0.873352,836.538,615.604,0.665497,865.84,633.291,0.595884,801.106,653.89,0.81094,786.263,651.019,0.847549,786.249,727.453,0.879909,783.279,795.237,0.840033,813.012,656.833,0.82226,821.649,721.7,0.817538,830.522,806.95,0.902041,856.847,509.779,0.818333,857.046,515.548,0.158717,833.475,512.659,0.912745,0,0,0,856.865,818.761,0.82444,856.845,812.891,0.863413,821.608,812.829,0.852151,795.148,812.99,0.814228,783.453,815.764,0.815492,777.557,806.861,0.758552,
859.849,524.356,0.840885,833.317,553.772,0.951089,809.856,550.736,0.916608,809.973,601.004,0.958204,859.887,624.454,0.902859,856.82,559.716,0.873466,836.541,615.606,0.666246,865.842,633.295,0.596459,801.106,653.895,0.811011,786.262,651.024,0.847236,786.247,727.459,0.880324,783.278,795.238,0.840281,813.014,656.838,0.822184,821.65,721.703,0.817821,830.523,806.952,0.902927,856.857,509.775,0.818792,857.043,515.547,0.151547,833.483,512.658,0.912611,0,0,0,856.863,818.765,0.825608,856.851,812.891,0.866398,818.789,812.835,0.854352,795.154,812.994,0.816983,783.453,815.768,0.817873,777.556,806.861,0.758724,
859.857,524.352,0.839719,833.317,553.773,0.950959,809.854,550.737,0.91654,809.973,601.007,0.957485,859.888,624.454,0.903031,856.821,559.718,0.873561,836.542,615.61,0.667118,865.845,633.299,0.596299,801.104,653.908,0.810723,786.256,651.034,0.845763,786.245,727.491,0.879323,783.278,795.245,0.839656,813.016,656.852,0.822332,821.656,724.503,0.816086,830.529,806.958,0.905158,856.863,509.772,0.819442,857.048,515.542,0.146034,833.487,512.659,0.912822,0,0,0,856.856,818.77,0.82663,856.855,812.892,0.869738,818.791,812.836,0.857716,795.161,812.995,0.821608,783.455,815.77,0.821127,777.556,806.862,0.759083,
859.863,524.344,0.838181,833.317,553.773,0.951016,809.855,550.737,0.916482,809.972,601.009,0.957053,859.889,624.455,0.903,856.822,559.717,0.873695,836.546,615.612,0.666905,865.85,633.298,0.595151,801.106,653.911,0.810752,786.257,651.038,0.845737,786.245,727.492,0.8796,783.276,795.235,0.839988,815.722,656.85,0.822444,821.662,724.517,0.815626,830.53,806.96,0.905539,856.867,509.765,0.820657,857.044,515.527,0.141284,833.491,512.659,0.91312,0,0,0,856.856,818.772,0.827211,856.861,812.892,0.871679,818.787,812.838,0.858379,795.168,812.984,0.822403,786.208,815.762,0.821912,777.55,806.853,0.756232,
859.871,524.344,0.837603,833.317,553.772,0.950928,809.855,550.735,0.915888,809.972,601.01,0.956841,859.891,624.457,0.90307,856.822,559.719,0.873464,839.276,615.612,0.667116,865.856,633.296,0.593089,801.106,653.912,0.811394,786.252,651.039,0.845696,786.246,727.512,0.879726,783.272,795.223,0.838929,815.724,656.851,0.823011,821.662,724.536,0.814837,830.532,806.961,0.90626,856.873,509.764,0.820999,857.053,515.524,0.139423,833.497,512.659,0.913463,0,0,0,854.095,818.761,0.827854,856.861,812.889,0.875544,818.786,812.838,0.858438,795.172,812.979,0.827275,783.46,815.754,0.824543,777.544,806.837,0.752876,
859.817,527.32,0.898878,833.306,553.822,0.949926,809.832,550.818,0.928737,810.004,601.072,0.956797,859.878,624.433,0.907554,854.098,559.71,0.876966,839.44,615.623,0.649916,868.728,630.429,0.61335,801.1,653.937,0.809075,786.251,651.069,0.842583,786.24,727.528,0.879648,780.511,795.234,0.837776,813.016,656.867,0.823345,821.664,724.544,0.816416,830.528,806.958,0.906871,856.839,518.469,0.821536,859.952,521.447,0.298815,833.401,515.528,0.899804,0,0,0,854.091,818.762,0.83042,856.862,812.884,0.881333,818.785,812.836,0.859554,795.135,812.988,0.836513,783.418,815.76,0.827852,777.55,806.851,0.755811,
859.854,527.46,0.908297,833.287,553.987,0.929596,809.921,553.754,0.952929,818.689,606.837,0.849138,871.732,621.523,0.85328,853.941,559.672,0.867285,842.303,615.606,0.720935,874.598,624.625,0.607865,803.948,653.977,0.810956,786.28,653.891,0.83858,786.435,724.514,0.90273,783.349,792.333,0.866951,815.763,656.868,0.827832,833.356,718.77,0.9045,833.251,806.949,0.88364,856.881,524.289,0.85683,859.814,527.147,0.126362,833.415,521.443,0.901737,0,0,0,856.937,818.762,0.837128,856.902,812.871,0.882977,818.747,812.836,0.869645,795.139,812.993,0.838525,783.422,812.999,0.841864,780.436,804.005,0.747138,
859.886,527.382,0.899482,833.29,556.729,0.927513,809.936,553.742,0.954811,818.677,606.793,0.847319,871.726,621.56,0.847395,853.932,559.775,0.859437,845.197,615.683,0.733445,874.676,624.627,0.61776,803.945,656.831,0.811127,786.273,653.922,0.836284,786.438,724.522,0.903271,783.351,792.341,0.866527,815.773,659.736,0.825756,833.361,718.782,0.902856,833.252,806.96,0.885863,856.89,521.411,0.845272,857.103,524.43,0.101341,833.435,521.448,0.904253,0,0,0,856.941,818.78,0.836432,856.904,812.883,0.883791,818.748,812.847,0.868664,792.338,812.98,0.84332,783.413,812.99,0.843348,780.445,804.017,0.749276,
859.903,527.326,0.893123,833.303,556.754,0.92909,809.947,553.727,0.955817,815.879,603.944,0.858149,871.683,621.543,0.83959,853.971,562.687,0.861941,845.264,618.502,0.744312,877.559,624.582,0.642021,803.935,656.848,0.810386,786.251,653.929,0.83353,786.44,724.525,0.904706,783.355,795.138,0.86502,815.779,659.762,0.826042,833.363,718.789,0.90153,833.251,806.973,0.887918,856.9,518.528,0.842621,857.069,524.416,0.094522,833.445,521.442,0.905523,0,0,0,856.947,818.795,0.838895,856.904,812.895,0.88822,818.75,812.863,0.871342,792.322,812.989,0.841874,783.404,812.995,0.841422,780.453,804.046,0.751982,
857.101,530.191,0.908578,833.281,553.934,0.943659,809.903,553.759,0.954642,824.566,603.971,0.859595,874.638,618.605,0.87113,851.119,556.806,0.877674,856.867,615.565,0.745405,880.453,624.574,0.718825,803.975,656.876,0.813947,786.333,656.816,0.840629,789.273,724.49,0.910167,783.34,795.238,0.873618,815.769,659.762,0.830911,833.557,718.757,0.935551,833.265,809.735,0.898214,854.052,524.416,0.85192,857.078,524.441,0.241639,833.33,524.337,0.89449,0,0,0,857.036,818.78,0.830414,856.973,812.924,0.880752,818.706,812.92,0.879392,795.224,815.798,0.815888,786.27,815.807,0.843393,780.379,806.94,0.79011,
857.111,527.396,0.890912,830.49,556.745,0.917488,809.876,553.844,0.946343,827.553,603.949,0.870624,877.629,618.49,0.875988,848.174,559.687,0.845303,856.891,618.499,0.782515,883.409,621.583,0.71359,806.92,659.748,0.830176,789.193,656.88,0.84697,795.181,721.63,0.858455,783.415,795.195,0.876677,815.889,659.796,0.81949,836.398,718.691,0.932189,833.326,807.006,0.897999,854.015,524.287,0.817639,856.856,524.376,0.0942714,833.333,524.43,0.915552,0,0,0,857.008,818.733,0.826314,856.925,812.948,0.859879,818.779,812.866,0.837292,798.163,815.814,0.791114,786.389,815.791,0.851282,780.418,806.86,0.777012,
857.085,527.4,0.878955,830.482,556.771,0.916058,809.863,553.881,0.938589,830.429,603.941,0.880045,877.637,618.464,0.873101,848.168,559.707,0.84362,856.884,618.489,0.773858,883.38,621.57,0.715978,806.927,659.799,0.83363,789.196,659.755,0.850556,795.182,721.664,0.850857,783.416,795.168,0.877865,815.903,662.657,0.818203,836.404,718.709,0.929582,833.323,807.006,0.895945,853.975,524.309,0.805777,856.819,524.306,0.103493,833.322,527.175,0.917365,0,0,0,857.005,818.738,0.824073,856.918,812.956,0.851005,818.775,812.863,0.829698,798.181,815.762,0.779292,786.407,815.752,0.838285,780.405,806.835,0.773841,
856.984,527.336,0.904625,830.427,556.82,0.903175,809.755,553.908,0.926693,830.526,603.986,0.889635,880.481,606.857,0.87995,848.151,559.779,0.840774,857.103,618.606,0.81299,883.537,618.528,0.678518,809.741,665.571,0.881298,789.266,662.749,0.875023,801.029,721.594,0.88018,783.401,795.193,0.885897,821.645,665.635,0.851456,839.433,724.605,0.854716,833.375,809.785,0.941918,851.109,521.456,0.815396,856.946,524.38,0.141011,830.459,524.361,0.889832,0,0,0,857.105,821.626,0.853538,857.018,812.98,0.891724,818.779,812.91,0.872964,798.122,815.804,0.796419,786.319,815.75,0.838259,780.377,804.056,0.772721,
856.979,527.288,0.901871,830.423,556.824,0.901888,809.769,553.919,0.92949,830.517,603.982,0.887857,880.468,606.87,0.875935,848.111,559.778,0.839029,857.093,618.595,0.812418,883.53,618.508,0.682478,809.744,665.575,0.882642,789.271,662.754,0.875216,801.026,721.594,0.880221,783.402,795.185,0.887244,821.642,665.639,0.852657,839.43,724.601,0.855898,833.376,809.783,0.941818,851.09,521.399,0.806801,856.901,524.322,0.124011,830.458,524.356,0.888716,0,0,0,857.101,821.617,0.852159,857.016,812.976,0.890124,818.78,812.905,0.874195,798.13,815.775,0.79548,786.325,815.728,0.836123,780.376,804.048,0.772992,
856.942,527.284,0.902305,830.418,556.829,0.900068,809.781,553.917,0.934112,830.514,603.974,0.887127,880.475,606.881,0.876176,845.267,559.758,0.839729,857.075,618.586,0.812275,883.528,618.515,0.690002,809.745,665.584,0.885129,789.278,662.765,0.876759,801.023,721.593,0.880314,783.403,795.184,0.887644,821.635,665.648,0.854625,839.43,724.602,0.856569,833.379,809.774,0.941252,851.052,521.406,0.806463,856.855,524.353,0.112354,830.464,524.358,0.89041,0,0,0,857.09,818.801,0.851482,857.015,812.969,0.889809,818.786,812.896,0.876025,798.131,815.75,0.796547,786.322,813.007,0.833003,780.381,804.048,0.77142,
856.973,527.238,0.897055,830.43,556.841,0.900055,809.789,553.908,0.937096,830.497,603.97,0.884286,880.495,606.882,0.874813,848.137,562.677,0.834193,857.097,618.634,0.821276,883.585,618.527,0.69417,809.743,665.606,0.888024,789.276,665.556,0.878379,801.034,721.591,0.880669,783.397,795.147,0.888319,821.636,665.671,0.857069,839.428,724.606,0.856761,833.385,809.787,0.944458,851.093,518.531,0.803271,856.882,524.329,0.0991924,830.489,524.338,0.891039,0,0,0,859.81,821.625,0.84707,857.021,812.976,0.882418,818.794,812.909,0.876425,798.156,815.727,0.794315,786.337,812.981,0.831452,777.544,804.001,0.767493,
854.015,524.342,0.841189,827.549,556.857,0.879126,806.924,554.006,0.895872,839.396,606.771,0.863614,886.445,597.875,0.879674,842.324,559.758,0.841617,862.95,624.431,0.865933,889.392,600.918,0.737012,809.976,665.643,0.911929,792.235,665.579,0.851371,809.785,718.756,0.961268,786.207,798.079,0.872169,827.591,665.73,0.860896,851.117,724.558,0.855082,833.409,806.95,0.913385,842.269,515.536,0.813224,0,0,0,821.687,524.39,0.865111,0,0,0,859.928,815.866,0.843281,857.084,812.868,0.853065,821.62,812.78,0.877782,798.09,812.908,0.7475,786.38,812.931,0.798014,780.421,806.903,0.772951,
854.026,524.328,0.837413,827.55,556.855,0.879093,806.931,554.008,0.89555,839.399,606.776,0.863147,886.448,597.874,0.878096,842.322,559.754,0.84198,862.955,624.441,0.864714,889.39,600.917,0.737927,809.972,665.643,0.912245,792.228,665.579,0.852036,809.786,718.747,0.962964,786.207,798.082,0.872964,827.589,665.732,0.861638,851.117,724.558,0.855007,833.412,806.96,0.91563,842.283,515.52,0.809354,0,0,0,821.713,524.383,0.862133,0,0,0,859.928,815.873,0.843155,857.085,812.873,0.854524,821.621,812.787,0.878955,798.087,812.907,0.749104,786.378,812.929,0.799932,780.422,806.907,0.775622,
854.033,524.308,0.837098,827.551,556.854,0.87923,806.933,554.008,0.89541,839.386,606.774,0.865454,886.438,597.883,0.880468,842.323,559.75,0.842061,862.948,624.444,0.865583,889.374,600.921,0.736011,809.969,665.651,0.913685,792.223,665.586,0.853794,809.785,718.74,0.963328,786.204,798.081,0.872821,827.589,668.448,0.86324,851.118,724.555,0.855671,833.414,806.964,0.916566,842.294,512.688,0.812228,0,0,0,821.722,524.378,0.860811,0,0,0,859.939,815.872,0.843252,857.091,812.871,0.854056,821.623,812.794,0.87772,798.084,812.903,0.747227,786.377,812.924,0.797715,780.418,806.91,0.775247,
853.994,524.315,0.831763,827.547,556.85,0.879766,806.931,554.008,0.896348,839.378,606.772,0.865959,886.436,597.884,0.880051,842.315,559.748,0.843091,862.946,624.434,0.865792,889.372,600.917,0.736368,809.975,665.644,0.91197,792.234,665.579,0.850776,809.786,718.748,0.962342,786.21,798.084,0.873174,827.59,665.732,0.861265,851.119,724.551,0.856232,833.406,806.952,0.91404,842.251,512.698,0.815345,0,0,0,821.7,524.384,0.864156,0,0,0,859.914,815.877,0.846711,857.073,812.874,0.858926,821.621,812.782,0.872631,798.08,812.897,0.743053,786.366,812.92,0.792119,780.427,806.916,0.776309,
853.98,524.306,0.829819,827.546,556.851,0.879407,806.928,554.005,0.896925,839.37,606.759,0.868378,886.428,597.884,0.882188,842.318,559.753,0.842651,862.941,624.43,0.866845,889.365,600.917,0.734846,809.98,665.639,0.910596,792.241,665.574,0.848694,809.781,718.756,0.960465,786.211,798.073,0.873503,827.593,665.726,0.859751,851.116,724.544,0.85639,833.4,806.928,0.909833,842.239,512.688,0.819806,0,0,0,821.694,524.381,0.864776,0,0,0,859.871,815.854,0.852253,857.043,812.859,0.865154,821.63,812.762,0.866083,798.099,812.884,0.74348,786.374,812.912,0.79047,780.425,806.907,0.775751,
836.266,527.396,0.917498,812.95,562.663,0.870252,806.849,559.753,0.865919,848.185,597.893,0.882956,886.449,574.313,0.887795,830.547,562.71,0.822084,874.633,618.499,0.776139,889.41,577.48,0.738296,815.741,668.745,0.875518,809.876,671.456,0.90351,859.822,730.428,0.717801,830.545,806.916,0.559964,827.598,668.736,0.807409,812.829,736.32,0.729824,789.225,795.206,0.721244,830.508,524.416,0.870837,833.402,527.188,0.124288,809.918,530.156,0.957625,0,0,0,795.183,812.865,0.364631,789.426,809.984,0.389291,786.245,806.995,0.64693,857.113,818.696,0.491431,853.984,824.551,0.436038,824.594,812.721,0.525693,
836.278,527.394,0.918161,812.945,562.663,0.870415,806.846,559.758,0.864693,848.185,597.889,0.881533,886.453,574.303,0.887005,830.542,562.707,0.821161,874.624,618.504,0.771994,889.407,577.489,0.733688,815.728,668.739,0.870153,809.924,671.457,0.896091,859.88,730.439,0.779461,833.364,806.934,0.672182,827.505,668.727,0.79562,812.786,736.37,0.825633,789.156,795.223,0.802467,830.524,524.41,0.871729,833.434,527.183,0.120577,809.926,527.48,0.958454,0,0,0,792.321,812.852,0.479919,789.415,809.967,0.522517,783.346,806.954,0.700017,859.926,815.887,0.603338,854.057,821.69,0.563686,827.479,812.722,0.631587,
836.252,527.417,0.912639,812.934,562.675,0.868569,806.85,559.735,0.866947,848.19,597.878,0.877713,886.46,574.295,0.887757,830.516,565.587,0.815118,874.644,618.508,0.778467,889.411,577.484,0.738205,812.979,668.724,0.869118,809.958,671.446,0.891414,859.925,730.418,0.816312,833.43,806.927,0.764205,824.585,668.715,0.786412,812.773,739.098,0.872563,786.458,795.229,0.854817,830.496,524.441,0.86959,833.383,527.216,0.114353,809.921,530.148,0.957604,0,0,0,795.151,812.864,0.571934,789.43,809.95,0.611029,783.316,806.904,0.743309,859.956,815.836,0.693092,856.875,821.653,0.661516,827.488,812.723,0.719408,
833.562,530.245,0.908744,812.923,562.717,0.867977,806.849,559.713,0.868126,848.192,597.855,0.872322,886.447,574.283,0.887242,830.508,568.518,0.81546,877.495,618.518,0.79841,889.404,577.459,0.75447,812.982,668.738,0.870305,809.942,671.456,0.893024,859.904,730.412,0.799208,833.413,806.92,0.71453,824.611,668.736,0.790349,812.774,739.092,0.855971,786.465,795.215,0.83069,830.459,527.267,0.879776,833.422,527.3,0.158295,809.877,530.199,0.955214,0,0,0,795.144,812.856,0.540777,789.429,809.959,0.586475,783.332,806.904,0.717716,859.894,815.847,0.630806,854.064,821.649,0.595686,827.521,810.015,0.670846,
833.553,530.273,0.915311,812.911,568.553,0.893482,803.995,568.511,0.8564,853.985,592.065,0.84918,886.397,565.565,0.854222,833.29,571.373,0.822229,877.581,609.73,0.750553,886.385,574.418,0.765283,815.822,671.533,0.863431,812.877,671.576,0.882285,862.88,736.218,0.885961,833.581,809.816,0.920856,821.711,671.495,0.778532,812.971,739.158,0.913576,786.414,801.077,0.890738,830.422,527.28,0.886147,833.489,527.37,0.19993,809.742,530.312,0.929125,0,0,0,792.319,812.987,0.682238,789.444,812.763,0.698297,780.448,809.777,0.799115,862.865,815.828,0.781431,856.974,821.688,0.77355,827.563,812.88,0.855677,
833.508,530.322,0.906243,812.919,568.536,0.891021,803.98,568.535,0.855422,853.982,592.015,0.847223,886.425,562.695,0.85183,833.313,568.54,0.824732,877.578,609.735,0.749172,886.372,574.436,0.770286,815.854,671.533,0.860757,812.839,671.581,0.88793,862.87,736.226,0.879703,833.57,809.811,0.907596,827.479,671.481,0.786936,812.986,739.145,0.903444,786.42,801.047,0.885086,830.371,527.338,0.879863,833.435,527.382,0.237477,807.012,530.366,0.918347,0,0,0,792.321,812.981,0.668419,789.434,812.763,0.688706,780.45,809.756,0.788456,862.837,815.863,0.765355,856.972,821.72,0.75962,827.563,812.875,0.846957,
833.494,530.303,0.906772,812.914,568.58,0.896088,803.992,568.552,0.858569,853.986,589.188,0.843976,886.433,562.702,0.853496,833.296,571.399,0.825576,877.536,609.74,0.738698,883.628,574.475,0.768738,815.827,671.537,0.862258,812.85,671.584,0.884173,862.876,736.23,0.882427,836.25,809.809,0.911625,824.586,671.489,0.782082,812.973,739.155,0.909637,786.419,798.164,0.88759,830.375,527.309,0.877464,833.415,527.426,0.170351,809.76,530.315,0.928057,0,0,0,792.307,812.988,0.682529,789.43,812.776,0.700392,780.45,806.956,0.78795,862.853,815.868,0.763474,856.998,824.544,0.76303,827.589,812.872,0.854801,
830.43,530.163,0.877306,812.876,568.569,0.892174,804.004,571.463,0.866224,856.917,577.513,0.843728,877.503,544.964,0.813971,830.43,568.545,0.799728,883.363,595.005,0.677587,877.53,545,0.681139,827.517,674.472,0.841789,812.772,674.493,0.898865,821.702,739.175,0.894345,789.21,795.251,0.892029,836.383,671.719,0.877049,871.712,739.161,0.920195,836.348,806.904,0.913682,815.875,527.296,0.871027,824.614,527.239,0.125351,806.898,533.334,0.868842,0,0,0,859.891,815.903,0.774036,857.072,812.946,0.785596,830.403,809.872,0.886273,798.146,818.69,0.747245,789.186,815.728,0.810165,786.265,803.978,0.839894,
830.435,530.162,0.879599,812.867,568.577,0.895206,804.033,571.478,0.867947,856.91,580.3,0.834775,877.49,544.971,0.807692,830.396,568.543,0.797175,880.599,595.032,0.665048,877.532,544.997,0.67018,827.496,674.452,0.842113,812.779,674.479,0.900634,824.556,739.152,0.892913,789.206,795.235,0.890845,836.355,671.7,0.877948,871.706,739.159,0.919601,836.332,806.943,0.921188,815.88,527.299,0.873518,824.644,527.235,0.128391,806.897,533.349,0.867709,0,0,0,859.901,818.687,0.771499,857.043,812.955,0.776978,830.382,809.907,0.893654,798.163,818.681,0.749205,789.19,812.99,0.811027,786.255,803.972,0.840421,
824.659,530.364,0.873635,812.951,565.622,0.860242,806.88,571.457,0.856065,860.008,574.35,0.853685,865.855,527.296,0.885093,830.509,559.726,0.812618,889.358,577.394,0.835735,874.652,530.278,0.760212,827.582,674.507,0.839959,812.757,674.559,0.885098,827.545,739.251,0.917331,789.243,795.201,0.893738,836.491,671.711,0.871532,874.686,739.224,0.942897,836.43,806.96,0.916046,812.928,530.288,0.917714,818.704,527.355,0.473814,798.15,542.06,0.819633,0,0,0,860.02,818.674,0.771401,859.847,812.936,0.770082,830.463,809.901,0.882569,798.131,818.722,0.752091,786.445,812.988,0.817451,786.272,801.079,0.822769,
827.484,530.367,0.874869,812.945,565.625,0.86142,806.87,571.454,0.855259,859.993,574.364,0.857485,865.86,527.306,0.884975,830.514,559.732,0.813917,889.357,577.391,0.837456,874.658,530.275,0.75958,827.582,674.507,0.839953,812.756,674.558,0.885312,827.544,739.252,0.916923,789.243,795.202,0.893953,836.493,671.711,0.871573,874.686,739.225,0.943146,836.43,806.958,0.91559,812.937,530.286,0.918566,818.718,527.359,0.467316,798.151,542.054,0.82053,0,0,0,860.012,815.902,0.77079,859.845,812.935,0.769744,830.462,809.898,0.881765,798.133,818.725,0.752416,786.447,812.99,0.8178,786.272,801.079,0.823068,
827.488,530.371,0.87439,812.944,565.623,0.861763,806.864,571.454,0.855266,859.984,574.37,0.859356,865.862,527.312,0.884534,830.518,559.731,0.81474,889.36,577.389,0.837983,874.66,530.273,0.759718,827.585,674.501,0.841066,812.758,674.554,0.885855,827.548,739.25,0.917458,789.244,795.201,0.894008,836.495,671.707,0.872259,874.685,739.225,0.943101,836.427,806.966,0.916631,812.94,530.29,0.918082,818.722,527.363,0.467371,798.15,542.053,0.820314,0,0,0,860.003,818.68,0.768161,859.829,812.939,0.766169,830.462,809.905,0.883092,798.131,818.72,0.751914,786.445,812.985,0.817759,786.274,801.08,0.824699,
827.492,530.381,0.873156,812.941,565.623,0.862153,806.861,571.454,0.8555,859.979,574.375,0.86071,865.867,527.319,0.884281,830.518,559.731,0.814813,889.361,577.387,0.838362,874.664,530.272,0.759596,827.586,674.498,0.841516,812.759,674.551,0.886136,827.55,739.249,0.91743,789.244,795.201,0.89394,836.494,671.704,0.872796,874.684,739.225,0.94296,836.426,806.966,0.9162,812.943,530.297,0.917406,818.725,527.371,0.469303,798.154,542.055,0.819895,0,0,0,859.995,818.679,0.766749,859.821,812.938,0.764481,830.463,809.904,0.882646,798.136,818.72,0.751393,786.447,812.985,0.817266,786.274,801.08,0.825199,
827.491,530.384,0.873377,812.939,565.623,0.862665,806.859,571.46,0.856451,859.975,574.381,0.861768,865.868,527.325,0.884109,830.517,559.728,0.815111,889.362,577.386,0.838726,874.667,530.271,0.759535,827.587,674.49,0.842654,812.764,674.546,0.88684,827.554,739.245,0.917552,789.242,795.201,0.893531,836.489,671.698,0.87411,874.68,739.224,0.942347,836.418,806.983,0.918409,812.941,530.298,0.918432,818.728,527.373,0.473345,798.15,542.056,0.819971,0,0,0,859.959,818.697,0.762131,857.093,812.948,0.757199,830.458,809.921,0.884481,798.143,818.708,0.749344,786.45,812.977,0.815145,786.275,801.086,0.827786,
827.483,530.387,0.871382,812.935,565.624,0.863054,806.856,571.459,0.855957,859.97,574.377,0.86123,865.876,527.322,0.88305,830.514,559.729,0.814064,889.347,577.379,0.839858,874.659,530.265,0.755287,827.584,674.492,0.842128,812.76,674.549,0.886917,827.54,739.24,0.914741,789.249,795.187,0.896192,836.489,671.697,0.87345,874.677,739.227,0.942292,836.436,806.951,0.910748,812.936,530.3,0.918855,818.722,527.371,0.47768,798.143,542.054,0.820148,0,0,0,859.957,818.679,0.763826,857.102,812.936,0.761894,830.483,809.887,0.871701,798.163,818.682,0.747404,789.172,812.961,0.815419,786.28,801.063,0.826959,
827.48,530.386,0.872501,812.935,565.62,0.862465,806.858,571.465,0.856706,859.971,574.384,0.862388,865.873,527.324,0.886064,830.516,559.718,0.815006,889.334,577.381,0.838839,874.662,530.258,0.756477,827.583,674.49,0.842305,812.756,674.547,0.887636,827.539,739.236,0.914194,789.255,795.18,0.897695,836.491,671.693,0.873476,874.678,739.233,0.943086,836.445,806.954,0.909246,812.933,530.3,0.919799,818.725,527.37,0.482684,798.141,542.059,0.820635,0,0,0,859.975,818.691,0.765558,859.817,812.944,0.763695,830.49,809.889,0.862203,798.178,818.69,0.746688,789.181,812.964,0.815054,786.283,801.048,0.825856,
827.481,530.388,0.872489,812.935,565.611,0.863061,806.864,571.46,0.85671,859.987,574.372,0.859799,865.88,527.324,0.888688,830.514,559.706,0.81623,889.365,577.376,0.838242,874.671,530.26,0.761411,827.583,674.497,0.841477,812.752,674.554,0.88734,827.531,739.241,0.915473,789.262,795.183,0.8972,836.495,671.698,0.872232,874.678,739.232,0.943902,836.439,806.954,0.909429,812.933,530.304,0.919823,818.724,527.369,0.482806,798.143,542.062,0.820435,0,0,0,859.962,818.698,0.767437,859.806,812.95,0.764048,830.49,809.891,0.86438,801.027,818.697,0.748566,789.193,812.969,0.814991,786.289,801.057,0.826048,
812.849,527.263,0.861941,812.953,556.738,0.874151,809.967,556.819,0.864754,874.687,547.862,0.679023,851.058,503.869,0.710463,824.589,553.9,0.774958,883.484,550.911,0.733781,859.892,515.565,0.669501,827.529,668.502,0.828353,830.463,668.553,0.842198,874.688,739.27,0.853702,836.346,809.826,0.828838,821.699,665.711,0.75742,827.562,739.106,0.830638,789.202,798.093,0.855969,809.746,527.216,0.867295,809.987,524.388,0.269869,792.299,533.304,0.839875,0,0,0,795.142,815.787,0.558014,789.369,812.845,0.594263,783.38,806.914,0.75249,860.087,815.835,0.698875,856.98,821.71,0.705699,830.408,812.823,0.783783,
812.849,527.264,0.861982,812.953,556.737,0.874243,809.967,556.818,0.864794,874.688,547.863,0.679231,851.057,503.87,0.710159,824.59,553.899,0.775159,883.485,550.911,0.733184,859.891,515.564,0.66904,827.529,668.502,0.828393,830.462,668.553,0.842205,874.689,739.27,0.853572,836.346,809.826,0.828629,821.699,665.71,0.75742,827.561,739.105,0.830594,789.203,798.093,0.855913,809.747,527.217,0.867429,809.988,524.388,0.269881,792.3,533.304,0.839943,0,0,0,795.143,815.785,0.558646,789.369,812.844,0.594989,783.381,806.915,0.752753,860.085,815.835,0.698316,856.979,821.71,0.705179,830.408,812.824,0.783625,
812.85,527.264,0.86215,812.954,556.737,0.874475,809.966,556.818,0.86489,874.688,547.864,0.679932,851.057,503.87,0.711055,824.593,553.899,0.77561,883.488,550.911,0.733372,859.889,515.563,0.670365,827.529,668.501,0.828396,830.46,668.553,0.842087,874.689,739.268,0.85211,836.345,809.825,0.826887,821.702,665.708,0.757353,827.561,739.105,0.830192,789.204,798.092,0.855288,809.747,527.217,0.867658,809.989,524.39,0.269593,792.299,533.304,0.840116,0,0,0,795.142,815.785,0.557956,789.37,812.843,0.594576,783.382,806.914,0.752087,860.082,815.834,0.697519,856.978,821.708,0.703967,830.408,812.822,0.782132,
812.849,527.263,0.862137,812.953,556.737,0.874224,809.966,556.819,0.864811,874.69,547.865,0.679941,851.055,503.871,0.709938,824.592,553.899,0.775446,883.487,550.911,0.733721,859.89,515.565,0.669969,827.529,668.501,0.828291,830.458,668.552,0.841748,874.688,739.269,0.850689,836.344,809.825,0.825352,821.705,665.709,0.757257,827.563,739.105,0.829315,789.204,798.092,0.854279,809.747,527.216,0.867679,809.989,524.388,0.270327,792.299,533.304,0.840203,0,0,0,795.141,815.785,0.556661,789.368,812.844,0.593768,783.383,806.914,0.751085,860.083,815.835,0.696326,856.978,821.709,0.702684,830.408,812.821,0.780917,
812.851,527.263,0.862306,812.953,556.737,0.874402,809.964,556.819,0.864821,874.687,547.865,0.680139,851.052,503.871,0.710024,824.595,553.899,0.775979,883.491,550.91,0.734581,859.888,515.559,0.671516,827.529,668.5,0.828217,830.456,668.552,0.841534,874.689,739.268,0.849592,836.343,809.824,0.823613,821.708,665.708,0.757097,827.563,739.105,0.828983,789.204,798.089,0.853745,809.747,527.216,0.86785,809.99,524.389,0.270304,792.298,533.304,0.840404,0,0,0,795.138,815.785,0.556429,789.367,812.844,0.593759,783.383,806.913,0.750443,860.083,815.834,0.695748,856.979,821.707,0.701591,830.408,812.82,0.779574,
812.857,527.261,0.861743,812.951,556.735,0.876795,809.992,556.811,0.865014,874.686,547.842,0.67399,851.057,503.853,0.704661,824.552,553.9,0.771271,883.443,550.889,0.728442,859.874,515.535,0.67031,827.509,668.498,0.825312,830.476,668.549,0.844353,874.69,739.273,0.866439,836.353,809.813,0.847511,821.659,665.7,0.759741,827.543,739.111,0.843392,789.208,798.094,0.868412,809.751,527.215,0.867758,812.75,524.376,0.258229,792.311,533.298,0.84185,0,0,0,795.182,815.774,0.568294,789.405,812.824,0.598901,783.386,806.916,0.762665,862.873,815.83,0.724291,857.028,821.7,0.732246,830.403,812.823,0.806295,
812.846,506.738,0.894735,818.721,539.095,0.817155,806.991,545.021,0.815382,857.036,512.646,0.771294,856.935,465.58,0.772508,836.344,533.236,0.851672,883.539,515.592,0.851423,860.048,468.489,0.802258,830.54,647.889,0.888224,815.844,647.948,0.843413,815.885,721.714,0.773187,786.443,801.03,0.762829,836.466,645.133,0.850131,860.059,724.601,0.794385,833.52,809.887,0.814374,806.966,506.729,0.906929,812.756,503.869,0.346256,789.421,524.347,0.840606,0,0,0,862.824,821.686,0.669253,857.089,815.837,0.629395,827.501,812.983,0.625863,798.124,818.728,0.500179,789.345,815.869,0.576754,783.407,806.986,0.722447,
812.852,506.748,0.893061,818.719,539.087,0.815898,806.991,545.016,0.81371,857.047,512.637,0.765684,856.926,465.595,0.767536,836.339,533.226,0.851057,883.533,515.603,0.850009,860.055,468.479,0.801476,830.539,645.199,0.887872,815.847,647.942,0.843302,815.879,721.714,0.773799,786.441,801.041,0.763752,836.464,645.127,0.849707,860.062,724.599,0.795378,833.518,809.878,0.814757,806.967,506.738,0.905698,812.762,503.871,0.354995,789.414,524.356,0.841146,0,0,0,862.827,821.688,0.674166,857.095,815.839,0.634421,827.495,812.972,0.629041,798.099,818.736,0.512629,789.324,815.875,0.58988,783.406,806.994,0.726263,
812.852,506.752,0.894188,818.738,539.068,0.816477,806.979,545.021,0.81445,857.057,512.647,0.763842,856.909,468.433,0.770637,836.364,533.207,0.854232,883.549,515.565,0.851963,860.047,468.451,0.800347,830.546,647.89,0.893931,815.776,647.946,0.852794,815.869,721.708,0.813351,786.414,801.021,0.810992,836.52,645.145,0.855915,862.841,727.431,0.819605,833.538,809.867,0.861524,806.967,506.745,0.906492,812.765,503.87,0.371246,789.408,524.359,0.842333,0,0,0,862.824,821.7,0.710823,857.093,815.856,0.671975,827.471,812.938,0.704066,798.117,818.776,0.576924,789.243,815.895,0.649384,783.382,806.956,0.761094,
812.854,506.75,0.894032,818.738,539.066,0.816132,806.982,545.017,0.814407,857.057,512.644,0.763831,856.906,468.43,0.770826,836.362,533.206,0.85415,883.549,515.567,0.852224,860.046,468.45,0.80078,830.545,647.888,0.893341,815.78,647.944,0.852153,815.869,721.708,0.811364,786.414,801.022,0.808764,836.517,645.143,0.855499,862.838,727.43,0.818327,833.536,809.868,0.858656,806.969,506.743,0.906623,812.768,503.87,0.369599,789.409,524.357,0.842007,0,0,0,862.825,821.695,0.708576,857.093,815.851,0.670078,827.471,812.941,0.699044,798.118,818.778,0.573313,789.247,815.897,0.646259,783.381,806.959,0.759161,
812.853,506.75,0.893623,818.738,539.062,0.815753,806.986,545.013,0.81434,857.058,512.643,0.762919,856.908,468.431,0.770464,836.359,533.204,0.854062,883.55,515.568,0.851606,860.046,468.449,0.80112,830.544,647.887,0.892709,815.786,647.943,0.851448,815.869,721.709,0.808727,786.415,801.022,0.806312,836.512,645.141,0.855281,862.836,724.617,0.817069,833.535,809.867,0.854954,806.969,506.742,0.906369,812.767,503.869,0.368018,789.41,524.356,0.841658,0,0,0,862.823,821.693,0.705706,857.093,815.85,0.666458,827.475,812.942,0.693035,798.115,818.773,0.569503,789.252,815.895,0.642803,783.382,806.961,0.756509,
812.855,506.748,0.893456,818.745,536.251,0.815384,806.99,545.01,0.814181,857.059,512.64,0.763541,856.904,465.606,0.771848,836.358,533.202,0.854249,883.549,515.567,0.851924,860.046,468.447,0.801647,830.543,647.886,0.892332,815.788,647.942,0.851111,815.869,721.709,0.80736,786.416,801.022,0.804743,836.51,645.139,0.854944,862.834,724.617,0.816068,833.534,809.867,0.852782,806.97,506.741,0.906237,812.769,503.869,0.366508,789.412,524.355,0.841341,0,0,0,862.823,821.693,0.704461,857.093,815.85,0.664739,827.475,812.943,0.689527,798.113,818.772,0.567092,789.254,815.895,0.640767,783.383,806.962,0.755357,
812.853,506.746,0.893199,818.746,536.248,0.815212,806.993,545.005,0.813977,857.06,512.639,0.763379,856.907,468.43,0.771713,836.357,533.2,0.854786,883.547,515.569,0.852259,860.044,468.449,0.801404,830.542,647.886,0.891797,815.788,647.943,0.850562,815.87,721.71,0.805986,786.417,801.022,0.802221,836.508,645.139,0.854054,862.833,724.617,0.814538,833.532,809.868,0.85124,806.969,506.74,0.906015,812.769,503.866,0.365788,789.412,524.353,0.840736,0,0,0,862.83,821.698,0.704142,857.093,815.853,0.663725,827.472,812.947,0.686525,798.11,818.772,0.56245,789.256,815.894,0.636775,783.384,806.966,0.754842,
812.848,506.745,0.893907,818.757,539.077,0.816445,806.986,545.018,0.814611,857.042,512.644,0.767554,856.908,468.439,0.770428,836.381,533.221,0.85519,883.542,515.556,0.856587,860.03,468.48,0.802314,830.551,647.89,0.892168,815.8,647.947,0.847681,815.872,721.712,0.801674,786.421,801.028,0.797526,836.511,645.146,0.850517,860.08,727.437,0.806204,833.535,809.875,0.843424,806.969,506.74,0.90687,812.768,503.874,0.36458,789.421,524.349,0.840276,0,0,0,862.833,821.683,0.702886,857.095,815.848,0.655135,824.635,812.956,0.675849,798.109,818.768,0.5568,789.264,815.896,0.628088,783.383,806.973,0.746722,
812.958,483.349,0.87312,818.736,521.499,0.801636,806.992,527.318,0.847449,854.076,492.021,0.7712,868.764,441.964,0.724279,836.334,512.604,0.802174,859.949,483.199,0.587417,874.602,444.973,0.577709,833.308,624.598,0.882653,812.824,627.38,0.859196,809.877,712.789,0.951087,786.217,789.455,0.88568,845.2,624.575,0.818891,851.093,715.781,0.873221,833.547,801.085,0.880982,809.806,483.369,0.893341,812.841,483.171,0.329869,789.448,506.625,0.887365,0,0,0,857.081,824.555,0.868477,859.849,815.736,0.899218,824.629,809.835,0.825578,795.153,815.784,0.758791,783.425,812.933,0.751363,780.451,798.13,0.7152,
812.957,486.079,0.87271,818.728,524.275,0.801264,806.995,527.323,0.847115,854.086,492.001,0.770458,868.767,441.944,0.72335,836.329,512.61,0.801505,859.948,483.191,0.582963,874.616,444.971,0.58095,833.305,624.6,0.881671,812.82,627.382,0.859335,809.876,712.789,0.950724,786.218,789.452,0.886465,845.197,624.578,0.818716,851.094,715.779,0.87353,833.547,801.081,0.880032,809.803,486.086,0.89296,812.845,483.174,0.335889,789.449,506.629,0.888081,0,0,0,857.086,824.549,0.867118,859.854,815.732,0.899169,824.629,809.834,0.824578,795.153,815.79,0.760006,783.423,812.936,0.752763,780.454,798.125,0.715857,
812.967,483.352,0.872654,818.737,521.505,0.800628,806.999,527.324,0.84702,854.097,491.994,0.770822,868.79,439.127,0.722903,836.336,512.609,0.803542,859.971,483.187,0.590729,874.632,444.94,0.587593,833.3,624.599,0.880646,812.815,627.379,0.859956,809.875,712.783,0.950045,786.218,789.451,0.886918,845.193,624.578,0.818336,851.094,715.777,0.873679,833.55,801.08,0.879914,809.809,486.08,0.894303,812.85,483.17,0.335752,789.451,506.623,0.887036,0,0,0,857.088,821.719,0.86575,859.864,815.721,0.901174,824.633,809.837,0.823929,795.158,815.795,0.762032,783.426,812.94,0.755667,780.455,798.122,0.717102,
815.849,483.1,0.853406,818.682,515.592,0.796865,809.776,524.323,0.817271,854.009,489.081,0.793248,868.747,447.843,0.72812,836.27,509.683,0.816177,859.932,483.174,0.528025,874.65,450.835,0.537751,833.261,624.541,0.873772,812.792,624.602,0.860334,807.013,712.824,0.912946,786.256,789.435,0.896341,842.306,624.516,0.817258,842.345,715.774,0.870161,833.574,801.042,0.887697,809.96,483.11,0.928563,815.821,480.25,0.215969,792.296,503.645,0.856084,0,0,0,857.023,824.599,0.87315,859.858,815.791,0.898033,827.496,809.796,0.826393,795.192,815.755,0.760699,786.261,812.91,0.765496,783.338,798.067,0.714739,
815.867,483.103,0.849458,818.684,515.582,0.797209,809.787,524.318,0.814511,853.996,489.088,0.78638,868.762,447.857,0.725628,836.267,509.668,0.818009,859.925,483.147,0.515824,874.635,450.84,0.534898,830.556,624.554,0.870228,812.798,624.613,0.857342,807.008,715.547,0.913279,786.253,789.45,0.893749,842.293,624.53,0.815449,842.344,715.775,0.869912,833.57,801.06,0.888181,809.969,483.112,0.927422,815.836,480.257,0.218121,792.3,503.645,0.855009,0,0,0,857.039,824.619,0.873859,859.868,815.808,0.896111,827.486,809.808,0.827108,795.226,815.784,0.762521,786.286,812.94,0.774963,783.325,798.089,0.717031,
818.687,483.1,0.851325,818.696,515.571,0.792568,809.788,524.318,0.815069,854.026,489.068,0.804103,868.753,447.838,0.739565,836.279,509.67,0.817104,859.934,483.145,0.522789,874.661,450.849,0.559848,833.265,624.573,0.870395,812.795,627.368,0.85968,807.005,715.572,0.920035,786.267,789.459,0.897487,842.309,624.55,0.815621,842.338,715.799,0.87204,833.577,801.04,0.886767,810.006,483.116,0.935937,815.842,480.271,0.262987,792.31,503.646,0.856301,0,0,0,857.049,824.63,0.868485,859.898,815.806,0.892188,827.489,809.799,0.824525,798.087,815.804,0.768923,786.311,812.959,0.784295,783.338,798.095,0.722775,
815.842,483.187,0.860151,815.869,518.46,0.800481,806.887,524.351,0.805872,853.995,489.043,0.800802,868.761,444.933,0.726408,836.294,509.779,0.817628,859.913,483.226,0.585636,874.654,450.822,0.548453,830.473,627.484,0.840245,810.013,630.314,0.849108,806.838,715.751,0.922667,786.254,792.267,0.897487,842.298,627.46,0.800559,839.445,718.585,0.887971,836.258,803.937,0.902813,809.96,483.166,0.936028,815.755,480.328,0.298884,792.268,503.64,0.864482,0,0,0,857.017,824.654,0.870849,859.915,815.8,0.900455,827.548,809.856,0.856733,798.11,815.847,0.790081,786.295,815.753,0.801611,783.367,801.032,0.726897,
815.88,483.185,0.856898,815.848,515.625,0.802905,806.877,524.339,0.804751,853.995,489.066,0.808375,868.736,444.95,0.738712,836.281,509.786,0.815499,859.904,483.266,0.563799,874.647,450.857,0.539013,830.476,627.472,0.843655,810.015,627.522,0.850734,806.837,715.748,0.92028,786.257,792.286,0.895678,842.3,627.448,0.80296,842.23,718.585,0.88653,836.258,803.931,0.902944,809.989,483.162,0.937748,815.786,480.32,0.305462,792.28,503.624,0.863021,0,0,0,857.012,824.658,0.873474,859.913,815.8,0.902128,827.547,809.85,0.854995,798.112,815.848,0.794091,786.296,815.756,0.807245,783.371,801.059,0.727918,
818.688,483.177,0.857531,815.835,515.617,0.804922,806.872,524.325,0.805087,853.984,489.106,0.813033,868.73,444.989,0.748171,836.274,509.796,0.813793,859.879,483.306,0.54818,874.631,453.671,0.53246,830.478,627.474,0.843632,810.017,627.525,0.850246,806.848,715.725,0.921258,786.259,792.283,0.8962,842.306,627.449,0.802395,842.232,718.583,0.886635,836.263,801.113,0.902045,812.713,483.152,0.942018,815.82,480.318,0.316896,792.3,500.9,0.862814,0,0,0,857.001,824.652,0.872441,859.912,815.793,0.902394,827.552,809.846,0.852121,798.131,815.847,0.790511,786.31,815.754,0.803972,783.368,801.059,0.728017,
818.733,483.13,0.851269,815.848,515.611,0.807744,806.862,524.323,0.810369,853.966,489.108,0.806621,868.747,447.836,0.745799,836.295,509.784,0.822596,859.91,483.259,0.556764,874.639,453.708,0.552244,830.461,627.47,0.84231,810.009,627.52,0.85333,806.845,715.722,0.919211,786.255,792.275,0.895953,842.28,627.446,0.806066,839.439,718.58,0.888492,836.263,801.1,0.900999,812.756,483.112,0.937625,815.864,480.304,0.280646,792.328,500.851,0.853076,0,0,0,856.965,824.663,0.868062,859.898,815.804,0.900438,827.559,809.837,0.847235,798.154,815.86,0.791443,786.316,815.763,0.806953,783.362,801.041,0.728,
818.723,483.115,0.868265,815.855,515.61,0.806732,806.907,524.31,0.817253,854.021,492.003,0.819658,868.762,441.986,0.768978,836.273,509.773,0.826382,859.923,486.104,0.56546,874.676,453.679,0.58769,830.48,627.45,0.849933,812.716,627.487,0.860145,803.995,715.642,0.887065,786.223,789.399,0.914229,842.251,627.44,0.813315,839.365,715.785,0.904874,833.576,803.954,0.901151,812.755,483.087,0.94734,815.857,480.312,0.278433,792.362,500.837,0.851779,0,0,0,856.952,824.576,0.869449,859.872,815.748,0.909639,827.516,809.884,0.849872,798.123,812.928,0.794818,786.292,812.84,0.799454,780.512,795.221,0.735906,
818.734,483.117,0.867107,815.861,515.607,0.807825,806.902,524.31,0.817164,854.009,492.017,0.818864,868.769,442.002,0.768004,836.277,509.765,0.828072,859.926,486.106,0.569888,874.686,453.671,0.583826,830.477,627.463,0.849364,812.718,627.5,0.858563,803.994,715.642,0.888647,786.223,789.389,0.916511,842.243,627.449,0.816554,839.373,715.784,0.905788,833.58,803.936,0.898708,812.763,483.087,0.946741,815.861,480.315,0.274061,795.137,500.816,0.852504,0,0,0,856.94,824.579,0.863084,859.878,815.74,0.904482,827.526,809.867,0.848749,798.127,812.908,0.800064,786.301,812.82,0.802177,783.302,795.213,0.73674,
818.754,483.105,0.864729,815.871,515.602,0.806306,806.91,524.307,0.817225,854.016,492.021,0.818566,868.771,442.008,0.766975,836.284,509.76,0.829683,859.939,486.088,0.574746,874.671,453.655,0.585335,830.474,627.461,0.848949,812.714,627.498,0.858366,803.995,715.645,0.888352,786.225,789.39,0.915597,842.242,627.449,0.816121,839.372,715.788,0.905109,833.578,803.94,0.899673,812.776,483.078,0.946456,815.878,480.307,0.26791,795.152,500.806,0.849958,0,0,0,856.937,824.582,0.863362,859.867,815.745,0.906859,827.528,809.871,0.849857,798.132,812.898,0.797143,786.305,812.812,0.798273,783.303,795.213,0.735793,
818.759,483.109,0.864319,815.88,515.616,0.804568,806.907,524.317,0.818435,854.019,492.026,0.818982,868.752,441.995,0.76658,836.295,509.765,0.830782,859.951,486.097,0.582009,877.491,453.651,0.599515,830.476,627.461,0.849354,812.714,627.497,0.858699,803.995,715.642,0.888215,786.226,789.393,0.915776,842.246,627.45,0.815744,839.371,715.786,0.905429,833.58,803.937,0.8991,812.777,483.083,0.946069,815.871,480.311,0.271483,795.15,500.813,0.850169,0,0,0,856.924,824.588,0.86247,859.862,815.754,0.904704,827.529,809.869,0.848897,798.13,812.907,0.797789,786.3,812.82,0.799751,783.306,795.219,0.735778,
827.488,486.126,0.815467,815.833,527.181,0.85682,804.001,527.408,0.866001,854,506.65,0.855354,868.747,459.627,0.77932,836.379,521.445,0.810615,862.888,495.006,0.571286,877.584,462.565,0.686018,830.519,633.273,0.831397,812.801,633.32,0.837338,803.93,718.529,0.87416,786.198,792.23,0.912295,839.432,633.248,0.806349,836.479,718.568,0.913186,833.489,804.042,0.898451,812.984,483.317,0.885686,827.542,483.229,0.189509,801.037,500.895,0.833161,0,0,0,857.074,818.776,0.836229,859.809,812.942,0.877024,824.573,809.994,0.8635,798.177,815.751,0.833201,786.375,812.986,0.86824,780.493,801.012,0.770335,
827.5,486.126,0.820422,815.836,527.17,0.854331,803.987,527.407,0.864853,854.005,506.649,0.853365,868.733,459.625,0.781895,836.4,521.419,0.80849,862.895,494.986,0.572553,877.57,462.56,0.685995,830.502,633.254,0.831146,812.77,633.301,0.842256,801.106,718.534,0.874815,786.201,792.21,0.915103,839.449,630.417,0.805132,836.487,718.57,0.914554,833.488,804.036,0.900982,812.992,483.319,0.886891,827.56,483.232,0.196367,801.031,500.899,0.835444,0,0,0,857.071,818.78,0.840854,859.815,812.943,0.883107,824.569,809.987,0.866866,798.183,815.739,0.8361,786.377,812.972,0.872738,780.484,798.162,0.769902,
827.525,486.115,0.832831,815.816,524.454,0.857484,803.979,527.399,0.864157,854.008,506.641,0.849089,868.74,459.628,0.782734,836.383,521.414,0.809671,862.869,495.008,0.576007,877.578,462.58,0.692143,830.495,633.268,0.829499,812.768,633.313,0.843008,801.101,718.558,0.873936,786.205,792.204,0.916109,839.443,630.427,0.804389,836.491,718.582,0.913565,833.486,804.034,0.900068,815.73,483.303,0.894952,827.575,483.215,0.187415,801.05,500.873,0.840612,0,0,0,857.07,818.787,0.842784,859.815,812.949,0.884062,824.56,809.984,0.863348,801.024,815.755,0.834135,786.386,812.978,0.87189,780.483,798.15,0.771193,
830.466,486.177,0.870121,815.737,527.263,0.886716,804.014,530.165,0.860442,856.998,506.694,0.826546,877.539,456.773,0.760484,836.28,524.324,0.821234,871.723,486.115,0.719257,883.597,456.628,0.742404,827.557,639.122,0.816898,810.029,639.148,0.849946,801.111,718.697,0.864359,786.203,792.263,0.907685,836.516,636.26,0.836309,836.361,718.728,0.914764,833.413,806.963,0.912538,815.784,483.349,0.892282,830.544,483.316,0.181091,803.951,503.658,0.871187,0,0,0,859.847,821.677,0.84643,857.074,812.989,0.873354,821.671,812.818,0.882258,801.074,815.788,0.805459,786.423,813.011,0.846232,780.489,801.086,0.769309,
830.452,486.172,0.875858,813.006,527.247,0.889904,803.999,530.156,0.855386,857.005,506.643,0.815552,877.499,456.753,0.756825,833.535,524.306,0.820823,871.716,486.13,0.738245,883.572,456.666,0.758001,827.54,639.124,0.814894,810.008,639.157,0.851695,801.079,718.734,0.8655,786.191,792.295,0.90527,836.523,636.255,0.833077,836.365,718.745,0.917605,833.413,806.974,0.914903,815.772,483.344,0.89785,830.537,483.3,0.176579,803.973,503.643,0.876547,0,0,0,859.835,821.686,0.847958,857.074,812.989,0.879448,821.671,812.824,0.886811,801.059,815.818,0.810016,786.404,815.745,0.850595,780.49,803.935,0.772937,
830.449,486.171,0.874669,815.72,527.244,0.889976,803.991,530.157,0.85531,856.996,506.654,0.819817,877.503,456.756,0.760726,833.547,524.305,0.821715,871.71,486.169,0.738384,883.564,456.687,0.767744,827.541,639.123,0.81488,810.009,639.156,0.851504,801.081,718.734,0.86565,786.191,792.295,0.905236,836.524,636.255,0.832956,836.364,718.745,0.917324,833.413,806.975,0.914899,815.768,483.343,0.897617,830.529,483.291,0.172818,803.971,503.643,0.875837,0,0,0,859.836,821.689,0.847423,857.074,812.991,0.879022,821.673,812.825,0.886833,801.062,815.82,0.809349,786.407,815.747,0.850513,780.491,803.934,0.772995,
830.449,486.172,0.874919,813.006,527.247,0.890442,803.997,530.156,0.855057,856.999,506.65,0.819253,877.511,456.762,0.760194,833.536,524.307,0.821554,871.717,486.17,0.738941,883.573,456.684,0.767285,827.545,639.132,0.81517,810.019,639.165,0.850895,801.085,718.737,0.864586,786.191,792.297,0.903929,836.517,636.262,0.833446,836.361,718.752,0.91495,833.412,806.979,0.914021,815.77,483.343,0.897472,830.532,483.29,0.171467,803.972,503.642,0.876001,0,0,0,859.842,821.693,0.846455,857.074,812.995,0.876162,821.674,812.829,0.885239,801.064,815.824,0.805553,786.411,815.751,0.848059,780.488,803.935,0.772329,
830.445,486.17,0.873957,813.008,527.243,0.890192,803.99,530.154,0.855245,856.987,506.669,0.823959,877.521,456.787,0.763867,833.545,524.303,0.821647,871.727,486.188,0.739243,883.583,456.698,0.772605,827.545,639.131,0.815219,810.018,639.164,0.85113,801.086,718.738,0.864766,786.192,792.297,0.90417,836.518,636.262,0.833428,836.359,718.753,0.915045,833.412,806.98,0.913977,815.766,483.342,0.897389,830.523,483.286,0.168919,803.97,503.641,0.875332,0,0,0,859.839,821.694,0.846748,857.073,812.996,0.876277,821.674,812.83,0.884981,801.067,815.824,0.805135,786.414,815.751,0.847836,780.489,803.933,0.772325,
830.444,486.171,0.873464,813.003,527.242,0.89108,803.995,530.153,0.855088,857.004,506.65,0.820058,877.558,456.79,0.760369,833.533,524.299,0.820758,874.575,486.153,0.746318,886.368,456.652,0.765592,827.538,639.135,0.815025,810.015,639.168,0.85194,801.086,718.741,0.865024,786.192,792.302,0.903582,836.514,636.264,0.833514,836.363,718.757,0.91465,833.412,806.983,0.914684,815.765,483.343,0.897586,830.521,483.287,0.166582,803.971,503.641,0.875601,0,0,0,859.839,821.695,0.847323,857.073,812.996,0.876682,821.673,812.832,0.885544,801.071,815.823,0.804134,786.416,815.751,0.846679,780.488,803.939,0.772958,
830.444,486.171,0.873469,813.003,527.242,0.891103,803.995,530.153,0.855111,857.004,506.65,0.820145,877.557,456.789,0.760446,833.533,524.299,0.820823,874.575,486.153,0.74618,886.368,456.652,0.765403,827.537,639.134,0.814993,810.015,639.168,0.851966,801.086,718.741,0.865038,786.192,792.302,0.90365,836.513,636.263,0.83359,836.363,718.757,0.914748,833.412,806.983,0.914678,815.765,483.343,0.897598,830.521,483.287,0.166646,803.971,503.641,0.875605,0,0,0,859.838,821.695,0.847533,857.073,812.996,0.877086,821.673,812.832,0.885613,801.071,815.823,0.804281,786.416,815.751,0.846823,780.488,803.939,0.773024,
830.444,486.171,0.873474,813.002,527.242,0.891105,803.995,530.153,0.855123,857.004,506.65,0.820235,877.557,456.79,0.760488,833.533,524.299,0.820844,874.575,486.154,0.746123,886.368,456.652,0.765504,827.538,639.134,0.815001,810.015,639.168,0.851985,801.086,718.741,0.865038,786.192,792.302,0.903661,836.513,636.263,0.833611,836.363,718.757,0.914764,833.412,806.983,0.914705,815.766,483.343,0.897601,830.521,483.287,0.166637,803.971,503.641,0.875602,0,0,0,859.839,821.695,0.847605,857.072,812.996,0.877031,821.673,812.832,0.885642,801.071,815.823,0.804251,786.415,815.751,0.846805,780.489,803.94,0.773049,
830.444,486.171,0.873472,813.003,527.242,0.891108,803.995,530.153,0.855148,857.003,506.651,0.8203,877.556,456.79,0.760546,833.533,524.299,0.82086,874.575,486.154,0.74613,886.368,456.652,0.765509,827.538,639.134,0.81502,810.015,639.168,0.852014,801.086,718.741,0.865013,786.192,792.302,0.903661,836.513,636.264,0.833636,836.363,718.757,0.914789,833.412,806.983,0.914687,815.765,483.343,0.89761,830.521,483.287,0.166611,803.971,503.64,0.875603,0,0,0,859.838,821.695,0.847527,857.073,812.996,0.877012,821.673,812.832,0.885575,801.071,815.823,0.804307,786.416,815.751,0.846797,780.488,803.939,0.773002,
830.444,486.171,0.873465,813.003,527.242,0.8911,803.994,530.153,0.855246,857.003,506.651,0.820373,877.556,456.791,0.760534,833.534,524.299,0.820977,874.575,486.154,0.746328,883.628,456.676,0.765693,827.536,639.136,0.815091,810.014,639.169,0.852318,801.086,718.742,0.86479,786.192,792.302,0.903792,836.512,636.264,0.834025,836.363,718.757,0.91524,833.412,806.983,0.914841,815.765,483.343,0.897606,830.521,483.287,0.166578,803.971,503.641,0.875596,0,0,0,859.838,821.696,0.847511,857.073,812.996,0.876717,821.672,812.832,0.885686,801.071,815.823,0.804783,786.415,815.751,0.846986,780.488,803.939,0.772974,
830.449,486.193,0.871855,813.001,527.257,0.892567,803.973,530.161,0.854327,856.968,506.707,0.836553,877.507,456.798,0.766353,833.549,524.315,0.823332,871.648,486.243,0.703333,883.525,456.765,0.767857,827.536,639.131,0.815087,810.006,639.164,0.852134,801.086,718.739,0.865478,786.192,792.306,0.90318,836.519,636.261,0.83351,836.369,718.753,0.914486,833.412,806.984,0.916134,815.771,483.362,0.893756,830.546,483.322,0.19201,803.95,503.663,0.873781,0,0,0,859.85,821.693,0.848023,857.08,812.996,0.877591,821.673,812.835,0.88885,801.062,815.814,0.802441,786.409,815.745,0.843668,780.491,803.947,0.773838,
830.437,497.853,0.87177,812.741,533.317,0.945315,786.444,536.215,0.886657,812.922,577.264,0.953556,859.812,550.918,0.950134,836.34,530.445,0.892386,877.582,565.549,0.707688,901.107,530.283,0.660207,815.836,645.147,0.870827,806.83,645.172,0.856192,792.195,721.586,0.89373,783.441,795.224,0.886488,833.575,645.121,0.891981,833.459,721.663,0.877268,833.321,806.973,0.88745,815.848,489.056,0.877052,824.643,486.239,0.16743,795.234,503.69,0.876343,0,0,0,856.922,818.777,0.812439,856.935,812.895,0.877185,818.792,812.866,0.868829,801.082,815.749,0.818614,786.41,815.737,0.832223,780.486,806.919,0.778549,
830.436,497.858,0.872228,812.739,533.316,0.945496,786.44,536.215,0.886763,812.921,577.265,0.953489,859.81,550.925,0.948648,836.34,530.443,0.892722,877.559,565.559,0.707991,901.067,530.302,0.652409,815.839,645.145,0.870707,806.831,645.171,0.856411,792.194,721.588,0.893974,783.439,795.226,0.88652,833.578,645.118,0.891875,833.46,721.662,0.877623,833.324,806.977,0.888391,815.847,489.061,0.876689,824.639,486.242,0.163622,795.237,503.69,0.876527,0,0,0,856.928,818.784,0.810234,856.942,812.898,0.876597,818.794,812.87,0.86872,801.086,815.75,0.818386,786.411,815.739,0.832126,780.482,806.92,0.778311,
830.447,497.857,0.873953,812.739,533.314,0.945505,786.438,536.212,0.886736,812.918,577.266,0.954695,859.812,550.926,0.947012,836.342,530.439,0.893929,877.518,565.58,0.701533,898.207,530.365,0.63984,815.842,645.139,0.870521,806.838,645.164,0.85776,792.193,721.589,0.893435,783.443,795.24,0.885245,833.578,645.113,0.891702,833.462,721.653,0.879034,833.327,806.986,0.89038,815.855,489.058,0.87554,824.653,486.242,0.161658,795.24,503.688,0.876627,0,0,0,856.947,818.794,0.808097,856.958,812.905,0.872391,818.794,812.877,0.87196,801.094,815.755,0.817211,786.419,815.747,0.830472,780.486,806.932,0.777246,
830.47,497.897,0.873073,812.744,536.221,0.916365,789.194,536.227,0.885283,809.749,580.292,0.932747,857.052,574.353,0.899857,836.426,536.179,0.871002,877.54,577.254,0.873558,904.116,553.752,0.836914,815.88,647.902,0.863949,804.056,647.943,0.854946,789.467,721.682,0.883655,783.443,798.12,0.885116,836.308,645.175,0.898977,833.438,721.692,0.870743,833.327,807.003,0.897846,815.866,489.076,0.865251,824.599,486.221,0.122602,798.134,503.671,0.87712,0,0,0,856.951,818.806,0.823411,856.952,812.906,0.880331,818.801,812.881,0.884372,801.111,815.762,0.813096,786.42,815.767,0.828106,780.472,806.988,0.779727,
830.464,497.889,0.871995,812.748,536.223,0.915793,789.182,536.229,0.885399,809.756,580.292,0.932998,857.092,574.366,0.900026,836.446,536.185,0.868486,877.545,577.261,0.870363,904.143,553.739,0.839761,815.88,647.902,0.863156,804.052,647.945,0.853294,789.456,721.681,0.884274,783.441,798.146,0.884727,836.31,645.175,0.899177,833.438,721.689,0.870885,833.325,806.98,0.89513,815.861,489.07,0.867024,824.573,486.205,0.116988,798.135,503.673,0.878598,0,0,0,856.959,818.779,0.829818,856.956,812.888,0.885957,818.801,812.866,0.885223,801.115,815.77,0.812583,786.424,815.78,0.828489,780.47,809.723,0.783026,
830.442,497.867,0.864663,812.745,536.228,0.915919,789.183,536.238,0.88603,809.752,580.302,0.929881,857.066,574.378,0.9005,836.434,536.2,0.867106,877.54,577.283,0.869573,904.079,553.792,0.819066,815.886,647.903,0.861643,804.057,647.945,0.852827,789.456,721.684,0.883841,783.436,798.156,0.884844,836.317,645.176,0.898112,833.453,721.702,0.868232,833.333,806.991,0.899214,815.842,489.053,0.869733,824.547,486.188,0.120717,798.14,503.668,0.877243,0,0,0,856.988,818.777,0.834026,856.975,812.888,0.889744,818.805,812.869,0.887379,801.096,815.775,0.81209,786.411,815.787,0.830051,780.465,809.732,0.786206,
830.395,494.974,0.846273,810.002,536.248,0.916827,789.252,539.126,0.881343,804.029,589.183,0.835789,856.862,583.296,0.827945,833.43,536.152,0.879767,860.036,577.456,0.857456,895.23,577.408,0.718882,815.857,648.047,0.861952,806.824,648.096,0.844842,789.399,724.566,0.889555,783.442,798.156,0.890513,836.259,647.992,0.902775,833.444,721.696,0.871628,833.305,806.949,0.89398,815.799,486.241,0.881717,821.675,486.14,0.1369,801.01,503.639,0.874544,0,0,0,856.985,818.774,0.844207,856.955,812.885,0.892674,818.788,812.831,0.892892,801.105,815.751,0.817417,786.431,815.776,0.835128,780.475,809.733,0.794867,
830.395,494.972,0.846196,810.002,536.248,0.916812,789.253,539.126,0.881396,804.029,589.183,0.835738,856.863,583.297,0.827926,833.429,536.151,0.879709,860.037,577.454,0.857698,895.234,577.409,0.71854,815.857,648.047,0.861967,806.825,648.096,0.844828,789.399,724.566,0.889607,783.442,798.156,0.890509,836.258,647.992,0.90274,833.444,721.696,0.871632,833.304,806.947,0.89382,815.799,486.24,0.881942,821.673,486.137,0.136171,801.01,503.638,0.874456,0,0,0,856.982,818.773,0.844572,856.952,812.885,0.893383,818.788,812.829,0.892789,801.105,815.751,0.817472,786.431,815.776,0.835132,780.476,809.733,0.794776,
830.394,494.974,0.846236,810.001,536.25,0.916804,789.25,539.128,0.88137,804.031,589.174,0.835617,856.863,583.296,0.828208,833.429,536.153,0.879598,860.034,577.454,0.858194,895.229,577.41,0.718746,815.857,648.048,0.861959,806.824,648.097,0.844671,789.399,724.567,0.889566,783.443,798.156,0.890524,836.259,647.993,0.90272,833.444,721.698,0.871486,833.304,806.947,0.893813,815.798,486.241,0.881904,821.673,486.139,0.135878,801.009,503.639,0.874418,0,0,0,856.982,818.773,0.844598,856.953,812.885,0.893485,818.788,812.829,0.892765,801.105,815.751,0.817631,786.431,815.776,0.83528,780.476,809.732,0.794727,
830.394,494.973,0.84622,810.002,536.25,0.91679,789.251,539.128,0.881399,804.031,589.174,0.835593,856.864,583.296,0.828267,833.43,536.153,0.879761,860.035,577.453,0.858044,895.232,577.41,0.718425,815.857,648.048,0.861925,806.824,648.097,0.844666,789.399,724.567,0.889561,783.443,798.156,0.890487,836.259,647.993,0.902714,833.444,721.698,0.871428,833.304,806.947,0.893767,815.799,486.24,0.881912,821.67,486.138,0.13478,801.011,503.639,0.874459,0,0,0,856.983,818.773,0.844833,856.953,812.885,0.893662,818.788,812.828,0.892918,801.106,815.751,0.817711,786.431,815.776,0.835317,780.476,809.732,0.794529,
830.394,494.975,0.846199,810.001,536.25,0.917009,789.248,539.128,0.8817,804.031,589.159,0.835453,856.865,583.296,0.829231,833.431,536.154,0.879815,860.033,577.454,0.858365,895.229,577.411,0.719043,815.857,648.048,0.861936,806.823,648.097,0.844652,789.399,724.568,0.889545,783.443,798.155,0.890537,836.26,647.993,0.902674,833.445,721.699,0.871325,833.304,806.946,0.893796,815.799,486.242,0.881738,821.67,486.142,0.134242,801.01,503.639,0.874579,0,0,0,856.983,818.774,0.844721,856.954,812.885,0.893481,818.788,812.828,0.892954,801.107,815.75,0.817949,786.432,815.776,0.835462,780.476,809.732,0.794431,
830.408,497.842,0.856077,809.996,539.065,0.916884,789.243,539.136,0.881186,804.039,589.143,0.836972,856.878,583.3,0.830624,833.418,536.158,0.879315,860.049,577.426,0.861401,895.265,577.405,0.725539,815.853,648.053,0.862428,804.057,648.105,0.843532,789.396,724.576,0.890033,783.439,798.169,0.88984,836.258,647.998,0.903022,833.444,721.706,0.870196,833.304,806.949,0.894984,815.812,489.036,0.877999,824.539,486.188,0.139271,798.179,503.653,0.873782,0,0,0,856.986,818.777,0.846774,856.957,812.886,0.897105,818.789,812.827,0.894596,801.106,815.764,0.817951,786.429,815.786,0.835607,780.47,809.741,0.795305,
830.413,497.862,0.860331,809.995,539.067,0.916746,789.243,539.136,0.881152,804.036,589.152,0.837563,856.875,583.305,0.82933,833.418,536.162,0.879192,860.062,577.433,0.861774,898.131,577.398,0.730673,815.856,648.058,0.862607,804.056,648.11,0.843597,789.396,724.579,0.890471,783.439,801.005,0.888616,836.263,648.002,0.903649,833.457,724.517,0.866928,833.307,806.95,0.896873,815.817,489.045,0.877434,824.568,486.214,0.148795,798.173,503.651,0.871737,0,0,0,856.976,818.775,0.84847,856.944,812.887,0.897542,818.794,812.821,0.893417,801.092,815.758,0.817016,786.42,815.782,0.832925,780.464,809.745,0.795883,
830.493,497.85,0.863381,812.768,539.085,0.91673,786.433,536.241,0.905419,768.697,594.953,0.891499,783.434,636.227,0.870316,836.425,542.031,0.873547,845.215,594.923,0.500851,854.019,633.272,0.293742,815.722,648.112,0.870353,801.074,648.122,0.842599,789.266,727.439,0.894025,786.177,801.008,0.877448,833.495,648.093,0.887854,833.421,724.495,0.878553,833.26,806.936,0.886988,815.88,486.249,0.865655,830.383,486.192,0.330689,801.083,500.851,0.870036,0,0,0,856.951,818.785,0.843233,856.943,812.881,0.899406,818.713,812.824,0.881127,801.074,815.758,0.79626,786.39,815.785,0.813618,783.315,809.724,0.783844,
830.529,495,0.864421,812.76,539.081,0.916492,786.428,536.239,0.906829,768.696,594.953,0.892021,783.43,636.21,0.869888,836.414,542.033,0.874371,845.221,594.929,0.500824,854.021,633.287,0.292831,815.723,648.111,0.870542,801.074,648.12,0.842836,789.266,727.439,0.894047,786.173,801.027,0.878298,833.495,648.092,0.887996,833.42,721.714,0.879569,833.264,806.95,0.889278,818.675,486.207,0.867771,830.394,486.18,0.279351,801.11,500.835,0.871353,0,0,0,856.957,818.786,0.842835,856.943,812.885,0.898157,818.722,812.836,0.883259,801.055,815.775,0.795295,786.379,815.801,0.81371,783.313,809.736,0.786118,
830.523,492.068,0.865944,812.743,539.076,0.921793,786.43,536.167,0.920032,765.866,594.934,0.917444,771.58,642.188,0.903098,836.403,542.104,0.882723,842.337,595.062,0.641019,851.1,636.273,0.369817,812.831,648.087,0.892486,795.132,648.095,0.847753,789.214,727.528,0.889929,786.167,801.04,0.87689,833.362,648.093,0.888627,833.412,721.688,0.87708,833.272,806.966,0.892247,815.888,486.129,0.888053,827.578,486.095,0.302563,803.943,500.792,0.864426,0,0,0,856.978,818.785,0.850356,856.951,812.885,0.897845,818.724,812.848,0.881977,798.162,815.781,0.783103,786.339,815.809,0.802612,783.32,809.731,0.782331,
830.536,489.149,0.870307,812.749,536.236,0.925484,786.44,536.135,0.92582,765.864,594.922,0.915983,768.813,642.18,0.902524,836.405,542.074,0.883049,842.327,595.04,0.626429,851.121,636.224,0.363345,812.844,648.081,0.89227,795.148,648.089,0.847813,789.203,727.533,0.892751,783.45,801.057,0.877005,833.372,648.084,0.889238,833.408,721.706,0.876519,833.278,806.977,0.895853,815.893,483.356,0.897352,827.528,483.339,0.250968,803.971,500.753,0.860687,0,0,0,856.969,818.785,0.849916,856.942,812.886,0.896747,818.734,812.853,0.8835,798.126,815.797,0.791727,786.309,815.823,0.806884,783.308,809.74,0.787526,
833.299,489.073,0.892085,812.739,536.218,0.926148,786.431,536.12,0.927046,765.862,592.139,0.913917,768.809,642.166,0.901334,836.393,542.063,0.880119,842.341,595.02,0.619395,853.941,636.199,0.355476,812.839,648.071,0.890377,795.148,648.081,0.84534,789.207,727.54,0.892534,783.456,801.055,0.876615,833.364,648.074,0.885937,833.401,721.689,0.877701,833.272,806.956,0.890432,818.715,483.309,0.898604,827.581,483.281,0.188543,804.028,497.96,0.862434,0,0,0,856.955,818.792,0.853878,856.938,812.888,0.902625,818.726,812.843,0.877883,798.129,815.799,0.790602,786.31,815.825,0.806186,783.314,809.741,0.785789,
833.36,486.256,0.908414,812.709,539.082,0.9215,786.35,533.354,0.919055,762.836,597.83,0.93795,754.022,645.193,0.90355,836.442,544.942,0.88719,839.276,597.859,0.631464,848.139,642.036,0.357308,810.031,648.1,0.895884,789.397,648.137,0.866636,786.449,730.379,0.901448,783.445,801.096,0.879077,833.289,648.11,0.869386,833.408,721.668,0.890708,833.261,806.898,0.885246,818.796,483.265,0.891383,830.375,483.264,0.154447,806.848,497.911,0.86141,0,0,0,856.943,821.659,0.849935,856.969,812.909,0.904045,818.709,812.812,0.877294,795.241,815.791,0.805486,786.254,815.822,0.807525,783.339,809.772,0.801097,
833.361,486.258,0.908093,812.708,539.082,0.921548,786.35,533.354,0.919177,762.836,597.83,0.93779,754.02,645.194,0.903477,836.441,544.941,0.887322,839.274,597.858,0.634619,848.134,642.039,0.359729,810.031,648.099,0.89627,789.396,648.135,0.867018,786.449,730.377,0.901462,783.445,801.093,0.879068,833.289,648.108,0.870016,833.408,721.662,0.891532,833.261,806.898,0.884936,818.799,483.266,0.890759,830.376,483.265,0.15302,806.85,497.91,0.861377,0,0,0,856.942,821.661,0.849238,856.969,812.911,0.903323,818.709,812.812,0.877591,795.247,815.786,0.805169,786.259,815.819,0.807818,783.337,809.77,0.800713,
833.361,486.258,0.907812,812.708,539.082,0.921547,786.35,533.354,0.919011,762.836,597.831,0.938012,754.02,645.195,0.903308,836.441,544.941,0.887273,839.273,597.858,0.634467,848.135,642.04,0.360038,810.031,648.098,0.896312,789.397,648.134,0.866994,786.45,730.375,0.901358,783.444,801.089,0.878951,833.288,648.108,0.870205,833.408,721.661,0.891596,833.261,806.897,0.884895,818.799,483.266,0.89068,830.373,483.265,0.1517,806.85,497.911,0.861484,0,0,0,856.942,821.661,0.848852,856.967,812.911,0.902847,818.708,812.81,0.877997,795.253,815.782,0.805682,786.264,815.816,0.808937,783.335,809.767,0.800043,
833.361,486.259,0.907768,812.708,539.082,0.92158,786.35,533.355,0.919036,762.836,597.832,0.938323,754.019,645.198,0.903129,836.439,544.941,0.887493,839.271,597.858,0.638672,848.137,642.043,0.363743,810.03,648.098,0.896562,789.396,648.134,0.86729,786.45,730.375,0.90142,783.445,801.088,0.878983,833.288,648.107,0.870499,833.408,721.657,0.892217,833.26,806.896,0.88451,818.799,483.266,0.890574,830.372,483.264,0.15143,806.851,497.911,0.861378,0,0,0,856.941,821.662,0.848636,856.968,812.912,0.902662,818.708,812.809,0.877814,795.256,815.779,0.805135,786.267,815.815,0.808743,783.334,809.767,0.799848,
833.36,486.259,0.907548,812.708,539.082,0.921672,786.351,533.355,0.919259,762.836,597.831,0.938382,754.018,645.198,0.903222,836.438,544.942,0.887871,836.551,597.859,0.639219,848.135,642.043,0.363749,810.031,648.097,0.896549,789.397,648.133,0.867386,786.45,730.374,0.901322,783.445,801.086,0.878824,833.288,648.107,0.870818,833.408,721.656,0.892337,833.26,806.896,0.884468,818.799,483.267,0.890213,830.369,483.263,0.150359,806.852,497.912,0.861518,0,0,0,856.94,821.661,0.848197,856.966,812.911,0.902285,818.71,812.809,0.877535,798.075,815.782,0.805963,786.269,815.811,0.809489,783.333,809.765,0.799002,
833.37,489.051,0.90561,812.704,536.249,0.922968,786.349,533.339,0.922584,762.846,597.825,0.939248,756.844,645.185,0.901257,836.429,542.11,0.887279,839.283,595.094,0.55799,851.054,639.135,0.294335,812.72,648.089,0.894889,789.441,648.13,0.861197,786.451,727.543,0.900904,783.452,803.932,0.880649,833.315,648.098,0.871394,833.398,721.632,0.892418,833.264,806.919,0.887353,821.628,483.282,0.886931,830.416,483.291,0.147391,806.857,497.906,0.864468,0,0,0,856.942,821.67,0.853424,856.962,812.917,0.906205,818.72,812.828,0.879568,795.218,815.822,0.809451,786.236,815.844,0.808086,783.346,809.789,0.805514,
833.395,489.076,0.903754,810.017,536.244,0.925859,786.31,536.128,0.91394,762.764,595.022,0.921834,742.084,642.161,0.917166,836.35,542.051,0.900934,836.523,595.034,0.564719,854.078,633.262,0.335167,812.766,648.059,0.897435,792.205,648.102,0.850951,786.425,727.521,0.896043,783.454,801.076,0.875216,833.361,648.049,0.881169,833.373,721.67,0.877474,833.28,806.893,0.882672,821.682,483.296,0.879912,830.449,483.29,0.110421,806.883,497.904,0.870692,0,0,0,856.91,821.652,0.856146,856.96,812.899,0.916052,818.766,812.827,0.866748,792.332,815.816,0.820393,783.381,815.819,0.805193,783.382,809.766,0.795543,
833.405,489.088,0.904556,810.003,536.246,0.92454,786.302,536.125,0.91225,762.766,595.029,0.925922,742.093,642.166,0.921794,836.331,542.053,0.902269,836.518,595.052,0.557824,854.03,633.275,0.326821,812.742,648.064,0.900107,789.456,648.112,0.855172,786.428,727.517,0.896997,783.441,801.097,0.876217,833.347,648.055,0.881559,833.366,721.682,0.877206,833.281,806.927,0.888042,821.7,483.302,0.878695,830.47,483.286,0.102167,806.889,497.905,0.872847,0,0,0,856.93,821.659,0.859123,856.971,812.902,0.916849,818.768,812.856,0.872251,792.306,815.853,0.824661,783.358,815.847,0.806101,783.373,809.781,0.798422,
833.404,489.1,0.9029,810.006,536.238,0.923549,786.306,533.35,0.912935,762.745,595.076,0.937027,739.332,644.952,0.925184,836.347,542.055,0.897827,839.271,595.084,0.526816,853.972,636.26,0.296998,812.755,648.023,0.908023,789.461,648.075,0.861736,786.407,724.606,0.903983,783.437,801.1,0.875337,833.358,648.007,0.891617,833.343,721.552,0.894051,833.277,806.927,0.886189,821.702,483.307,0.878329,830.485,483.298,0.103458,806.887,497.906,0.874297,0,0,0,856.935,821.675,0.859396,856.982,812.906,0.916358,818.763,812.86,0.871342,792.297,815.865,0.831685,783.333,815.86,0.81143,783.38,809.788,0.797961,
833.394,489.106,0.900349,810.001,536.245,0.923246,786.299,533.35,0.912631,762.749,595.069,0.934874,739.329,644.96,0.927168,836.339,542.064,0.900508,836.529,597.826,0.563566,853.967,639.125,0.327612,812.747,648.022,0.909641,789.459,648.07,0.861808,786.4,724.62,0.90128,783.434,801.102,0.875753,833.344,648.009,0.890244,833.331,721.577,0.890638,833.278,806.93,0.884598,821.69,483.309,0.878876,830.473,483.315,0.12352,806.859,497.903,0.869315,0,0,0,856.927,821.671,0.855257,856.982,812.904,0.915,818.764,812.868,0.867901,792.279,815.88,0.834332,783.314,815.872,0.812433,783.379,809.791,0.802974,
833.395,489.111,0.899999,810,536.247,0.922932,786.297,533.346,0.912665,762.75,595.078,0.937748,739.333,644.955,0.926849,836.338,542.071,0.901057,836.531,597.836,0.580943,853.957,636.288,0.330735,812.737,648.028,0.90881,789.444,648.073,0.86305,786.395,727.437,0.90095,783.437,803.931,0.875639,833.339,648.02,0.889886,833.332,721.579,0.893622,833.275,806.928,0.884053,821.691,483.313,0.878143,830.473,483.319,0.123001,806.859,497.908,0.869862,0,0,0,856.925,821.664,0.852936,856.989,812.898,0.91416,818.763,812.871,0.867464,792.263,815.889,0.83627,780.512,815.876,0.810238,783.382,809.805,0.806381,
833.396,489.122,0.898917,810.001,536.243,0.922788,786.306,533.34,0.914089,762.749,595.079,0.937503,739.343,644.966,0.929518,836.331,542.081,0.900383,836.524,597.849,0.563236,853.946,639.139,0.314433,812.731,648.044,0.907121,789.433,648.087,0.863674,786.382,727.456,0.899974,783.428,803.96,0.877992,833.339,648.041,0.887311,833.335,721.599,0.890852,833.276,806.936,0.885397,821.703,483.318,0.87794,830.48,483.338,0.116999,806.876,497.898,0.871161,0,0,0,856.935,821.653,0.853834,856.992,812.892,0.915265,818.766,812.876,0.870491,792.248,818.691,0.836811,780.488,815.903,0.808497,783.378,809.828,0.815618,
833.41,491.986,0.891967,809.999,539.088,0.921443,786.302,533.354,0.908127,762.839,597.82,0.952377,742.35,642.126,0.892164,836.356,544.944,0.902112,839.35,597.958,0.869574,856.938,642.067,0.776354,809.992,648.024,0.915061,789.302,648.037,0.895348,786.336,727.487,0.899649,783.393,803.962,0.871967,833.288,648.034,0.8895,833.301,721.625,0.88374,833.276,806.972,0.896832,824.575,483.353,0.872088,830.515,483.351,0.100929,806.877,497.925,0.876454,0,0,0,857.008,821.702,0.846857,857.006,812.917,0.89392,818.771,812.883,0.884777,792.253,818.719,0.842553,780.512,818.704,0.81527,783.318,809.822,0.811512,
833.41,491.986,0.89192,809.999,539.088,0.921519,786.302,533.355,0.908262,762.84,597.819,0.951666,742.35,642.126,0.892049,836.356,544.944,0.902373,839.35,597.958,0.869481,856.938,642.068,0.776632,809.992,648.025,0.915213,789.303,648.037,0.895387,786.335,727.487,0.899508,783.393,803.962,0.872062,833.288,648.034,0.889747,833.301,721.625,0.883371,833.275,806.973,0.896737,824.575,483.353,0.872155,830.514,483.351,0.101017,806.876,497.925,0.876245,0,0,0,857.008,821.7,0.847253,857.005,812.916,0.894167,818.77,812.883,0.884391,792.252,818.718,0.84233,780.511,818.703,0.815017,783.318,809.822,0.811493,
833.41,491.986,0.891943,809.998,539.088,0.921453,786.302,533.354,0.908201,762.84,597.82,0.952077,742.35,642.126,0.892243,836.355,544.943,0.902237,839.349,597.958,0.869833,856.938,642.07,0.776991,809.992,648.025,0.915124,789.302,648.038,0.89533,786.336,727.486,0.899594,783.393,803.962,0.871965,833.287,648.035,0.889554,833.301,721.625,0.883685,833.275,806.972,0.896683,824.575,483.353,0.872125,830.516,483.351,0.101155,806.876,497.925,0.876369,0,0,0,857.008,821.701,0.84703,857.006,812.916,0.894197,818.771,812.883,0.884345,792.252,818.718,0.84244,780.511,818.703,0.815124,783.318,809.822,0.81151,
833.41,491.986,0.891958,809.998,539.088,0.921422,786.302,533.354,0.908141,762.839,597.82,0.952395,742.35,642.126,0.892244,836.355,544.943,0.902139,839.349,597.958,0.869878,856.939,642.07,0.776838,809.992,648.024,0.915064,789.302,648.038,0.895336,786.335,727.486,0.899645,783.393,803.962,0.871934,833.288,648.035,0.889454,833.301,721.625,0.883809,833.275,806.972,0.89667,824.575,483.353,0.872073,830.516,483.351,0.101126,806.876,497.925,0.876453,0,0,0,857.007,821.701,0.846916,857.006,812.916,0.894232,818.771,812.882,0.884333,792.252,818.718,0.842493,780.511,818.703,0.815185,783.318,809.822,0.811537,
833.41,491.986,0.891955,809.999,539.088,0.921488,786.302,533.355,0.908256,762.84,597.82,0.952113,742.348,642.126,0.892178,836.355,544.944,0.902292,839.349,597.958,0.869794,856.939,642.069,0.776843,809.991,648.025,0.915228,789.302,648.038,0.895371,786.335,727.487,0.899565,783.393,803.962,0.872017,833.288,648.035,0.889659,833.301,721.625,0.883392,833.276,806.973,0.896776,824.575,483.353,0.872133,830.515,483.351,0.101163,806.876,497.925,0.876314,0,0,0,857.008,821.701,0.847221,857.006,812.916,0.894335,818.771,812.883,0.884425,792.252,818.718,0.84237,780.511,818.703,0.815071,783.318,809.823,0.811503,
833.392,492.012,0.888222,809.994,539.111,0.919778,786.292,536.125,0.905929,762.834,597.819,0.948455,742.348,642.133,0.890967,836.361,544.959,0.902835,839.346,597.97,0.869566,856.918,642.087,0.778719,809.942,648.012,0.912333,789.249,648.016,0.898284,786.33,727.494,0.898759,783.393,803.989,0.872671,830.546,648.034,0.88048,833.284,721.644,0.879372,833.281,806.989,0.89998,821.725,483.364,0.869723,830.509,486.074,0.1396,806.843,497.934,0.872657,0,0,0,857,821.701,0.845246,857.006,812.916,0.893847,818.779,812.893,0.882631,792.253,818.733,0.839408,783.297,818.724,0.81377,783.319,809.84,0.816122,
833.37,494.95,0.8783,809.995,542.029,0.91766,786.298,536.208,0.896076,765.708,598.001,0.989455,759.782,645.18,0.937948,836.346,547.834,0.91317,848.154,598.055,0.906091,860.02,644.953,0.89795,810,648.127,0.892018,789.321,648.145,0.888511,786.323,730.418,0.89802,783.366,804.044,0.872511,833.317,648.122,0.881298,830.524,727.516,0.829875,833.294,809.751,0.915586,821.717,486.127,0.860438,833.254,486.157,0.14918,804.044,497.92,0.870614,0,0,0,857.038,821.686,0.839506,856.995,812.917,0.884297,821.622,812.912,0.880891,792.292,818.765,0.826829,783.34,818.772,0.810914,780.501,809.862,0.823664,
833.36,494.971,0.87806,809.994,542.029,0.917592,786.3,536.206,0.896864,765.708,598.003,0.989691,759.784,645.182,0.937722,836.342,547.835,0.913977,848.146,598.058,0.905414,860.017,644.957,0.897734,809.993,648.131,0.890957,789.312,648.149,0.888616,786.32,730.428,0.89836,783.365,804.048,0.872543,833.313,648.129,0.879176,830.523,727.524,0.829885,833.296,809.751,0.916491,821.706,486.145,0.858855,833.254,486.179,0.166622,804.032,497.933,0.871284,0,0,0,857.036,821.68,0.836981,856.992,812.915,0.883,821.628,812.913,0.882394,792.291,818.773,0.82834,783.34,818.778,0.811626,780.501,809.864,0.825039,
833.341,494.968,0.873799,809.991,542.021,0.917288,786.305,536.206,0.897977,765.709,598.01,0.993296,759.789,645.188,0.938905,836.332,547.824,0.912582,848.146,598.047,0.904761,860.016,644.949,0.896648,809.997,648.123,0.892115,789.318,648.142,0.889832,786.319,730.428,0.899283,783.363,804.038,0.871374,833.316,648.119,0.881075,830.524,727.514,0.831851,833.298,809.747,0.915806,821.671,486.145,0.858049,830.539,486.17,0.177121,804.018,497.934,0.870995,0,0,0,857.033,821.678,0.835203,856.991,812.914,0.8822,821.637,812.909,0.88265,792.294,818.771,0.831901,783.347,818.773,0.814818,780.502,809.853,0.824205,
833.34,494.972,0.873997,809.977,542.012,0.917493,786.302,536.2,0.899677,765.715,598.017,0.990265,759.807,645.182,0.942514,836.298,545.043,0.913245,848.156,598.027,0.905096,860.024,644.937,0.897293,809.981,648.077,0.900672,789.299,648.098,0.897869,786.325,730.409,0.89734,783.366,804.029,0.870876,833.308,648.066,0.888793,830.52,727.506,0.828373,833.305,809.749,0.916761,821.677,486.147,0.858904,830.543,486.177,0.181351,804.017,497.923,0.869726,0,0,0,857.017,821.682,0.840494,856.987,812.918,0.884286,821.636,812.915,0.880161,792.294,818.766,0.8314,783.342,818.766,0.813624,780.5,809.845,0.820694,
830.512,497.873,0.874734,809.968,542.066,0.917648,786.357,539.07,0.894324,777.508,597.994,0.902791,783.362,647.976,0.908121,833.539,547.884,0.920753,853.937,600.801,0.92295,868.801,644.989,0.871175,812.751,650.918,0.898542,792.292,650.945,0.85114,786.385,730.476,0.892734,783.353,804.051,0.858041,833.29,648.15,0.882508,830.373,727.533,0.806278,833.276,809.818,0.917626,818.67,489.029,0.867681,830.459,486.175,0.366289,801.039,500.813,0.871783,0,0,0,857.033,821.706,0.826273,856.95,812.97,0.850973,821.665,812.974,0.865732,792.275,821.631,0.78132,783.371,821.625,0.775406,780.465,809.864,0.803923,
830.508,497.86,0.87279,809.971,542.067,0.917743,786.361,539.07,0.89464,777.504,597.992,0.903694,783.356,647.967,0.909407,833.541,547.887,0.921217,853.936,600.798,0.922528,868.802,644.982,0.869616,812.753,650.907,0.899227,792.294,650.934,0.851353,786.388,730.472,0.891403,783.354,804.048,0.856793,833.29,648.14,0.883972,830.369,727.524,0.806456,833.275,809.82,0.916908,815.901,489.028,0.869445,830.45,486.163,0.365076,801.038,500.813,0.872023,0,0,0,857.042,821.709,0.825174,856.954,812.975,0.848862,821.666,812.98,0.863376,792.277,821.637,0.777812,783.38,821.629,0.774572,780.464,809.862,0.802897,
